category,package,group,status,body_texture_id,body_png,body_width,body_height,overlay_family_count,overlay_texture_count,preview,composition,notes
outgame_navigator,0x00806795,g00,mapped,0x00806795/g00/00000,packages\0x00806795\png\g00_00000_872x960_bc7.png,872,960,2,21,previews\outgame_navigator\0x00806795_g00.png,projects\outgame_navigator\0x00806795\g00\composition.json,
outgame_navigator,0x00806795,g01,mapped,0x00806795/g01/00000,packages\0x00806795\png\g01_00000_872x960_bc7.png,872,960,2,21,previews\outgame_navigator\0x00806795_g01.png,projects\outgame_navigator\0x00806795\g01\composition.json,
outgame_navigator,0x00806795,g02,mapped,0x00806795/g02/00000,packages\0x00806795\png\g02_00000_872x960_bc7.png,872,960,2,12,previews\outgame_navigator\0x00806795_g02.png,projects\outgame_navigator\0x00806795\g02\composition.json,
outgame_navigator,0x00806795,g03,mapped,0x00806795/g03/00000,packages\0x00806795\png\g03_00000_872x960_bc7.png,872,960,2,12,previews\outgame_navigator\0x00806795_g03.png,projects\outgame_navigator\0x00806795\g03\composition.json,
outgame_navigator,0x00806795,g04,mapped,0x00806795/g04/00000,packages\0x00806795\png\g04_00000_872x960_bc7.png,872,960,2,6,previews\outgame_navigator\0x00806795_g04.png,projects\outgame_navigator\0x00806795\g04\composition.json,
ingame_navigator,0x00C36166,g00,mapped,0x00C36166/g00/00000,packages\0x00C36166\png\g00_00000_260x180_bc7.png,260,180,2,24,previews\ingame_navigator\0x00C36166_g00.png,projects\ingame_navigator\0x00C36166\g00\composition.json,
outgame_navigator,0x022924F0,g00,mapped,0x022924F0/g00/00000,packages\0x022924F0\png\g00_00000_872x960_bc7.png,872,960,2,36,previews\outgame_navigator\0x022924F0_g00.png,projects\outgame_navigator\0x022924F0\g00\composition.json,
outgame_navigator,0x022924F0,g01,mapped,0x022924F0/g01/00000,packages\0x022924F0\png\g01_00000_872x960_bc7.png,872,960,2,36,previews\outgame_navigator\0x022924F0_g01.png,projects\outgame_navigator\0x022924F0\g01\composition.json,
outgame_navigator,0x022924F0,g02,mapped,0x022924F0/g02/00000,packages\0x022924F0\png\g02_00000_872x960_bc7.png,872,960,2,17,previews\outgame_navigator\0x022924F0_g02.png,projects\outgame_navigator\0x022924F0\g02\composition.json,
outgame_navigator,0x022924F0,g03,mapped,0x022924F0/g03/00000,packages\0x022924F0\png\g03_00000_872x960_bc7.png,872,960,2,17,previews\outgame_navigator\0x022924F0_g03.png,projects\outgame_navigator\0x022924F0\g03\composition.json,
outgame_navigator,0x022924F0,g04,mapped,0x022924F0/g04/00000,packages\0x022924F0\png\g04_00000_872x960_bc7.png,872,960,2,17,previews\outgame_navigator\0x022924F0_g04.png,projects\outgame_navigator\0x022924F0\g04\composition.json,
outgame_navigator,0x022924F0,g05,mapped,0x022924F0/g05/00000,packages\0x022924F0\png\g05_00000_872x960_bc7.png,872,960,2,17,previews\outgame_navigator\0x022924F0_g05.png,projects\outgame_navigator\0x022924F0\g05\composition.json,
outgame_navigator,0x022924F0,g06,mapped,0x022924F0/g06/00000,packages\0x022924F0\png\g06_00000_872x960_bc7.png,872,960,2,35,previews\outgame_navigator\0x022924F0_g06.png,projects\outgame_navigator\0x022924F0\g06\composition.json,
outgame_navigator,0x022924F0,g07,mapped,0x022924F0/g07/00000,packages\0x022924F0\png\g07_00000_872x960_bc7.png,872,960,2,35,previews\outgame_navigator\0x022924F0_g07.png,projects\outgame_navigator\0x022924F0\g07\composition.json,
outgame_navigator,0x022924F0,g08,mapped,0x022924F0/g08/00000,packages\0x022924F0\png\g08_00000_872x960_bc7.png,872,960,2,13,previews\outgame_navigator\0x022924F0_g08.png,projects\outgame_navigator\0x022924F0\g08\composition.json,
outgame_navigator,0x022924F0,g09,mapped,0x022924F0/g09/00000,packages\0x022924F0\png\g09_00000_872x960_bc7.png,872,960,2,4,previews\outgame_navigator\0x022924F0_g09.png,projects\outgame_navigator\0x022924F0\g09\composition.json,
outgame_navigator,0x022924F0,g10,mapped,0x022924F0/g10/00000,packages\0x022924F0\png\g10_00000_872x960_bc7.png,872,960,2,10,previews\outgame_navigator\0x022924F0_g10.png,projects\outgame_navigator\0x022924F0\g10\composition.json,
combat_portrait,0x03089C4A,g00,mapped,0x03089C4A/g00/00001,packages\0x03089C4A\png\g00_00001_572x572_bc7.png,572,572,1,2,previews\combat_portrait\0x03089C4A_g00.png,projects\combat_portrait\0x03089C4A\g00\composition.json,
combat_portrait,0x030D9546,g00,mapped,0x030D9546/g00/00001,packages\0x030D9546\png\g00_00001_572x572_bc7.png,572,572,1,2,previews\combat_portrait\0x030D9546_g00.png,projects\combat_portrait\0x030D9546\g00\composition.json,
combat_portrait,0x0310AD16,g00,mapped,0x0310AD16/g00/00001,packages\0x0310AD16\png\g00_00001_572x572_bc7.png,572,572,1,2,previews\combat_portrait\0x0310AD16_g00.png,projects\combat_portrait\0x0310AD16\g00\composition.json,
combat_portrait,0x031E4B34,g00,mapped,0x031E4B34/g00/00001,packages\0x031E4B34\png\g00_00001_572x572_bc7.png,572,572,1,2,previews\combat_portrait\0x031E4B34_g00.png,projects\combat_portrait\0x031E4B34\g00\composition.json,
combat_portrait,0x03212786,g00,mapped,0x03212786/g00/00001,packages\0x03212786\png\g00_00001_572x572_bc7.png,572,572,1,2,previews\combat_portrait\0x03212786_g00.png,projects\combat_portrait\0x03212786\g00\composition.json,
outgame_navigator,0x036A9459,g00,mapped,0x036A9459/g00/00000,packages\0x036A9459\png\g00_00000_872x960_bc7.png,872,960,2,22,previews\outgame_navigator\0x036A9459_g00.png,projects\outgame_navigator\0x036A9459\g00\composition.json,
outgame_navigator,0x036A9459,g01,mapped,0x036A9459/g01/00000,packages\0x036A9459\png\g01_00000_872x960_bc7.png,872,960,2,22,previews\outgame_navigator\0x036A9459_g01.png,projects\outgame_navigator\0x036A9459\g01\composition.json,
outgame_navigator,0x036A9459,g02,mapped,0x036A9459/g02/00000,packages\0x036A9459\png\g02_00000_872x960_bc7.png,872,960,2,22,previews\outgame_navigator\0x036A9459_g02.png,projects\outgame_navigator\0x036A9459\g02\composition.json,
outgame_navigator,0x036A9459,g03,mapped,0x036A9459/g03/00000,packages\0x036A9459\png\g03_00000_872x960_bc7.png,872,960,2,20,previews\outgame_navigator\0x036A9459_g03.png,projects\outgame_navigator\0x036A9459\g03\composition.json,
outgame_navigator,0x036A9459,g04,mapped,0x036A9459/g04/00000,packages\0x036A9459\png\g04_00000_872x960_bc7.png,872,960,2,20,previews\outgame_navigator\0x036A9459_g04.png,projects\outgame_navigator\0x036A9459\g04\composition.json,
outgame_navigator,0x036A9459,g05,mapped,0x036A9459/g05/00000,packages\0x036A9459\png\g05_00000_872x960_bc7.png,872,960,2,20,previews\outgame_navigator\0x036A9459_g05.png,projects\outgame_navigator\0x036A9459\g05\composition.json,
outgame_navigator,0x036A9459,g06,mapped,0x036A9459/g06/00000,packages\0x036A9459\png\g06_00000_872x960_bc7.png,872,960,2,6,previews\outgame_navigator\0x036A9459_g06.png,projects\outgame_navigator\0x036A9459\g06\composition.json,
outgame_navigator,0x036A9459,g07,mapped,0x036A9459/g07/00000,packages\0x036A9459\png\g07_00000_872x960_bc7.png,872,960,2,6,previews\outgame_navigator\0x036A9459_g07.png,projects\outgame_navigator\0x036A9459\g07\composition.json,
outgame_navigator,0x036A9459,g08,mapped,0x036A9459/g08/00000,packages\0x036A9459\png\g08_00000_872x960_bc7.png,872,960,2,6,previews\outgame_navigator\0x036A9459_g08.png,projects\outgame_navigator\0x036A9459\g08\composition.json,
ingame_navigator,0x03CBDC9E,g00,mapped,0x03CBDC9E/g00/00000,packages\0x03CBDC9E\png\g00_00000_260x180_bc7.png,260,180,2,10,previews\ingame_navigator\0x03CBDC9E_g00.png,projects\ingame_navigator\0x03CBDC9E\g00\composition.json,
outgame_navigator,0x0544E0E9,g00,mapped,0x0544E0E9/g00/00000,packages\0x0544E0E9\png\g00_00000_872x960_bc7.png,872,960,2,36,previews\outgame_navigator\0x0544E0E9_g00.png,projects\outgame_navigator\0x0544E0E9\g00\composition.json,
outgame_navigator,0x0544E0E9,g01,mapped,0x0544E0E9/g01/00000,packages\0x0544E0E9\png\g01_00000_872x960_bc7.png,872,960,2,36,previews\outgame_navigator\0x0544E0E9_g01.png,projects\outgame_navigator\0x0544E0E9\g01\composition.json,
outgame_navigator,0x0544E0E9,g02,mapped,0x0544E0E9/g02/00000,packages\0x0544E0E9\png\g02_00000_872x960_bc7.png,872,960,2,17,previews\outgame_navigator\0x0544E0E9_g02.png,projects\outgame_navigator\0x0544E0E9\g02\composition.json,
outgame_navigator,0x0544E0E9,g03,mapped,0x0544E0E9/g03/00000,packages\0x0544E0E9\png\g03_00000_872x960_bc7.png,872,960,2,17,previews\outgame_navigator\0x0544E0E9_g03.png,projects\outgame_navigator\0x0544E0E9\g03\composition.json,
outgame_navigator,0x0544E0E9,g04,mapped,0x0544E0E9/g04/00000,packages\0x0544E0E9\png\g04_00000_872x960_bc7.png,872,960,2,17,previews\outgame_navigator\0x0544E0E9_g04.png,projects\outgame_navigator\0x0544E0E9\g04\composition.json,
outgame_navigator,0x0544E0E9,g05,mapped,0x0544E0E9/g05/00000,packages\0x0544E0E9\png\g05_00000_872x960_bc7.png,872,960,2,17,previews\outgame_navigator\0x0544E0E9_g05.png,projects\outgame_navigator\0x0544E0E9\g05\composition.json,
outgame_navigator,0x0544E0E9,g06,mapped,0x0544E0E9/g06/00000,packages\0x0544E0E9\png\g06_00000_872x960_bc7.png,872,960,2,35,previews\outgame_navigator\0x0544E0E9_g06.png,projects\outgame_navigator\0x0544E0E9\g06\composition.json,
outgame_navigator,0x0544E0E9,g07,mapped,0x0544E0E9/g07/00000,packages\0x0544E0E9\png\g07_00000_872x960_bc7.png,872,960,2,35,previews\outgame_navigator\0x0544E0E9_g07.png,projects\outgame_navigator\0x0544E0E9\g07\composition.json,
outgame_navigator,0x0544E0E9,g08,mapped,0x0544E0E9/g08/00000,packages\0x0544E0E9\png\g08_00000_872x960_bc7.png,872,960,2,13,previews\outgame_navigator\0x0544E0E9_g08.png,projects\outgame_navigator\0x0544E0E9\g08\composition.json,
outgame_navigator,0x0544E0E9,g09,mapped,0x0544E0E9/g09/00000,packages\0x0544E0E9\png\g09_00000_872x960_bc7.png,872,960,2,4,previews\outgame_navigator\0x0544E0E9_g09.png,projects\outgame_navigator\0x0544E0E9\g09\composition.json,
outgame_navigator,0x0544E0E9,g10,mapped,0x0544E0E9/g10/00000,packages\0x0544E0E9\png\g10_00000_872x960_bc7.png,872,960,2,10,previews\outgame_navigator\0x0544E0E9_g10.png,projects\outgame_navigator\0x0544E0E9\g10\composition.json,
combat_portrait,0x05657785,g00,mapped,0x05657785/g00/00001,packages\0x05657785\png\g00_00001_572x572_bc7.png,572,572,1,2,previews\combat_portrait\0x05657785_g00.png,projects\combat_portrait\0x05657785\g00\composition.json,
outgame_navigator,0x0593882D,g00,mapped,0x0593882D/g00/00000,packages\0x0593882D\png\g00_00000_872x960_bc7.png,872,960,2,24,previews\outgame_navigator\0x0593882D_g00.png,projects\outgame_navigator\0x0593882D\g00\composition.json,
outgame_navigator,0x0593882D,g01,mapped,0x0593882D/g01/00000,packages\0x0593882D\png\g01_00000_872x960_bc7.png,872,960,2,24,previews\outgame_navigator\0x0593882D_g01.png,projects\outgame_navigator\0x0593882D\g01\composition.json,
outgame_navigator,0x0593882D,g02,mapped,0x0593882D/g02/00000,packages\0x0593882D\png\g02_00000_872x960_bc7.png,872,960,2,24,previews\outgame_navigator\0x0593882D_g02.png,projects\outgame_navigator\0x0593882D\g02\composition.json,
outgame_navigator,0x0593882D,g03,mapped,0x0593882D/g03/00000,packages\0x0593882D\png\g03_00000_872x960_bc7.png,872,960,2,24,previews\outgame_navigator\0x0593882D_g03.png,projects\outgame_navigator\0x0593882D\g03\composition.json,
outgame_navigator,0x0593882D,g04,mapped,0x0593882D/g04/00000,packages\0x0593882D\png\g04_00000_872x960_bc7.png,872,960,2,24,previews\outgame_navigator\0x0593882D_g04.png,projects\outgame_navigator\0x0593882D\g04\composition.json,
outgame_navigator,0x0593882D,g05,mapped,0x0593882D/g05/00000,packages\0x0593882D\png\g05_00000_872x960_bc7.png,872,960,2,21,previews\outgame_navigator\0x0593882D_g05.png,projects\outgame_navigator\0x0593882D\g05\composition.json,
outgame_navigator,0x0593882D,g06,mapped,0x0593882D/g06/00000,packages\0x0593882D\png\g06_00000_872x960_bc7.png,872,960,2,21,previews\outgame_navigator\0x0593882D_g06.png,projects\outgame_navigator\0x0593882D\g06\composition.json,
outgame_navigator,0x0593882D,g07,mapped,0x0593882D/g07/00000,packages\0x0593882D\png\g07_00000_872x960_bc7.png,872,960,2,7,previews\outgame_navigator\0x0593882D_g07.png,projects\outgame_navigator\0x0593882D\g07\composition.json,
outgame_navigator,0x0593882D,g08,mapped,0x0593882D/g08/00000,packages\0x0593882D\png\g08_00000_872x960_bc7.png,872,960,2,6,previews\outgame_navigator\0x0593882D_g08.png,projects\outgame_navigator\0x0593882D\g08\composition.json,
outgame_navigator,0x0593882D,g09,mapped,0x0593882D/g09/00000,packages\0x0593882D\png\g09_00000_872x960_bc7.png,872,960,2,6,previews\outgame_navigator\0x0593882D_g09.png,projects\outgame_navigator\0x0593882D\g09\composition.json,
outgame_navigator,0x060D23A5,g00,mapped,0x060D23A5/g00/00000,packages\0x060D23A5\png\g00_00000_872x960_bc7.png,872,960,2,36,previews\outgame_navigator\0x060D23A5_g00.png,projects\outgame_navigator\0x060D23A5\g00\composition.json,
outgame_navigator,0x060D23A5,g01,mapped,0x060D23A5/g01/00000,packages\0x060D23A5\png\g01_00000_872x960_bc7.png,872,960,2,36,previews\outgame_navigator\0x060D23A5_g01.png,projects\outgame_navigator\0x060D23A5\g01\composition.json,
outgame_navigator,0x060D23A5,g02,mapped,0x060D23A5/g02/00000,packages\0x060D23A5\png\g02_00000_872x960_bc7.png,872,960,2,36,previews\outgame_navigator\0x060D23A5_g02.png,projects\outgame_navigator\0x060D23A5\g02\composition.json,
outgame_navigator,0x060D23A5,g03,mapped,0x060D23A5/g03/00000,packages\0x060D23A5\png\g03_00000_872x960_bc7.png,872,960,2,24,previews\outgame_navigator\0x060D23A5_g03.png,projects\outgame_navigator\0x060D23A5\g03\composition.json,
outgame_navigator,0x060D23A5,g04,mapped,0x060D23A5/g04/00000,packages\0x060D23A5\png\g04_00000_872x960_bc7.png,872,960,2,24,previews\outgame_navigator\0x060D23A5_g04.png,projects\outgame_navigator\0x060D23A5\g04\composition.json,
outgame_navigator,0x060D23A5,g05,mapped,0x060D23A5/g05/00000,packages\0x060D23A5\png\g05_00000_872x960_bc7.png,872,960,2,18,previews\outgame_navigator\0x060D23A5_g05.png,projects\outgame_navigator\0x060D23A5\g05\composition.json,
outgame_navigator,0x060D23A5,g06,mapped,0x060D23A5/g06/00000,packages\0x060D23A5\png\g06_00000_872x960_bc7.png,872,960,2,18,previews\outgame_navigator\0x060D23A5_g06.png,projects\outgame_navigator\0x060D23A5\g06\composition.json,
outgame_navigator,0x060D23A5,g07,mapped,0x060D23A5/g07/00000,packages\0x060D23A5\png\g07_00000_872x960_bc7.png,872,960,2,18,previews\outgame_navigator\0x060D23A5_g07.png,projects\outgame_navigator\0x060D23A5\g07\composition.json,
outgame_navigator,0x060D23A5,g08,mapped,0x060D23A5/g08/00000,packages\0x060D23A5\png\g08_00000_872x960_bc7.png,872,960,2,18,previews\outgame_navigator\0x060D23A5_g08.png,projects\outgame_navigator\0x060D23A5\g08\composition.json,
outgame_navigator,0x060D23A5,g09,mapped,0x060D23A5/g09/00000,packages\0x060D23A5\png\g09_00000_872x960_bc7.png,872,960,2,18,previews\outgame_navigator\0x060D23A5_g09.png,projects\outgame_navigator\0x060D23A5\g09\composition.json,
outgame_navigator,0x060D23A5,g10,mapped,0x060D23A5/g10/00000,packages\0x060D23A5\png\g10_00000_872x960_bc7.png,872,960,2,18,previews\outgame_navigator\0x060D23A5_g10.png,projects\outgame_navigator\0x060D23A5\g10\composition.json,
combat_portrait,0x06C1EE18,g00,mapped,0x06C1EE18/g00/00001,packages\0x06C1EE18\png\g00_00001_572x572_bc7.png,572,572,1,2,previews\combat_portrait\0x06C1EE18_g00.png,projects\combat_portrait\0x06C1EE18\g00\composition.json,
combat_portrait,0x06CF083A,g00,mapped,0x06CF083A/g00/00001,packages\0x06CF083A\png\g00_00001_572x572_bc7.png,572,572,1,2,previews\combat_portrait\0x06CF083A_g00.png,projects\combat_portrait\0x06CF083A\g00\composition.json,
combat_portrait,0x06FE82AA,g00,mapped,0x06FE82AA/g00/00001,packages\0x06FE82AA\png\g00_00001_572x572_bc7.png,572,572,1,2,previews\combat_portrait\0x06FE82AA_g00.png,projects\combat_portrait\0x06FE82AA\g00\composition.json,
outgame_navigator,0x07644952,g00,mapped,0x07644952/g00/00000,packages\0x07644952\png\g00_00000_872x960_bc7.png,872,960,2,12,previews\outgame_navigator\0x07644952_g00.png,projects\outgame_navigator\0x07644952\g00\composition.json,
outgame_navigator,0x07644952,g01,mapped,0x07644952/g01/00000,packages\0x07644952\png\g01_00000_872x960_bc7.png,872,960,2,12,previews\outgame_navigator\0x07644952_g01.png,projects\outgame_navigator\0x07644952\g01\composition.json,
outgame_navigator,0x07644952,g02,mapped_with_warning,0x07644952/g02/00000,packages\0x07644952\png\g02_00000_872x960_bc7.png,872,960,1,6,previews\outgame_navigator\0x07644952_g02.png,projects\outgame_navigator\0x07644952\g02\composition.json,unmapped overlay family 152x64
outgame_navigator,0x07644952,g03,mapped_with_warning,0x07644952/g03/00000,packages\0x07644952\png\g03_00000_872x960_bc7.png,872,960,1,6,previews\outgame_navigator\0x07644952_g03.png,projects\outgame_navigator\0x07644952\g03\composition.json,unmapped overlay family 152x64
combat_portrait,0x07DFEC81,g00,mapped,0x07DFEC81/g00/00001,packages\0x07DFEC81\png\g00_00001_572x572_bc7.png,572,572,1,2,previews\combat_portrait\0x07DFEC81_g00.png,projects\combat_portrait\0x07DFEC81\g00\composition.json,
combat_portrait,0x07EB9B09,g00,mapped,0x07EB9B09/g00/00001,packages\0x07EB9B09\png\g00_00001_572x572_bc7.png,572,572,1,2,previews\combat_portrait\0x07EB9B09_g00.png,projects\combat_portrait\0x07EB9B09\g00\composition.json,
ingame_navigator,0x081E20B7,g00,mapped,0x081E20B7/g00/00000,packages\0x081E20B7\png\g00_00000_260x180_bc7.png,260,180,2,12,previews\ingame_navigator\0x081E20B7_g00.png,projects\ingame_navigator\0x081E20B7\g00\composition.json,
outgame_navigator,0x083E3C50,g00,mapped,0x083E3C50/g00/00000,packages\0x083E3C50\png\g00_00000_872x960_bc7.png,872,960,2,12,previews\outgame_navigator\0x083E3C50_g00.png,projects\outgame_navigator\0x083E3C50\g00\composition.json,
outgame_navigator,0x083E3C50,g01,mapped,0x083E3C50/g01/00000,packages\0x083E3C50\png\g01_00000_872x960_bc7.png,872,960,2,12,previews\outgame_navigator\0x083E3C50_g01.png,projects\outgame_navigator\0x083E3C50\g01\composition.json,
outgame_navigator,0x083E3C50,g02,mapped,0x083E3C50/g02/00000,packages\0x083E3C50\png\g02_00000_872x960_bc7.png,872,960,2,18,previews\outgame_navigator\0x083E3C50_g02.png,projects\outgame_navigator\0x083E3C50\g02\composition.json,
outgame_navigator,0x083E3C50,g03,mapped,0x083E3C50/g03/00000,packages\0x083E3C50\png\g03_00000_872x960_bc7.png,872,960,2,18,previews\outgame_navigator\0x083E3C50_g03.png,projects\outgame_navigator\0x083E3C50\g03\composition.json,
outgame_navigator,0x083E3C50,g04,mapped,0x083E3C50/g04/00000,packages\0x083E3C50\png\g04_00000_872x960_bc7.png,872,960,2,18,previews\outgame_navigator\0x083E3C50_g04.png,projects\outgame_navigator\0x083E3C50\g04\composition.json,
combat_portrait,0x0AC461DE,g00,mapped,0x0AC461DE/g00/00001,packages\0x0AC461DE\png\g00_00001_572x572_bc7.png,572,572,1,2,previews\combat_portrait\0x0AC461DE_g00.png,projects\combat_portrait\0x0AC461DE\g00\composition.json,
combat_portrait,0x0ACA87FC,g00,mapped,0x0ACA87FC/g00/00001,packages\0x0ACA87FC\png\g00_00001_572x572_bc7.png,572,572,1,2,previews\combat_portrait\0x0ACA87FC_g00.png,projects\combat_portrait\0x0ACA87FC\g00\composition.json,
combat_portrait,0x0ADCA496,g00,mapped,0x0ADCA496/g00/00001,packages\0x0ADCA496\png\g00_00001_572x572_bc7.png,572,572,1,2,previews\combat_portrait\0x0ADCA496_g00.png,projects\combat_portrait\0x0ADCA496\g00\composition.json,
outgame_navigator,0x0C0E3C6E,g00,mapped,0x0C0E3C6E/g00/00000,packages\0x0C0E3C6E\png\g00_00000_872x960_bc7.png,872,960,2,18,previews\outgame_navigator\0x0C0E3C6E_g00.png,projects\outgame_navigator\0x0C0E3C6E\g00\composition.json,
outgame_navigator,0x0C0E3C6E,g01,mapped,0x0C0E3C6E/g01/00000,packages\0x0C0E3C6E\png\g01_00000_872x960_bc7.png,872,960,2,18,previews\outgame_navigator\0x0C0E3C6E_g01.png,projects\outgame_navigator\0x0C0E3C6E\g01\composition.json,
outgame_navigator,0x0C0E3C6E,g02,mapped,0x0C0E3C6E/g02/00000,packages\0x0C0E3C6E\png\g02_00000_872x960_bc7.png,872,960,2,24,previews\outgame_navigator\0x0C0E3C6E_g02.png,projects\outgame_navigator\0x0C0E3C6E\g02\composition.json,
outgame_navigator,0x0C0E3C6E,g03,mapped,0x0C0E3C6E/g03/00000,packages\0x0C0E3C6E\png\g03_00000_872x960_bc7.png,872,960,2,24,previews\outgame_navigator\0x0C0E3C6E_g03.png,projects\outgame_navigator\0x0C0E3C6E\g03\composition.json,
outgame_navigator,0x0C0E3C6E,g04,mapped,0x0C0E3C6E/g04/00000,packages\0x0C0E3C6E\png\g04_00000_872x960_bc7.png,872,960,2,12,previews\outgame_navigator\0x0C0E3C6E_g04.png,projects\outgame_navigator\0x0C0E3C6E\g04\composition.json,
outgame_navigator,0x0C0E3C6E,g05,mapped,0x0C0E3C6E/g05/00000,packages\0x0C0E3C6E\png\g05_00000_872x960_bc7.png,872,960,2,12,previews\outgame_navigator\0x0C0E3C6E_g05.png,projects\outgame_navigator\0x0C0E3C6E\g05\composition.json,
outgame_navigator,0x0C0E3C6E,g06,mapped,0x0C0E3C6E/g06/00000,packages\0x0C0E3C6E\png\g06_00000_872x960_bc7.png,872,960,2,12,previews\outgame_navigator\0x0C0E3C6E_g06.png,projects\outgame_navigator\0x0C0E3C6E\g06\composition.json,
outgame_navigator,0x0C0E3C6E,g07,mapped,0x0C0E3C6E/g07/00000,packages\0x0C0E3C6E\png\g07_00000_872x960_bc7.png,872,960,2,12,previews\outgame_navigator\0x0C0E3C6E_g07.png,projects\outgame_navigator\0x0C0E3C6E\g07\composition.json,
outgame_navigator,0x0CF2ACC2,g00,mapped,0x0CF2ACC2/g00/00000,packages\0x0CF2ACC2\png\g00_00000_872x960_bc7.png,872,960,2,36,previews\outgame_navigator\0x0CF2ACC2_g00.png,projects\outgame_navigator\0x0CF2ACC2\g00\composition.json,
outgame_navigator,0x0CF2ACC2,g01,mapped,0x0CF2ACC2/g01/00000,packages\0x0CF2ACC2\png\g01_00000_872x960_bc7.png,872,960,2,36,previews\outgame_navigator\0x0CF2ACC2_g01.png,projects\outgame_navigator\0x0CF2ACC2\g01\composition.json,
outgame_navigator,0x0CF2ACC2,g02,mapped,0x0CF2ACC2/g02/00000,packages\0x0CF2ACC2\png\g02_00000_872x960_bc7.png,872,960,2,17,previews\outgame_navigator\0x0CF2ACC2_g02.png,projects\outgame_navigator\0x0CF2ACC2\g02\composition.json,
outgame_navigator,0x0CF2ACC2,g03,mapped,0x0CF2ACC2/g03/00000,packages\0x0CF2ACC2\png\g03_00000_872x960_bc7.png,872,960,2,17,previews\outgame_navigator\0x0CF2ACC2_g03.png,projects\outgame_navigator\0x0CF2ACC2\g03\composition.json,
outgame_navigator,0x0CF2ACC2,g04,mapped,0x0CF2ACC2/g04/00000,packages\0x0CF2ACC2\png\g04_00000_872x960_bc7.png,872,960,2,17,previews\outgame_navigator\0x0CF2ACC2_g04.png,projects\outgame_navigator\0x0CF2ACC2\g04\composition.json,
outgame_navigator,0x0CF2ACC2,g05,mapped,0x0CF2ACC2/g05/00000,packages\0x0CF2ACC2\png\g05_00000_872x960_bc7.png,872,960,2,17,previews\outgame_navigator\0x0CF2ACC2_g05.png,projects\outgame_navigator\0x0CF2ACC2\g05\composition.json,
outgame_navigator,0x0CF2ACC2,g06,mapped,0x0CF2ACC2/g06/00000,packages\0x0CF2ACC2\png\g06_00000_872x960_bc7.png,872,960,2,35,previews\outgame_navigator\0x0CF2ACC2_g06.png,projects\outgame_navigator\0x0CF2ACC2\g06\composition.json,
outgame_navigator,0x0CF2ACC2,g07,mapped,0x0CF2ACC2/g07/00000,packages\0x0CF2ACC2\png\g07_00000_872x960_bc7.png,872,960,2,35,previews\outgame_navigator\0x0CF2ACC2_g07.png,projects\outgame_navigator\0x0CF2ACC2\g07\composition.json,
outgame_navigator,0x0CF2ACC2,g08,mapped,0x0CF2ACC2/g08/00000,packages\0x0CF2ACC2\png\g08_00000_872x960_bc7.png,872,960,2,13,previews\outgame_navigator\0x0CF2ACC2_g08.png,projects\outgame_navigator\0x0CF2ACC2\g08\composition.json,
outgame_navigator,0x0CF2ACC2,g09,mapped,0x0CF2ACC2/g09/00000,packages\0x0CF2ACC2\png\g09_00000_872x960_bc7.png,872,960,2,4,previews\outgame_navigator\0x0CF2ACC2_g09.png,projects\outgame_navigator\0x0CF2ACC2\g09\composition.json,
outgame_navigator,0x0CF2ACC2,g10,mapped,0x0CF2ACC2/g10/00000,packages\0x0CF2ACC2\png\g10_00000_872x960_bc7.png,872,960,2,10,previews\outgame_navigator\0x0CF2ACC2_g10.png,projects\outgame_navigator\0x0CF2ACC2\g10\composition.json,
combat_portrait,0x0D830B14,g00,mapped,0x0D830B14/g00/00001,packages\0x0D830B14\png\g00_00001_572x572_bc7.png,572,572,1,2,previews\combat_portrait\0x0D830B14_g00.png,projects\combat_portrait\0x0D830B14\g00\composition.json,
outgame_navigator,0x0DB11C6B,g00,mapped,0x0DB11C6B/g00/00000,packages\0x0DB11C6B\png\g00_00000_872x960_bc7.png,872,960,2,22,previews\outgame_navigator\0x0DB11C6B_g00.png,projects\outgame_navigator\0x0DB11C6B\g00\composition.json,
outgame_navigator,0x0DB11C6B,g01,mapped,0x0DB11C6B/g01/00000,packages\0x0DB11C6B\png\g01_00000_872x960_bc7.png,872,960,2,22,previews\outgame_navigator\0x0DB11C6B_g01.png,projects\outgame_navigator\0x0DB11C6B\g01\composition.json,
outgame_navigator,0x0DB11C6B,g02,mapped,0x0DB11C6B/g02/00000,packages\0x0DB11C6B\png\g02_00000_872x960_bc7.png,872,960,2,22,previews\outgame_navigator\0x0DB11C6B_g02.png,projects\outgame_navigator\0x0DB11C6B\g02\composition.json,
outgame_navigator,0x0DB11C6B,g03,mapped,0x0DB11C6B/g03/00000,packages\0x0DB11C6B\png\g03_00000_872x960_bc7.png,872,960,2,20,previews\outgame_navigator\0x0DB11C6B_g03.png,projects\outgame_navigator\0x0DB11C6B\g03\composition.json,
outgame_navigator,0x0DB11C6B,g04,mapped,0x0DB11C6B/g04/00000,packages\0x0DB11C6B\png\g04_00000_872x960_bc7.png,872,960,2,20,previews\outgame_navigator\0x0DB11C6B_g04.png,projects\outgame_navigator\0x0DB11C6B\g04\composition.json,
outgame_navigator,0x0DB11C6B,g05,mapped,0x0DB11C6B/g05/00000,packages\0x0DB11C6B\png\g05_00000_872x960_bc7.png,872,960,2,20,previews\outgame_navigator\0x0DB11C6B_g05.png,projects\outgame_navigator\0x0DB11C6B\g05\composition.json,
outgame_navigator,0x0DB11C6B,g06,mapped,0x0DB11C6B/g06/00000,packages\0x0DB11C6B\png\g06_00000_872x960_bc7.png,872,960,2,6,previews\outgame_navigator\0x0DB11C6B_g06.png,projects\outgame_navigator\0x0DB11C6B\g06\composition.json,
outgame_navigator,0x0DB11C6B,g07,mapped,0x0DB11C6B/g07/00000,packages\0x0DB11C6B\png\g07_00000_872x960_bc7.png,872,960,2,6,previews\outgame_navigator\0x0DB11C6B_g07.png,projects\outgame_navigator\0x0DB11C6B\g07\composition.json,
outgame_navigator,0x0DB11C6B,g08,mapped,0x0DB11C6B/g08/00000,packages\0x0DB11C6B\png\g08_00000_872x960_bc7.png,872,960,2,6,previews\outgame_navigator\0x0DB11C6B_g08.png,projects\outgame_navigator\0x0DB11C6B\g08\composition.json,
combat_portrait,0x0E16EC0D,g00,mapped,0x0E16EC0D/g00/00001,packages\0x0E16EC0D\png\g00_00001_572x572_bc7.png,572,572,1,2,previews\combat_portrait\0x0E16EC0D_g00.png,projects\combat_portrait\0x0E16EC0D\g00\composition.json,
combat_portrait,0x0E279289,g00,mapped,0x0E279289/g00/00001,packages\0x0E279289\png\g00_00001_572x572_bc7.png,572,572,1,2,previews\combat_portrait\0x0E279289_g00.png,projects\combat_portrait\0x0E279289\g00\composition.json,
combat_portrait,0x0E2974AB,g00,mapped,0x0E2974AB/g00/00001,packages\0x0E2974AB\png\g00_00001_572x572_bc7.png,572,572,1,2,previews\combat_portrait\0x0E2974AB_g00.png,projects\combat_portrait\0x0E2974AB\g00\composition.json,
combat_portrait,0x0E31B1E3,g00,mapped,0x0E31B1E3/g00/00001,packages\0x0E31B1E3\png\g00_00001_572x572_bc7.png,572,572,1,2,previews\combat_portrait\0x0E31B1E3_g00.png,projects\combat_portrait\0x0E31B1E3\g00\composition.json,
outgame_navigator,0x0EAB55F3,g00,mapped,0x0EAB55F3/g00/00000,packages\0x0EAB55F3\png\g00_00000_872x960_bc7.png,872,960,2,24,previews\outgame_navigator\0x0EAB55F3_g00.png,projects\outgame_navigator\0x0EAB55F3\g00\composition.json,
outgame_navigator,0x0EAB55F3,g01,mapped,0x0EAB55F3/g01/00000,packages\0x0EAB55F3\png\g01_00000_872x960_bc7.png,872,960,2,24,previews\outgame_navigator\0x0EAB55F3_g01.png,projects\outgame_navigator\0x0EAB55F3\g01\composition.json,
outgame_navigator,0x0EAB55F3,g02,mapped,0x0EAB55F3/g02/00000,packages\0x0EAB55F3\png\g02_00000_872x960_bc7.png,872,960,2,24,previews\outgame_navigator\0x0EAB55F3_g02.png,projects\outgame_navigator\0x0EAB55F3\g02\composition.json,
outgame_navigator,0x0EAB55F3,g03,mapped,0x0EAB55F3/g03/00000,packages\0x0EAB55F3\png\g03_00000_872x960_bc7.png,872,960,2,18,previews\outgame_navigator\0x0EAB55F3_g03.png,projects\outgame_navigator\0x0EAB55F3\g03\composition.json,
outgame_navigator,0x0EAB55F3,g04,mapped,0x0EAB55F3/g04/00000,packages\0x0EAB55F3\png\g04_00000_872x960_bc7.png,872,960,2,18,previews\outgame_navigator\0x0EAB55F3_g04.png,projects\outgame_navigator\0x0EAB55F3\g04\composition.json,
outgame_navigator,0x0EAB55F3,g05,mapped,0x0EAB55F3/g05/00000,packages\0x0EAB55F3\png\g05_00000_872x960_bc7.png,872,960,2,18,previews\outgame_navigator\0x0EAB55F3_g05.png,projects\outgame_navigator\0x0EAB55F3\g05\composition.json,
outgame_navigator,0x0EAB55F3,g06,mapped,0x0EAB55F3/g06/00000,packages\0x0EAB55F3\png\g06_00000_872x960_bc7.png,872,960,2,12,previews\outgame_navigator\0x0EAB55F3_g06.png,projects\outgame_navigator\0x0EAB55F3\g06\composition.json,
outgame_navigator,0x0EAB55F3,g07,mapped,0x0EAB55F3/g07/00000,packages\0x0EAB55F3\png\g07_00000_872x960_bc7.png,872,960,2,12,previews\outgame_navigator\0x0EAB55F3_g07.png,projects\outgame_navigator\0x0EAB55F3\g07\composition.json,
outgame_navigator,0x0EE6F06F,g00,mapped,0x0EE6F06F/g00/00000,packages\0x0EE6F06F\png\g00_00000_872x960_bc7.png,872,960,2,15,previews\outgame_navigator\0x0EE6F06F_g00.png,projects\outgame_navigator\0x0EE6F06F\g00\composition.json,
outgame_navigator,0x0EE6F06F,g01,mapped,0x0EE6F06F/g01/00000,packages\0x0EE6F06F\png\g01_00000_872x960_bc7.png,872,960,2,15,previews\outgame_navigator\0x0EE6F06F_g01.png,projects\outgame_navigator\0x0EE6F06F\g01\composition.json,
outgame_navigator,0x0EE6F06F,g02,mapped,0x0EE6F06F/g02/00000,packages\0x0EE6F06F\png\g02_00000_872x960_bc7.png,872,960,2,15,previews\outgame_navigator\0x0EE6F06F_g02.png,projects\outgame_navigator\0x0EE6F06F\g02\composition.json,
outgame_navigator,0x0EE6F06F,g03,mapped,0x0EE6F06F/g03/00000,packages\0x0EE6F06F\png\g03_00000_872x960_bc7.png,872,960,2,15,previews\outgame_navigator\0x0EE6F06F_g03.png,projects\outgame_navigator\0x0EE6F06F\g03\composition.json,
outgame_navigator,0x0EE6F06F,g04,mapped,0x0EE6F06F/g04/00000,packages\0x0EE6F06F\png\g04_00000_872x960_bc7.png,872,960,2,18,previews\outgame_navigator\0x0EE6F06F_g04.png,projects\outgame_navigator\0x0EE6F06F\g04\composition.json,
outgame_navigator,0x0EE6F06F,g05,mapped,0x0EE6F06F/g05/00000,packages\0x0EE6F06F\png\g05_00000_872x960_bc7.png,872,960,2,18,previews\outgame_navigator\0x0EE6F06F_g05.png,projects\outgame_navigator\0x0EE6F06F\g05\composition.json,
combat_portrait,0x0F06FCA2,g00,mapped,0x0F06FCA2/g00/00001,packages\0x0F06FCA2\png\g00_00001_572x572_bc7.png,572,572,1,2,previews\combat_portrait\0x0F06FCA2_g00.png,projects\combat_portrait\0x0F06FCA2\g00\composition.json,
combat_portrait,0x0F24A840,g00,mapped,0x0F24A840/g00/00001,packages\0x0F24A840\png\g00_00001_572x572_bc7.png,572,572,1,2,previews\combat_portrait\0x0F24A840_g00.png,projects\combat_portrait\0x0F24A840\g00\composition.json,
ingame_navigator,0x0FB890D3,g00,mapped,0x0FB890D3/g00/00000,packages\0x0FB890D3\png\g00_00000_260x180_bc7.png,260,180,2,24,previews\ingame_navigator\0x0FB890D3_g00.png,projects\ingame_navigator\0x0FB890D3\g00\composition.json,
outgame_navigator,0x0FBB6F8E,g00,mapped,0x0FBB6F8E/g00/00000,packages\0x0FBB6F8E\png\g00_00000_872x960_bc7.png,872,960,2,36,previews\outgame_navigator\0x0FBB6F8E_g00.png,projects\outgame_navigator\0x0FBB6F8E\g00\composition.json,
outgame_navigator,0x0FBB6F8E,g01,mapped,0x0FBB6F8E/g01/00000,packages\0x0FBB6F8E\png\g01_00000_872x960_bc7.png,872,960,2,36,previews\outgame_navigator\0x0FBB6F8E_g01.png,projects\outgame_navigator\0x0FBB6F8E\g01\composition.json,
outgame_navigator,0x0FBB6F8E,g02,mapped,0x0FBB6F8E/g02/00000,packages\0x0FBB6F8E\png\g02_00000_872x960_bc7.png,872,960,2,36,previews\outgame_navigator\0x0FBB6F8E_g02.png,projects\outgame_navigator\0x0FBB6F8E\g02\composition.json,
outgame_navigator,0x0FBB6F8E,g03,mapped,0x0FBB6F8E/g03/00000,packages\0x0FBB6F8E\png\g03_00000_872x960_bc7.png,872,960,2,24,previews\outgame_navigator\0x0FBB6F8E_g03.png,projects\outgame_navigator\0x0FBB6F8E\g03\composition.json,
outgame_navigator,0x0FBB6F8E,g04,mapped,0x0FBB6F8E/g04/00000,packages\0x0FBB6F8E\png\g04_00000_872x960_bc7.png,872,960,2,24,previews\outgame_navigator\0x0FBB6F8E_g04.png,projects\outgame_navigator\0x0FBB6F8E\g04\composition.json,
outgame_navigator,0x0FBB6F8E,g05,mapped,0x0FBB6F8E/g05/00000,packages\0x0FBB6F8E\png\g05_00000_872x960_bc7.png,872,960,2,18,previews\outgame_navigator\0x0FBB6F8E_g05.png,projects\outgame_navigator\0x0FBB6F8E\g05\composition.json,
outgame_navigator,0x0FBB6F8E,g06,mapped,0x0FBB6F8E/g06/00000,packages\0x0FBB6F8E\png\g06_00000_872x960_bc7.png,872,960,2,18,previews\outgame_navigator\0x0FBB6F8E_g06.png,projects\outgame_navigator\0x0FBB6F8E\g06\composition.json,
outgame_navigator,0x0FBB6F8E,g07,mapped,0x0FBB6F8E/g07/00000,packages\0x0FBB6F8E\png\g07_00000_872x960_bc7.png,872,960,2,18,previews\outgame_navigator\0x0FBB6F8E_g07.png,projects\outgame_navigator\0x0FBB6F8E\g07\composition.json,
outgame_navigator,0x0FBB6F8E,g08,mapped,0x0FBB6F8E/g08/00000,packages\0x0FBB6F8E\png\g08_00000_872x960_bc7.png,872,960,2,18,previews\outgame_navigator\0x0FBB6F8E_g08.png,projects\outgame_navigator\0x0FBB6F8E\g08\composition.json,
outgame_navigator,0x0FBB6F8E,g09,mapped,0x0FBB6F8E/g09/00000,packages\0x0FBB6F8E\png\g09_00000_872x960_bc7.png,872,960,2,18,previews\outgame_navigator\0x0FBB6F8E_g09.png,projects\outgame_navigator\0x0FBB6F8E\g09\composition.json,
outgame_navigator,0x0FBB6F8E,g10,mapped,0x0FBB6F8E/g10/00000,packages\0x0FBB6F8E\png\g10_00000_872x960_bc7.png,872,960,2,18,previews\outgame_navigator\0x0FBB6F8E_g10.png,projects\outgame_navigator\0x0FBB6F8E\g10\composition.json,
combat_portrait,0x10908F4A,g00,mapped,0x10908F4A/g00/00001,packages\0x10908F4A\png\g00_00001_572x572_bc7.png,572,572,1,2,previews\combat_portrait\0x10908F4A_g00.png,projects\combat_portrait\0x10908F4A\g00\composition.json,
combat_portrait,0x10A105DA,g00,mapped,0x10A105DA/g00/00001,packages\0x10A105DA\png\g00_00001_572x572_bc7.png,572,572,1,2,previews\combat_portrait\0x10A105DA_g00.png,projects\combat_portrait\0x10A105DA\g00\composition.json,
combat_portrait,0x10B726B0,g00,mapped,0x10B726B0/g00/00001,packages\0x10B726B0\png\g00_00001_572x572_bc7.png,572,572,2,4,previews\combat_portrait\0x10B726B0_g00.png,projects\combat_portrait\0x10B726B0\g00\composition.json,
combat_portrait,0x10B9C092,g00,mapped,0x10B9C092/g00/00001,packages\0x10B9C092\png\g00_00001_572x572_bc7.png,572,572,1,2,previews\combat_portrait\0x10B9C092_g00.png,projects\combat_portrait\0x10B9C092\g00\composition.json,
combat_portrait,0x1196489B,g00,mapped,0x1196489B/g00/00001,packages\0x1196489B\png\g00_00001_572x572_bc7.png,572,572,1,2,previews\combat_portrait\0x1196489B_g00.png,projects\combat_portrait\0x1196489B\g00\composition.json,
combat_portrait,0x11A23F13,g00,mapped,0x11A23F13/g00/00001,packages\0x11A23F13\png\g00_00001_572x572_bc7.png,572,572,1,2,previews\combat_portrait\0x11A23F13_g00.png,projects\combat_portrait\0x11A23F13\g00\composition.json,
combat_portrait,0x11B41C79,g00,mapped,0x11B41C79/g00/00001,packages\0x11B41C79\png\g00_00001_572x572_bc7.png,572,572,1,2,previews\combat_portrait\0x11B41C79_g00.png,projects\combat_portrait\0x11B41C79\g00\composition.json,
combat_portrait,0x121E63C6,g00,mapped,0x121E63C6/g00/00001,packages\0x121E63C6\png\g00_00001_572x572_bc7.png,572,572,1,2,previews\combat_portrait\0x121E63C6_g00.png,projects\combat_portrait\0x121E63C6\g00\composition.json,
combat_portrait,0x132CD39F,g00,mapped,0x132CD39F/g00/00001,packages\0x132CD39F\png\g00_00001_572x572_bc7.png,572,572,1,2,previews\combat_portrait\0x132CD39F_g00.png,projects\combat_portrait\0x132CD39F\g00\composition.json,
combat_portrait,0x133416D7,g00,mapped,0x133416D7/g00/00001,packages\0x133416D7\png\g00_00001_572x572_bc7.png,572,572,1,2,previews\combat_portrait\0x133416D7_g00.png,projects\combat_portrait\0x133416D7\g00\composition.json,
outgame_navigator,0x13EFEA48,g00,mapped,0x13EFEA48/g00/00000,packages\0x13EFEA48\png\g00_00000_872x960_bc7.png,872,960,2,18,previews\outgame_navigator\0x13EFEA48_g00.png,projects\outgame_navigator\0x13EFEA48\g00\composition.json,
outgame_navigator,0x13EFEA48,g01,mapped,0x13EFEA48/g01/00000,packages\0x13EFEA48\png\g01_00000_872x960_bc7.png,872,960,2,18,previews\outgame_navigator\0x13EFEA48_g01.png,projects\outgame_navigator\0x13EFEA48\g01\composition.json,
outgame_navigator,0x13EFEA48,g02,mapped,0x13EFEA48/g02/00000,packages\0x13EFEA48\png\g02_00000_872x960_bc7.png,872,960,2,12,previews\outgame_navigator\0x13EFEA48_g02.png,projects\outgame_navigator\0x13EFEA48\g02\composition.json,
outgame_navigator,0x13EFEA48,g03,mapped,0x13EFEA48/g03/00000,packages\0x13EFEA48\png\g03_00000_872x960_bc7.png,872,960,2,12,previews\outgame_navigator\0x13EFEA48_g03.png,projects\outgame_navigator\0x13EFEA48\g03\composition.json,
outgame_navigator,0x13EFEA48,g04,mapped,0x13EFEA48/g04/00000,packages\0x13EFEA48\png\g04_00000_872x960_bc7.png,872,960,2,9,previews\outgame_navigator\0x13EFEA48_g04.png,projects\outgame_navigator\0x13EFEA48\g04\composition.json,
outgame_navigator,0x13EFEA48,g05,mapped,0x13EFEA48/g05/00000,packages\0x13EFEA48\png\g05_00000_872x960_bc7.png,872,960,2,9,previews\outgame_navigator\0x13EFEA48_g05.png,projects\outgame_navigator\0x13EFEA48\g05\composition.json,
outgame_navigator,0x13EFEA48,g06,mapped,0x13EFEA48/g06/00000,packages\0x13EFEA48\png\g06_00000_872x960_bc7.png,872,960,2,6,previews\outgame_navigator\0x13EFEA48_g06.png,projects\outgame_navigator\0x13EFEA48\g06\composition.json,
combat_portrait,0x1454D5E7,g00,mapped_with_warning,0x1454D5E7/g00/00001,packages\0x1454D5E7\png\g00_00001_572x572_bc7.png,572,572,1,2,previews\combat_portrait\0x1454D5E7_g00.png,projects\combat_portrait\0x1454D5E7\g00\composition.json,mouth stable-border RMSE is high: 70.31
combat_portrait,0x146BB955,g00,mapped,0x146BB955/g00/00001,packages\0x146BB955\png\g00_00001_572x572_bc7.png,572,572,1,2,previews\combat_portrait\0x146BB955_g00.png,projects\combat_portrait\0x146BB955\g00\composition.json,
combat_portrait,0x1568839C,g00,mapped,0x1568839C/g00/00001,packages\0x1568839C\png\g00_00001_572x572_bc7.png,572,572,1,2,previews\combat_portrait\0x1568839C_g00.png,projects\combat_portrait\0x1568839C\g00\composition.json,
combat_portrait,0x18515A21,g00,mapped,0x18515A21/g00/00001,packages\0x18515A21\png\g00_00001_572x572_bc7.png,572,572,1,4,previews\combat_portrait\0x18515A21_g00.png,projects\combat_portrait\0x18515A21\g00\composition.json,
combat_portrait,0x186E3693,g00,mapped,0x186E3693/g00/00001,packages\0x186E3693\png\g00_00001_572x572_bc7.png,572,572,1,2,previews\combat_portrait\0x186E3693_g00.png,projects\combat_portrait\0x186E3693\g00\composition.json,
combat_portrait,0x1876F3DB,g00,mapped,0x1876F3DB/g00/00001,packages\0x1876F3DB\png\g00_00001_572x572_bc7.png,572,572,1,2,previews\combat_portrait\0x1876F3DB_g00.png,projects\combat_portrait\0x1876F3DB\g00\composition.json,
combat_portrait,0x187815F9,g00,mapped,0x187815F9/g00/00001,packages\0x187815F9\png\g00_00001_572x572_bc7.png,572,572,1,2,previews\combat_portrait\0x187815F9_g00.png,projects\combat_portrait\0x187815F9\g00\composition.json,
ingame_navigator,0x19257BBF,g00,mapped,0x19257BBF/g00/00000,packages\0x19257BBF\png\g00_00000_260x180_bc7.png,260,180,1,2,previews\ingame_navigator\0x19257BBF_g00.png,projects\ingame_navigator\0x19257BBF\g00\composition.json,
ingame_navigator,0x1946554A,g00,mapped,0x1946554A/g00/00000,packages\0x1946554A\png\g00_00000_260x180_bc7.png,260,180,2,21,previews\ingame_navigator\0x1946554A_g00.png,projects\ingame_navigator\0x1946554A\g00\composition.json,
combat_portrait,0x194F58B8,g00,mapped,0x194F58B8/g00/00001,packages\0x194F58B8\png\g00_00001_572x572_bc7.png,572,572,1,2,previews\combat_portrait\0x194F58B8_g00.png,projects\combat_portrait\0x194F58B8\g00\composition.json,
combat_portrait,0x195260E8,g00,mapped,0x195260E8/g00/00001,packages\0x195260E8\png\g00_00001_572x572_bc7.png,572,572,1,2,previews\combat_portrait\0x195260E8_g00.png,projects\combat_portrait\0x195260E8\g00\composition.json,
combat_portrait,0x196DF84E,g00,mapped,0x196DF84E/g00/00001,packages\0x196DF84E\png\g00_00001_572x572_bc7.png,572,572,1,2,previews\combat_portrait\0x196DF84E_g00.png,projects\combat_portrait\0x196DF84E\g00\composition.json,
combat_portrait,0x1AD4AD97,g00,mapped,0x1AD4AD97/g00/00001,packages\0x1AD4AD97\png\g00_00001_572x572_bc7.png,572,572,1,2,previews\combat_portrait\0x1AD4AD97_g00.png,projects\combat_portrait\0x1AD4AD97\g00\composition.json,
ingame_navigator,0x1B2BAC96,g00,mapped,0x1B2BAC96/g00/00000,packages\0x1B2BAC96\png\g00_00000_260x180_bc7.png,260,180,2,21,previews\ingame_navigator\0x1B2BAC96_g00.png,projects\ingame_navigator\0x1B2BAC96\g00\composition.json,
outgame_navigator,0x1D34627A,g00,mapped,0x1D34627A/g00/00000,packages\0x1D34627A\png\g00_00000_872x960_bc7.png,872,960,2,18,previews\outgame_navigator\0x1D34627A_g00.png,projects\outgame_navigator\0x1D34627A\g00\composition.json,
outgame_navigator,0x1D34627A,g01,mapped,0x1D34627A/g01/00000,packages\0x1D34627A\png\g01_00000_872x960_bc7.png,872,960,2,18,previews\outgame_navigator\0x1D34627A_g01.png,projects\outgame_navigator\0x1D34627A\g01\composition.json,
outgame_navigator,0x1D34627A,g02,mapped,0x1D34627A/g02/00000,packages\0x1D34627A\png\g02_00000_872x960_bc7.png,872,960,2,12,previews\outgame_navigator\0x1D34627A_g02.png,projects\outgame_navigator\0x1D34627A\g02\composition.json,
outgame_navigator,0x1D34627A,g03,mapped,0x1D34627A/g03/00000,packages\0x1D34627A\png\g03_00000_872x960_bc7.png,872,960,2,12,previews\outgame_navigator\0x1D34627A_g03.png,projects\outgame_navigator\0x1D34627A\g03\composition.json,
outgame_navigator,0x1D34627A,g04,mapped,0x1D34627A/g04/00000,packages\0x1D34627A\png\g04_00000_872x960_bc7.png,872,960,2,9,previews\outgame_navigator\0x1D34627A_g04.png,projects\outgame_navigator\0x1D34627A\g04\composition.json,
outgame_navigator,0x1D34627A,g05,mapped,0x1D34627A/g05/00000,packages\0x1D34627A\png\g05_00000_872x960_bc7.png,872,960,2,9,previews\outgame_navigator\0x1D34627A_g05.png,projects\outgame_navigator\0x1D34627A\g05\composition.json,
outgame_navigator,0x1D34627A,g06,mapped,0x1D34627A/g06/00000,packages\0x1D34627A\png\g06_00000_872x960_bc7.png,872,960,2,6,previews\outgame_navigator\0x1D34627A_g06.png,projects\outgame_navigator\0x1D34627A\g06\composition.json,
combat_portrait,0x1D80ED3B,g00,mapped,0x1D80ED3B/g00/00001,packages\0x1D80ED3B\png\g00_00001_572x572_bc7.png,572,572,1,2,previews\combat_portrait\0x1D80ED3B_g00.png,projects\combat_portrait\0x1D80ED3B\g00\composition.json,
combat_portrait,0x1DA7B0D5,g00,mapped,0x1DA7B0D5/g00/00001,packages\0x1DA7B0D5\png\g00_00001_572x572_bc7.png,572,572,1,2,previews\combat_portrait\0x1DA7B0D5_g00.png,projects\combat_portrait\0x1DA7B0D5\g00\composition.json,
combat_portrait,0x1DB193BF,g00,mapped,0x1DB193BF/g00/00001,packages\0x1DB193BF\png\g00_00001_572x572_bc7.png,572,572,1,2,previews\combat_portrait\0x1DB193BF_g00.png,projects\combat_portrait\0x1DB193BF\g00\composition.json,
combat_portrait,0x1E03628E,g00,mapped,0x1E03628E/g00/00001,packages\0x1E03628E\png\g00_00001_572x572_bc7.png,572,572,1,2,previews\combat_portrait\0x1E03628E_g00.png,projects\combat_portrait\0x1E03628E\g00\composition.json,
combat_portrait,0x20E0C48B,g00,mapped,0x20E0C48B/g00/00001,packages\0x20E0C48B\png\g00_00001_572x572_bc7.png,572,572,1,2,previews\combat_portrait\0x20E0C48B_g00.png,projects\combat_portrait\0x20E0C48B\g00\composition.json,
ingame_navigator,0x22249A4E,g00,mapped,0x22249A4E/g00/00000,packages\0x22249A4E\png\g00_00000_260x180_bc7.png,260,180,2,13,previews\ingame_navigator\0x22249A4E_g00.png,projects\ingame_navigator\0x22249A4E\g00\composition.json,
ingame_navigator,0x23BE2870,g00,mapped,0x23BE2870/g00/00000,packages\0x23BE2870\png\g00_00000_260x180_bc7.png,260,180,2,9,previews\ingame_navigator\0x23BE2870_g00.png,projects\ingame_navigator\0x23BE2870\g00\composition.json,
combat_portrait,0x2403C3C8,g00,mapped,0x2403C3C8/g00/00001,packages\0x2403C3C8\png\g00_00001_572x572_bc7.png,572,572,1,2,previews\combat_portrait\0x2403C3C8_g00.png,projects\combat_portrait\0x2403C3C8\g00\composition.json,
combat_portrait,0x242A8C10,g00,mapped,0x242A8C10/g00/00001,packages\0x242A8C10\png\g00_00001_572x572_bc7.png,572,572,1,2,previews\combat_portrait\0x242A8C10_g00.png,projects\combat_portrait\0x242A8C10\g00\composition.json,
combat_portrait,0x242F7108,g00,mapped,0x242F7108/g00/00001,packages\0x242F7108\png\g00_00001_572x572_bc7.png,572,572,1,2,previews\combat_portrait\0x242F7108_g00.png,projects\combat_portrait\0x242F7108\g00\composition.json,
combat_portrait,0x24324958,g00,mapped,0x24324958/g00/00001,packages\0x24324958\png\g00_00001_572x572_bc7.png,572,572,1,2,previews\combat_portrait\0x24324958_g00.png,projects\combat_portrait\0x24324958\g00\composition.json,
outgame_navigator,0x24A4415A,g00,mapped_with_warning,0x24A4415A/g00/00000,packages\0x24A4415A\png\g00_00000_872x960_bc7.png,872,960,1,3,previews\outgame_navigator\0x24A4415A_g00.png,projects\outgame_navigator\0x24A4415A\g00\composition.json,unmapped overlay family 64x40
outgame_navigator,0x24A4415A,g01,mapped_with_warning,0x24A4415A/g01/00000,packages\0x24A4415A\png\g01_00000_872x960_bc7.png,872,960,1,3,previews\outgame_navigator\0x24A4415A_g01.png,projects\outgame_navigator\0x24A4415A\g01\composition.json,unmapped overlay family 124x56
combat_portrait,0x2516DA6B,g00,mapped,0x2516DA6B/g00/00001,packages\0x2516DA6B\png\g00_00001_572x572_bc7.png,572,572,1,2,previews\combat_portrait\0x2516DA6B_g00.png,projects\combat_portrait\0x2516DA6B\g00\composition.json,
combat_portrait,0x253A68AB,g00,mapped,0x253A68AB/g00/00001,packages\0x253A68AB\png\g00_00001_572x572_bc7.png,572,572,1,2,previews\combat_portrait\0x253A68AB_g00.png,projects\combat_portrait\0x253A68AB\g00\composition.json,
outgame_navigator,0x253FF7C5,g00,mapped,0x253FF7C5/g00/00000,packages\0x253FF7C5\png\g00_00000_872x960_bc7.png,872,960,2,21,previews\outgame_navigator\0x253FF7C5_g00.png,projects\outgame_navigator\0x253FF7C5\g00\composition.json,
outgame_navigator,0x253FF7C5,g01,mapped,0x253FF7C5/g01/00000,packages\0x253FF7C5\png\g01_00000_872x960_bc7.png,872,960,2,21,previews\outgame_navigator\0x253FF7C5_g01.png,projects\outgame_navigator\0x253FF7C5\g01\composition.json,
outgame_navigator,0x253FF7C5,g02,mapped,0x253FF7C5/g02/00000,packages\0x253FF7C5\png\g02_00000_872x960_bc7.png,872,960,2,18,previews\outgame_navigator\0x253FF7C5_g02.png,projects\outgame_navigator\0x253FF7C5\g02\composition.json,
outgame_navigator,0x253FF7C5,g03,mapped,0x253FF7C5/g03/00000,packages\0x253FF7C5\png\g03_00000_872x960_bc7.png,872,960,2,18,previews\outgame_navigator\0x253FF7C5_g03.png,projects\outgame_navigator\0x253FF7C5\g03\composition.json,
outgame_navigator,0x26C3ED3A,g00,mapped,0x26C3ED3A/g00/00000,packages\0x26C3ED3A\png\g00_00000_872x960_bc7.png,872,960,2,18,previews\outgame_navigator\0x26C3ED3A_g00.png,projects\outgame_navigator\0x26C3ED3A\g00\composition.json,
outgame_navigator,0x26C3ED3A,g01,mapped,0x26C3ED3A/g01/00000,packages\0x26C3ED3A\png\g01_00000_872x960_bc7.png,872,960,2,18,previews\outgame_navigator\0x26C3ED3A_g01.png,projects\outgame_navigator\0x26C3ED3A\g01\composition.json,
outgame_navigator,0x26C3ED3A,g02,mapped,0x26C3ED3A/g02/00000,packages\0x26C3ED3A\png\g02_00000_872x960_bc7.png,872,960,2,12,previews\outgame_navigator\0x26C3ED3A_g02.png,projects\outgame_navigator\0x26C3ED3A\g02\composition.json,
outgame_navigator,0x26C3ED3A,g03,mapped,0x26C3ED3A/g03/00000,packages\0x26C3ED3A\png\g03_00000_872x960_bc7.png,872,960,2,12,previews\outgame_navigator\0x26C3ED3A_g03.png,projects\outgame_navigator\0x26C3ED3A\g03\composition.json,
outgame_navigator,0x26C3ED3A,g04,mapped,0x26C3ED3A/g04/00000,packages\0x26C3ED3A\png\g04_00000_872x960_bc7.png,872,960,2,12,previews\outgame_navigator\0x26C3ED3A_g04.png,projects\outgame_navigator\0x26C3ED3A\g04\composition.json,
outgame_navigator,0x26C3ED3A,g05,mapped,0x26C3ED3A/g05/00000,packages\0x26C3ED3A\png\g05_00000_872x960_bc7.png,872,960,2,12,previews\outgame_navigator\0x26C3ED3A_g05.png,projects\outgame_navigator\0x26C3ED3A\g05\composition.json,
outgame_navigator,0x26EFFE6A,g00,mapped,0x26EFFE6A/g00/00000,packages\0x26EFFE6A\png\g00_00000_872x960_bc7.png,872,960,2,21,previews\outgame_navigator\0x26EFFE6A_g00.png,projects\outgame_navigator\0x26EFFE6A\g00\composition.json,
outgame_navigator,0x26EFFE6A,g01,mapped,0x26EFFE6A/g01/00000,packages\0x26EFFE6A\png\g01_00000_872x960_bc7.png,872,960,2,21,previews\outgame_navigator\0x26EFFE6A_g01.png,projects\outgame_navigator\0x26EFFE6A\g01\composition.json,
outgame_navigator,0x26EFFE6A,g02,mapped,0x26EFFE6A/g02/00000,packages\0x26EFFE6A\png\g02_00000_872x960_bc7.png,872,960,2,12,previews\outgame_navigator\0x26EFFE6A_g02.png,projects\outgame_navigator\0x26EFFE6A\g02\composition.json,
outgame_navigator,0x26EFFE6A,g03,mapped,0x26EFFE6A/g03/00000,packages\0x26EFFE6A\png\g03_00000_872x960_bc7.png,872,960,2,12,previews\outgame_navigator\0x26EFFE6A_g03.png,projects\outgame_navigator\0x26EFFE6A\g03\composition.json,
outgame_navigator,0x26EFFE6A,g04,mapped,0x26EFFE6A/g04/00000,packages\0x26EFFE6A\png\g04_00000_872x960_bc7.png,872,960,2,12,previews\outgame_navigator\0x26EFFE6A_g04.png,projects\outgame_navigator\0x26EFFE6A\g04\composition.json,
outgame_navigator,0x26EFFE6A,g05,mapped,0x26EFFE6A/g05/00000,packages\0x26EFFE6A\png\g05_00000_872x960_bc7.png,872,960,2,12,previews\outgame_navigator\0x26EFFE6A_g05.png,projects\outgame_navigator\0x26EFFE6A\g05\composition.json,
outgame_navigator,0x26EFFE6A,g06,mapped,0x26EFFE6A/g06/00000,packages\0x26EFFE6A\png\g06_00000_872x960_bc7.png,872,960,2,12,previews\outgame_navigator\0x26EFFE6A_g06.png,projects\outgame_navigator\0x26EFFE6A\g06\composition.json,
outgame_navigator,0x26EFFE6A,g07,mapped,0x26EFFE6A/g07/00000,packages\0x26EFFE6A\png\g07_00000_872x960_bc7.png,872,960,2,12,previews\outgame_navigator\0x26EFFE6A_g07.png,projects\outgame_navigator\0x26EFFE6A\g07\composition.json,
combat_portrait,0x27B48427,g00,mapped,0x27B48427/g00/00001,packages\0x27B48427\png\g00_00001_572x572_bc7.png,572,572,1,2,previews\combat_portrait\0x27B48427_g00.png,projects\combat_portrait\0x27B48427\g00\composition.json,
combat_portrait,0x2808AA2C,g00,mapped,0x2808AA2C/g00/00001,packages\0x2808AA2C\png\g00_00001_572x572_bc7.png,572,572,1,2,previews\combat_portrait\0x2808AA2C_g00.png,projects\combat_portrait\0x2808AA2C\g00\composition.json,
combat_portrait,0x283920BC,g00,mapped,0x283920BC/g00/00001,packages\0x283920BC\png\g00_00001_572x572_bc7.png,572,572,1,2,previews\combat_portrait\0x283920BC_g00.png,projects\combat_portrait\0x283920BC\g00\composition.json,
combat_portrait,0x290B90E5,g00,mapped,0x290B90E5/g00/00001,packages\0x290B90E5\png\g00_00001_572x572_bc7.png,572,572,1,2,previews\combat_portrait\0x290B90E5_g00.png,projects\combat_portrait\0x290B90E5\g00\composition.json,
combat_portrait,0x291DB38F,g00,mapped,0x291DB38F/g00/00001,packages\0x291DB38F\png\g00_00001_572x572_bc7.png,572,572,1,2,previews\combat_portrait\0x291DB38F_g00.png,projects\combat_portrait\0x291DB38F\g00\composition.json,
combat_portrait,0x2934FC57,g00,mapped,0x2934FC57/g00/00001,packages\0x2934FC57\png\g00_00001_572x572_bc7.png,572,572,1,2,previews\combat_portrait\0x2934FC57_g00.png,projects\combat_portrait\0x2934FC57\g00\composition.json,
ingame_navigator,0x2C753EA9,g00,mapped,0x2C753EA9/g00/00000,packages\0x2C753EA9\png\g00_00000_260x180_bc7.png,260,180,2,16,previews\ingame_navigator\0x2C753EA9_g00.png,projects\ingame_navigator\0x2C753EA9\g00\composition.json,
combat_portrait,0x2CC216A3,g00,mapped,0x2CC216A3/g00/00001,packages\0x2CC216A3\png\g00_00001_572x572_bc7.png,572,572,1,2,previews\combat_portrait\0x2CC216A3_g00.png,projects\combat_portrait\0x2CC216A3\g00\composition.json,
combat_portrait,0x2DC12C6A,g00,mapped,0x2DC12C6A/g00/00001,packages\0x2DC12C6A\png\g00_00001_572x572_bc7.png,572,572,1,2,previews\combat_portrait\0x2DC12C6A_g00.png,projects\combat_portrait\0x2DC12C6A\g00\composition.json,
combat_portrait,0x2DD70F00,g00,mapped,0x2DD70F00/g00/00001,packages\0x2DD70F00\png\g00_00001_572x572_bc7.png,572,572,1,2,previews\combat_portrait\0x2DD70F00_g00.png,projects\combat_portrait\0x2DD70F00\g00\composition.json,
combat_portrait,0x2DD9E922,g00,mapped,0x2DD9E922/g00/00001,packages\0x2DD9E922\png\g00_00001_572x572_bc7.png,572,572,1,2,previews\combat_portrait\0x2DD9E922_g00.png,projects\combat_portrait\0x2DD9E922\g00\composition.json,
combat_portrait,0x2DE863B2,g00,mapped,0x2DE863B2/g00/00001,packages\0x2DE863B2\png\g00_00001_572x572_bc7.png,572,572,1,2,previews\combat_portrait\0x2DE863B2_g00.png,projects\combat_portrait\0x2DE863B2\g00\composition.json,
ingame_navigator,0x2E40F5C0,g00,mapped,0x2E40F5C0/g00/00000,packages\0x2E40F5C0\png\g00_00000_260x180_bc7.png,260,180,2,18,previews\ingame_navigator\0x2E40F5C0_g00.png,projects\ingame_navigator\0x2E40F5C0\g00\composition.json,
combat_portrait,0x2E85D6E7,g00,mapped,0x2E85D6E7/g00/00001,packages\0x2E85D6E7\png\g00_00001_572x572_bc7.png,572,572,1,2,previews\combat_portrait\0x2E85D6E7_g00.png,projects\combat_portrait\0x2E85D6E7\g00\composition.json,
ingame_navigator,0x2FEFF852,g00,mapped,0x2FEFF852/g00/00000,packages\0x2FEFF852\png\g00_00000_260x180_bc7.png,260,180,2,16,previews\ingame_navigator\0x2FEFF852_g00.png,projects\ingame_navigator\0x2FEFF852\g00\composition.json,
combat_portrait,0x30E322A4,g00,mapped,0x30E322A4/g00/00001,packages\0x30E322A4\png\g00_00001_572x572_bc7.png,572,572,1,2,previews\combat_portrait\0x30E322A4_g00.png,projects\combat_portrait\0x30E322A4\g00\composition.json,
combat_portrait,0x3252568E,g00,mapped,0x3252568E/g00/00001,packages\0x3252568E\png\g00_00001_572x572_bc7.png,572,572,1,2,previews\combat_portrait\0x3252568E_g00.png,projects\combat_portrait\0x3252568E\g00\composition.json,
outgame_navigator,0x33213A23,g00,mapped,0x33213A23/g00/00000,packages\0x33213A23\png\g00_00000_872x960_bc7.png,872,960,2,12,previews\outgame_navigator\0x33213A23_g00.png,projects\outgame_navigator\0x33213A23\g00\composition.json,
outgame_navigator,0x33213A23,g01,mapped,0x33213A23/g01/00000,packages\0x33213A23\png\g01_00000_872x960_bc7.png,872,960,2,12,previews\outgame_navigator\0x33213A23_g01.png,projects\outgame_navigator\0x33213A23\g01\composition.json,
outgame_navigator,0x33213A23,g02,mapped,0x33213A23/g02/00000,packages\0x33213A23\png\g02_00000_872x960_bc7.png,872,960,2,12,previews\outgame_navigator\0x33213A23_g02.png,projects\outgame_navigator\0x33213A23\g02\composition.json,
outgame_navigator,0x33213A23,g03,mapped,0x33213A23/g03/00000,packages\0x33213A23\png\g03_00000_872x960_bc7.png,872,960,2,12,previews\outgame_navigator\0x33213A23_g03.png,projects\outgame_navigator\0x33213A23\g03\composition.json,
outgame_navigator,0x33213A23,g04,mapped,0x33213A23/g04/00000,packages\0x33213A23\png\g04_00000_872x960_bc7.png,872,960,2,12,previews\outgame_navigator\0x33213A23_g04.png,projects\outgame_navigator\0x33213A23\g04\composition.json,
outgame_navigator,0x33213A23,g05,mapped,0x33213A23/g05/00000,packages\0x33213A23\png\g05_00000_872x960_bc7.png,872,960,2,12,previews\outgame_navigator\0x33213A23_g05.png,projects\outgame_navigator\0x33213A23\g05\composition.json,
combat_portrait,0x3347BB39,g00,mapped,0x3347BB39/g00/00001,packages\0x3347BB39\png\g00_00001_572x572_bc7.png,572,572,1,2,previews\combat_portrait\0x3347BB39_g00.png,projects\combat_portrait\0x3347BB39\g00\composition.json,
combat_portrait,0x33519853,g00,mapped,0x33519853/g00/00001,packages\0x33519853\png\g00_00001_572x572_bc7.png,572,572,1,2,previews\combat_portrait\0x33519853_g00.png,projects\combat_portrait\0x33519853\g00\composition.json,
combat_portrait,0x335F7E71,g00,mapped,0x335F7E71/g00/00001,packages\0x335F7E71\png\g00_00001_572x572_bc7.png,572,572,1,2,previews\combat_portrait\0x335F7E71_g00.png,projects\combat_portrait\0x335F7E71\g00\composition.json,
combat_portrait,0x336E00F5,g00,mapped,0x336E00F5/g00/00001,packages\0x336E00F5\png\g00_00001_572x572_bc7.png,572,572,1,2,previews\combat_portrait\0x336E00F5_g00.png,projects\combat_portrait\0x336E00F5\g00\composition.json,
outgame_navigator,0x3375E044,g00,mapped,0x3375E044/g00/00000,packages\0x3375E044\png\g00_00000_872x960_bc7.png,872,960,2,18,previews\outgame_navigator\0x3375E044_g00.png,projects\outgame_navigator\0x3375E044\g00\composition.json,
outgame_navigator,0x3375E044,g01,mapped,0x3375E044/g01/00000,packages\0x3375E044\png\g01_00000_872x960_bc7.png,872,960,2,18,previews\outgame_navigator\0x3375E044_g01.png,projects\outgame_navigator\0x3375E044\g01\composition.json,
outgame_navigator,0x3375E044,g02,mapped,0x3375E044/g02/00000,packages\0x3375E044\png\g02_00000_872x960_bc7.png,872,960,2,24,previews\outgame_navigator\0x3375E044_g02.png,projects\outgame_navigator\0x3375E044\g02\composition.json,
outgame_navigator,0x3375E044,g03,mapped,0x3375E044/g03/00000,packages\0x3375E044\png\g03_00000_872x960_bc7.png,872,960,2,24,previews\outgame_navigator\0x3375E044_g03.png,projects\outgame_navigator\0x3375E044\g03\composition.json,
outgame_navigator,0x3375E044,g04,mapped,0x3375E044/g04/00000,packages\0x3375E044\png\g04_00000_872x960_bc7.png,872,960,2,24,previews\outgame_navigator\0x3375E044_g04.png,projects\outgame_navigator\0x3375E044\g04\composition.json,
outgame_navigator,0x3375E044,g05,mapped,0x3375E044/g05/00000,packages\0x3375E044\png\g05_00000_872x960_bc7.png,872,960,2,24,previews\outgame_navigator\0x3375E044_g05.png,projects\outgame_navigator\0x3375E044\g05\composition.json,
combat_portrait,0x3378D78B,g00,mapped,0x3378D78B/g00/00001,packages\0x3378D78B\png\g00_00001_572x572_bc7.png,572,572,1,2,previews\combat_portrait\0x3378D78B_g00.png,projects\combat_portrait\0x3378D78B\g00\composition.json,
ingame_navigator,0x34F7FBAA,g00,mapped,0x34F7FBAA/g00/00000,packages\0x34F7FBAA\png\g00_00000_260x180_bc7.png,260,180,2,11,previews\ingame_navigator\0x34F7FBAA_g00.png,projects\ingame_navigator\0x34F7FBAA\g00\composition.json,
combat_portrait,0x378D07B6,g00,mapped,0x378D07B6/g00/00001,packages\0x378D07B6\png\g00_00001_572x572_bc7.png,572,572,1,2,previews\combat_portrait\0x378D07B6_g00.png,projects\combat_portrait\0x378D07B6\g00\composition.json,
combat_portrait,0x379BD0C8,g00,mapped,0x379BD0C8/g00/00001,packages\0x379BD0C8\png\g00_00001_572x572_bc7.png,572,572,1,2,previews\combat_portrait\0x379BD0C8_g00.png,projects\combat_portrait\0x379BD0C8\g00\composition.json,
combat_portrait,0x37A4486E,g00,mapped,0x37A4486E/g00/00001,packages\0x37A4486E\png\g00_00001_572x572_bc7.png,572,572,1,2,previews\combat_portrait\0x37A4486E_g00.png,projects\combat_portrait\0x37A4486E\g00\composition.json,
combat_portrait,0x3937EE6C,g00,mapped,0x3937EE6C/g00/00001,packages\0x3937EE6C\png\g00_00001_572x572_bc7.png,572,572,1,2,previews\combat_portrait\0x3937EE6C_g00.png,projects\combat_portrait\0x3937EE6C\g00\composition.json,
ingame_navigator,0x398BFFFC,g00,mapped,0x398BFFFC/g00/00000,packages\0x398BFFFC\png\g00_00000_260x180_bc7.png,260,180,2,21,previews\ingame_navigator\0x398BFFFC_g00.png,projects\ingame_navigator\0x398BFFFC\g00\composition.json,
outgame_navigator,0x39FB3F2F,g00,mapped,0x39FB3F2F/g00/00000,packages\0x39FB3F2F\png\g00_00000_872x960_bc7.png,872,960,2,22,previews\outgame_navigator\0x39FB3F2F_g00.png,projects\outgame_navigator\0x39FB3F2F\g00\composition.json,
outgame_navigator,0x39FB3F2F,g01,mapped,0x39FB3F2F/g01/00000,packages\0x39FB3F2F\png\g01_00000_872x960_bc7.png,872,960,2,22,previews\outgame_navigator\0x39FB3F2F_g01.png,projects\outgame_navigator\0x39FB3F2F\g01\composition.json,
outgame_navigator,0x39FB3F2F,g02,mapped,0x39FB3F2F/g02/00000,packages\0x39FB3F2F\png\g02_00000_872x960_bc7.png,872,960,2,12,previews\outgame_navigator\0x39FB3F2F_g02.png,projects\outgame_navigator\0x39FB3F2F\g02\composition.json,
outgame_navigator,0x39FB3F2F,g03,mapped,0x39FB3F2F/g03/00000,packages\0x39FB3F2F\png\g03_00000_872x960_bc7.png,872,960,2,12,previews\outgame_navigator\0x39FB3F2F_g03.png,projects\outgame_navigator\0x39FB3F2F\g03\composition.json,
outgame_navigator,0x39FB3F2F,g04,mapped,0x39FB3F2F/g04/00000,packages\0x39FB3F2F\png\g04_00000_872x960_bc7.png,872,960,2,12,previews\outgame_navigator\0x39FB3F2F_g04.png,projects\outgame_navigator\0x39FB3F2F\g04\composition.json,
outgame_navigator,0x39FB3F2F,g05,mapped,0x39FB3F2F/g05/00000,packages\0x39FB3F2F\png\g05_00000_872x960_bc7.png,872,960,2,12,previews\outgame_navigator\0x39FB3F2F_g05.png,projects\outgame_navigator\0x39FB3F2F\g05\composition.json,
outgame_navigator,0x39FB3F2F,g06,mapped,0x39FB3F2F/g06/00000,packages\0x39FB3F2F\png\g06_00000_872x960_bc7.png,872,960,2,4,previews\outgame_navigator\0x39FB3F2F_g06.png,projects\outgame_navigator\0x39FB3F2F\g06\composition.json,
outgame_navigator,0x39FB3F2F,g07,mapped,0x39FB3F2F/g07/00000,packages\0x39FB3F2F\png\g07_00000_872x960_bc7.png,872,960,2,6,previews\outgame_navigator\0x39FB3F2F_g07.png,projects\outgame_navigator\0x39FB3F2F\g07\composition.json,
combat_portrait,0x3A9377F1,g00,mapped,0x3A9377F1/g00/00001,packages\0x3A9377F1\png\g00_00001_572x572_bc7.png,572,572,1,2,previews\combat_portrait\0x3A9377F1_g00.png,projects\combat_portrait\0x3A9377F1\g00\composition.json,
combat_portrait,0x3ABFC531,g00,mapped,0x3ABFC531/g00/00001,packages\0x3ABFC531\png\g00_00001_572x572_bc7.png,572,572,1,2,previews\combat_portrait\0x3ABFC531_g00.png,projects\combat_portrait\0x3ABFC531\g00\composition.json,
ingame_navigator,0x3AD87F03,g00,mapped,0x3AD87F03/g00/00000,packages\0x3AD87F03\png\g00_00000_260x180_bc7.png,260,180,2,12,previews\ingame_navigator\0x3AD87F03_g00.png,projects\ingame_navigator\0x3AD87F03\g00\composition.json,
outgame_navigator,0x3B812E1C,g00,mapped_with_warning,0x3B812E1C/g00/00000,packages\0x3B812E1C\png\g00_00000_872x960_bc7.png,872,960,1,6,previews\outgame_navigator\0x3B812E1C_g00.png,projects\outgame_navigator\0x3B812E1C\g00\composition.json,unmapped overlay family 132x32
outgame_navigator,0x3B812E1C,g01,mapped_with_warning,0x3B812E1C/g01/00000,packages\0x3B812E1C\png\g01_00000_872x960_bc7.png,872,960,1,6,previews\outgame_navigator\0x3B812E1C_g01.png,projects\outgame_navigator\0x3B812E1C\g01\composition.json,unmapped overlay family 132x32
outgame_navigator,0x3B812E1C,g02,mapped,0x3B812E1C/g02/00000,packages\0x3B812E1C\png\g02_00000_872x960_bc7.png,872,960,2,6,previews\outgame_navigator\0x3B812E1C_g02.png,projects\outgame_navigator\0x3B812E1C\g02\composition.json,
outgame_navigator,0x3B812E1C,g03,mapped,0x3B812E1C/g03/00000,packages\0x3B812E1C\png\g03_00000_872x960_bc7.png,872,960,2,18,previews\outgame_navigator\0x3B812E1C_g03.png,projects\outgame_navigator\0x3B812E1C\g03\composition.json,
outgame_navigator,0x3B812E1C,g04,mapped,0x3B812E1C/g04/00000,packages\0x3B812E1C\png\g04_00000_872x960_bc7.png,872,960,2,18,previews\outgame_navigator\0x3B812E1C_g04.png,projects\outgame_navigator\0x3B812E1C\g04\composition.json,
ingame_navigator,0x3B9A9B5A,g00,mapped,0x3B9A9B5A/g00/00000,packages\0x3B9A9B5A\png\g00_00000_260x180_bc7.png,260,180,2,24,previews\ingame_navigator\0x3B9A9B5A_g00.png,projects\ingame_navigator\0x3B9A9B5A\g00\composition.json,
combat_portrait,0x3B9EAB1A,g00,mapped,0x3B9EAB1A/g00/00001,packages\0x3B9EAB1A\png\g00_00001_572x572_bc7.png,572,572,1,2,previews\combat_portrait\0x3B9EAB1A_g00.png,projects\combat_portrait\0x3B9EAB1A\g00\composition.json,
combat_portrait,0x3BAADC92,g00,mapped,0x3BAADC92/g00/00001,packages\0x3BAADC92\png\g00_00001_572x572_bc7.png,572,572,1,2,previews\combat_portrait\0x3BAADC92_g00.png,projects\combat_portrait\0x3BAADC92\g00\composition.json,
outgame_navigator,0x3BADFD42,g00,mapped,0x3BADFD42/g00/00000,packages\0x3BADFD42\png\g00_00000_872x960_bc7.png,872,960,2,30,previews\outgame_navigator\0x3BADFD42_g00.png,projects\outgame_navigator\0x3BADFD42\g00\composition.json,
outgame_navigator,0x3BADFD42,g01,mapped,0x3BADFD42/g01/00000,packages\0x3BADFD42\png\g01_00000_872x960_bc7.png,872,960,2,30,previews\outgame_navigator\0x3BADFD42_g01.png,projects\outgame_navigator\0x3BADFD42\g01\composition.json,
outgame_navigator,0x3BADFD42,g02,mapped,0x3BADFD42/g02/00000,packages\0x3BADFD42\png\g02_00000_872x960_bc7.png,872,960,2,30,previews\outgame_navigator\0x3BADFD42_g02.png,projects\outgame_navigator\0x3BADFD42\g02\composition.json,
outgame_navigator,0x3BADFD42,g03,mapped,0x3BADFD42/g03/00000,packages\0x3BADFD42\png\g03_00000_872x960_bc7.png,872,960,2,30,previews\outgame_navigator\0x3BADFD42_g03.png,projects\outgame_navigator\0x3BADFD42\g03\composition.json,
outgame_navigator,0x3BADFD42,g04,mapped,0x3BADFD42/g04/00000,packages\0x3BADFD42\png\g04_00000_872x960_bc7.png,872,960,0,0,previews\outgame_navigator\0x3BADFD42_g04.png,projects\outgame_navigator\0x3BADFD42\g04\composition.json,
outgame_navigator,0x3BADFD42,g05,mapped,0x3BADFD42/g05/00000,packages\0x3BADFD42\png\g05_00000_872x960_bc7.png,872,960,2,6,previews\outgame_navigator\0x3BADFD42_g05.png,projects\outgame_navigator\0x3BADFD42\g05\composition.json,
outgame_navigator,0x3BADFD42,g06,mapped,0x3BADFD42/g06/00000,packages\0x3BADFD42\png\g06_00000_872x960_bc7.png,872,960,2,18,previews\outgame_navigator\0x3BADFD42_g06.png,projects\outgame_navigator\0x3BADFD42\g06\composition.json,
outgame_navigator,0x3BADFD42,g07,mapped,0x3BADFD42/g07/00000,packages\0x3BADFD42\png\g07_00000_872x960_bc7.png,872,960,2,12,previews\outgame_navigator\0x3BADFD42_g07.png,projects\outgame_navigator\0x3BADFD42\g07\composition.json,
combat_portrait,0x3BB7E4C2,g00,mapped,0x3BB7E4C2/g00/00001,packages\0x3BB7E4C2\png\g00_00001_572x572_bc7.png,572,572,1,2,previews\combat_portrait\0x3BB7E4C2_g00.png,projects\combat_portrait\0x3BB7E4C2\g00\composition.json,
combat_portrait,0x3BB902E0,g00,mapped,0x3BB902E0/g00/00001,packages\0x3BB902E0\png\g00_00001_572x572_bc7.png,572,572,1,2,previews\combat_portrait\0x3BB902E0_g00.png,projects\combat_portrait\0x3BB902E0\g00\composition.json,
outgame_navigator,0x3CE88D87,g00,mapped,0x3CE88D87/g00/00000,packages\0x3CE88D87\png\g00_00000_872x960_bc7.png,872,960,2,24,previews\outgame_navigator\0x3CE88D87_g00.png,projects\outgame_navigator\0x3CE88D87\g00\composition.json,
outgame_navigator,0x3CE88D87,g01,mapped,0x3CE88D87/g01/00000,packages\0x3CE88D87\png\g01_00000_872x960_bc7.png,872,960,2,24,previews\outgame_navigator\0x3CE88D87_g01.png,projects\outgame_navigator\0x3CE88D87\g01\composition.json,
outgame_navigator,0x3CE88D87,g02,mapped,0x3CE88D87/g02/00000,packages\0x3CE88D87\png\g02_00000_872x960_bc7.png,872,960,2,24,previews\outgame_navigator\0x3CE88D87_g02.png,projects\outgame_navigator\0x3CE88D87\g02\composition.json,
outgame_navigator,0x3CE88D87,g03,mapped,0x3CE88D87/g03/00000,packages\0x3CE88D87\png\g03_00000_872x960_bc7.png,872,960,2,18,previews\outgame_navigator\0x3CE88D87_g03.png,projects\outgame_navigator\0x3CE88D87\g03\composition.json,
outgame_navigator,0x3CE88D87,g04,mapped,0x3CE88D87/g04/00000,packages\0x3CE88D87\png\g04_00000_872x960_bc7.png,872,960,2,18,previews\outgame_navigator\0x3CE88D87_g04.png,projects\outgame_navigator\0x3CE88D87\g04\composition.json,
outgame_navigator,0x3CE88D87,g05,mapped,0x3CE88D87/g05/00000,packages\0x3CE88D87\png\g05_00000_872x960_bc7.png,872,960,2,12,previews\outgame_navigator\0x3CE88D87_g05.png,projects\outgame_navigator\0x3CE88D87\g05\composition.json,
outgame_navigator,0x3CE88D87,g06,mapped,0x3CE88D87/g06/00000,packages\0x3CE88D87\png\g06_00000_872x960_bc7.png,872,960,2,12,previews\outgame_navigator\0x3CE88D87_g06.png,projects\outgame_navigator\0x3CE88D87\g06\composition.json,
outgame_navigator,0x3CE88D87,g07,mapped,0x3CE88D87/g07/00000,packages\0x3CE88D87\png\g07_00000_872x960_bc7.png,872,960,2,12,previews\outgame_navigator\0x3CE88D87_g07.png,projects\outgame_navigator\0x3CE88D87\g07\composition.json,
combat_portrait,0x3CFE682A,g00,mapped,0x3CFE682A/g00/00001,packages\0x3CFE682A\png\g00_00001_572x572_bc7.png,572,572,1,2,previews\combat_portrait\0x3CFE682A_g00.png,projects\combat_portrait\0x3CFE682A\g00\composition.json,
ingame_navigator,0x3D877AB4,g00,mapped,0x3D877AB4/g00/00000,packages\0x3D877AB4\png\g00_00000_260x180_bc7.png,260,180,2,12,previews\ingame_navigator\0x3D877AB4_g00.png,projects\ingame_navigator\0x3D877AB4\g00\composition.json,
outgame_navigator,0x3D905C36,g00,mapped,0x3D905C36/g00/00000,packages\0x3D905C36\png\g00_00000_872x960_bc7.png,872,960,2,15,previews\outgame_navigator\0x3D905C36_g00.png,projects\outgame_navigator\0x3D905C36\g00\composition.json,
outgame_navigator,0x3D905C36,g01,mapped,0x3D905C36/g01/00000,packages\0x3D905C36\png\g01_00000_872x960_bc7.png,872,960,2,15,previews\outgame_navigator\0x3D905C36_g01.png,projects\outgame_navigator\0x3D905C36\g01\composition.json,
outgame_navigator,0x3D905C36,g02,mapped,0x3D905C36/g02/00000,packages\0x3D905C36\png\g02_00000_872x960_bc7.png,872,960,2,15,previews\outgame_navigator\0x3D905C36_g02.png,projects\outgame_navigator\0x3D905C36\g02\composition.json,
outgame_navigator,0x3D905C36,g03,mapped,0x3D905C36/g03/00000,packages\0x3D905C36\png\g03_00000_872x960_bc7.png,872,960,2,12,previews\outgame_navigator\0x3D905C36_g03.png,projects\outgame_navigator\0x3D905C36\g03\composition.json,
outgame_navigator,0x3D905C36,g04,mapped,0x3D905C36/g04/00000,packages\0x3D905C36\png\g04_00000_872x960_bc7.png,872,960,2,12,previews\outgame_navigator\0x3D905C36_g04.png,projects\outgame_navigator\0x3D905C36\g04\composition.json,
combat_portrait,0x3DC23E51,g00,mapped,0x3DC23E51/g00/00001,packages\0x3DC23E51\png\g00_00001_572x572_bc7.png,572,572,1,2,previews\combat_portrait\0x3DC23E51_g00.png,projects\combat_portrait\0x3DC23E51\g00\composition.json,
combat_portrait,0x3E410E36,g00,mapped,0x3E410E36/g00/00001,packages\0x3E410E36\png\g00_00001_572x572_bc7.png,572,572,1,2,previews\combat_portrait\0x3E410E36_g00.png,projects\combat_portrait\0x3E410E36\g00\composition.json,
combat_portrait,0x3E66A7CC,g00,mapped,0x3E66A7CC/g00/00001,packages\0x3E66A7CC\png\g00_00001_572x572_bc7.png,572,572,1,2,previews\combat_portrait\0x3E66A7CC_g00.png,projects\combat_portrait\0x3E66A7CC\g00\composition.json,
combat_portrait,0x3F4234FF,g00,mapped,0x3F4234FF/g00/00001,packages\0x3F4234FF\png\g00_00001_572x572_bc7.png,572,572,1,2,previews\combat_portrait\0x3F4234FF_g00.png,projects\combat_portrait\0x3F4234FF\g00\composition.json,
combat_portrait,0x3F7D584D,g00,mapped,0x3F7D584D/g00/00001,packages\0x3F7D584D\png\g00_00001_572x572_bc7.png,572,572,1,2,previews\combat_portrait\0x3F7D584D_g00.png,projects\combat_portrait\0x3F7D584D\g00\composition.json,
combat_portrait,0x404BE1D9,g00,mapped,0x404BE1D9/g00/00001,packages\0x404BE1D9\png\g00_00001_572x572_bc7.png,572,572,1,2,previews\combat_portrait\0x404BE1D9_g00.png,projects\combat_portrait\0x404BE1D9\g00\composition.json,
ingame_navigator,0x404C501B,g00,mapped,0x404C501B/g00/00000,packages\0x404C501B\png\g00_00000_260x180_bc7.png,260,180,2,12,previews\ingame_navigator\0x404C501B_g00.png,projects\ingame_navigator\0x404C501B\g00\composition.json,
combat_portrait,0x405DC2B3,g00,mapped,0x405DC2B3/g00/00001,packages\0x405DC2B3\png\g00_00001_572x572_bc7.png,572,572,1,2,previews\combat_portrait\0x405DC2B3_g00.png,projects\combat_portrait\0x405DC2B3\g00\composition.json,
combat_portrait,0x407F9651,g00,mapped,0x407F9651/g00/00001,packages\0x407F9651\png\g00_00001_572x572_bc7.png,572,572,1,2,previews\combat_portrait\0x407F9651_g00.png,projects\combat_portrait\0x407F9651\g00\composition.json,
combat_portrait,0x416A8FF2,g00,mapped,0x416A8FF2/g00/00001,packages\0x416A8FF2\png\g00_00001_572x572_bc7.png,572,572,2,4,previews\combat_portrait\0x416A8FF2_g00.png,projects\combat_portrait\0x416A8FF2\g00\composition.json,
combat_portrait,0x416F72EA,g00,mapped,0x416F72EA/g00/00001,packages\0x416F72EA\png\g00_00001_572x572_bc7.png,572,572,1,2,previews\combat_portrait\0x416F72EA_g00.png,projects\combat_portrait\0x416F72EA\g00\composition.json,
combat_portrait,0x4177B7A2,g00,mapped,0x4177B7A2/g00/00001,packages\0x4177B7A2\png\g00_00001_572x572_bc7.png,572,572,1,2,previews\combat_portrait\0x4177B7A2_g00.png,projects\combat_portrait\0x4177B7A2\g00\composition.json,
combat_portrait,0x42C50D55,g00,mapped,0x42C50D55/g00/00001,packages\0x42C50D55\png\g00_00001_572x572_bc7.png,572,572,1,2,previews\combat_portrait\0x42C50D55_g00.png,projects\combat_portrait\0x42C50D55\g00\composition.json,
ingame_navigator,0x43561983,g00,mapped,0x43561983/g00/00000,packages\0x43561983\png\g00_00000_260x180_bc7.png,260,180,2,24,previews\ingame_navigator\0x43561983_g00.png,projects\ingame_navigator\0x43561983\g00\composition.json,
combat_portrait,0x44A6F4AC,g00,mapped,0x44A6F4AC/g00/00001,packages\0x44A6F4AC\png\g00_00001_572x572_bc7.png,572,572,1,2,previews\combat_portrait\0x44A6F4AC_g00.png,projects\combat_portrait\0x44A6F4AC\g00\composition.json,
combat_portrait,0x44ADEF96,g00,mapped,0x44ADEF96/g00/00001,packages\0x44ADEF96\png\g00_00001_572x572_bc7.png,572,572,1,2,previews\combat_portrait\0x44ADEF96_g00.png,projects\combat_portrait\0x44ADEF96\g00\composition.json,
combat_portrait,0x44B0D7C6,g00,mapped,0x44B0D7C6/g00/00001,packages\0x44B0D7C6\png\g00_00001_572x572_bc7.png,572,572,1,2,previews\combat_portrait\0x44B0D7C6_g00.png,projects\combat_portrait\0x44B0D7C6\g00\composition.json,
combat_portrait,0x44BE31E4,g00,mapped,0x44BE31E4/g00/00001,packages\0x44BE31E4\png\g00_00001_572x572_bc7.png,572,572,1,2,previews\combat_portrait\0x44BE31E4_g00.png,projects\combat_portrait\0x44BE31E4\g00\composition.json,
combat_portrait,0x45464C7E,g00,mapped,0x45464C7E/g00/00001,packages\0x45464C7E\png\g00_00001_572x572_bc7.png,572,572,1,2,previews\combat_portrait\0x45464C7E_g00.png,projects\combat_portrait\0x45464C7E\g00\composition.json,
combat_portrait,0x4582679F,g00,mapped_with_warning,0x4582679F/g00/00001,packages\0x4582679F\png\g00_00001_572x572_bc7.png,572,572,1,2,previews\combat_portrait\0x4582679F_g00.png,projects\combat_portrait\0x4582679F\g00\composition.json,mouth stable-border RMSE is high: 74.64
outgame_navigator,0x45E36CC7,g00,mapped,0x45E36CC7/g00/00000,packages\0x45E36CC7\png\g00_00000_872x960_bc7.png,872,960,2,24,previews\outgame_navigator\0x45E36CC7_g00.png,projects\outgame_navigator\0x45E36CC7\g00\composition.json,
outgame_navigator,0x45E36CC7,g01,mapped,0x45E36CC7/g01/00000,packages\0x45E36CC7\png\g01_00000_872x960_bc7.png,872,960,2,24,previews\outgame_navigator\0x45E36CC7_g01.png,projects\outgame_navigator\0x45E36CC7\g01\composition.json,
outgame_navigator,0x45E36CC7,g02,mapped,0x45E36CC7/g02/00000,packages\0x45E36CC7\png\g02_00000_872x960_bc7.png,872,960,2,24,previews\outgame_navigator\0x45E36CC7_g02.png,projects\outgame_navigator\0x45E36CC7\g02\composition.json,
outgame_navigator,0x45E36CC7,g03,mapped,0x45E36CC7/g03/00000,packages\0x45E36CC7\png\g03_00000_872x960_bc7.png,872,960,2,21,previews\outgame_navigator\0x45E36CC7_g03.png,projects\outgame_navigator\0x45E36CC7\g03\composition.json,
outgame_navigator,0x45E36CC7,g04,mapped,0x45E36CC7/g04/00000,packages\0x45E36CC7\png\g04_00000_872x960_bc7.png,872,960,2,21,previews\outgame_navigator\0x45E36CC7_g04.png,projects\outgame_navigator\0x45E36CC7\g04\composition.json,
outgame_navigator,0x45E36CC7,g05,mapped,0x45E36CC7/g05/00000,packages\0x45E36CC7\png\g05_00000_872x960_bc7.png,872,960,2,12,previews\outgame_navigator\0x45E36CC7_g05.png,projects\outgame_navigator\0x45E36CC7\g05\composition.json,
outgame_navigator,0x45E36CC7,g06,mapped,0x45E36CC7/g06/00000,packages\0x45E36CC7\png\g06_00000_872x960_bc7.png,872,960,2,12,previews\outgame_navigator\0x45E36CC7_g06.png,projects\outgame_navigator\0x45E36CC7\g06\composition.json,
ingame_navigator,0x486EC45D,g00,mapped,0x486EC45D/g00/00000,packages\0x486EC45D\png\g00_00000_260x180_bc7.png,260,180,2,16,previews\ingame_navigator\0x486EC45D_g00.png,projects\ingame_navigator\0x486EC45D\g00\composition.json,
combat_portrait,0x4884D290,g00,mapped,0x4884D290/g00/00001,packages\0x4884D290\png\g00_00001_572x572_bc7.png,572,572,1,2,previews\combat_portrait\0x4884D290_g00.png,projects\combat_portrait\0x4884D290\g00\composition.json,
combat_portrait,0x49890E7B,g00,mapped,0x49890E7B/g00/00001,packages\0x49890E7B\png\g00_00001_572x572_bc7.png,572,572,1,2,previews\combat_portrait\0x49890E7B_g00.png,projects\combat_portrait\0x49890E7B\g00\composition.json,
combat_portrait,0x4994362B,g00,mapped,0x4994362B/g00/00001,packages\0x4994362B\png\g00_00001_572x572_bc7.png,572,572,1,2,previews\combat_portrait\0x4994362B_g00.png,projects\combat_portrait\0x4994362B\g00\composition.json,
combat_portrait,0x499F2D11,g00,mapped,0x499F2D11/g00/00001,packages\0x499F2D11\png\g00_00001_572x572_bc7.png,572,572,1,2,previews\combat_portrait\0x499F2D11_g00.png,projects\combat_portrait\0x499F2D11\g00\composition.json,
outgame_navigator,0x4A976CA0,g00,mapped,0x4A976CA0/g00/00000,packages\0x4A976CA0\png\g00_00000_872x960_bc7.png,872,960,2,15,previews\outgame_navigator\0x4A976CA0_g00.png,projects\outgame_navigator\0x4A976CA0\g00\composition.json,
outgame_navigator,0x4A976CA0,g01,mapped,0x4A976CA0/g01/00000,packages\0x4A976CA0\png\g01_00000_872x960_bc7.png,872,960,2,15,previews\outgame_navigator\0x4A976CA0_g01.png,projects\outgame_navigator\0x4A976CA0\g01\composition.json,
outgame_navigator,0x4A976CA0,g02,mapped,0x4A976CA0/g02/00000,packages\0x4A976CA0\png\g02_00000_872x960_bc7.png,872,960,2,15,previews\outgame_navigator\0x4A976CA0_g02.png,projects\outgame_navigator\0x4A976CA0\g02\composition.json,
outgame_navigator,0x4A976CA0,g03,mapped,0x4A976CA0/g03/00000,packages\0x4A976CA0\png\g03_00000_872x960_bc7.png,872,960,2,12,previews\outgame_navigator\0x4A976CA0_g03.png,projects\outgame_navigator\0x4A976CA0\g03\composition.json,
outgame_navigator,0x4A976CA0,g04,mapped,0x4A976CA0/g04/00000,packages\0x4A976CA0\png\g04_00000_872x960_bc7.png,872,960,2,12,previews\outgame_navigator\0x4A976CA0_g04.png,projects\outgame_navigator\0x4A976CA0\g04\composition.json,
ingame_navigator,0x4A990522,g00,mapped,0x4A990522/g00/00000,packages\0x4A990522\png\g00_00000_260x180_bc7.png,260,180,2,12,previews\ingame_navigator\0x4A990522_g00.png,projects\ingame_navigator\0x4A990522\g00\composition.json,
combat_portrait,0x4B07E2F7,g00,mapped,0x4B07E2F7/g00/00001,packages\0x4B07E2F7\png\g00_00001_572x572_bc7.png,572,572,1,2,previews\combat_portrait\0x4B07E2F7_g00.png,projects\combat_portrait\0x4B07E2F7\g00\composition.json,
outgame_navigator,0x4BEFBD11,g00,mapped,0x4BEFBD11/g00/00000,packages\0x4BEFBD11\png\g00_00000_872x960_bc7.png,872,960,2,24,previews\outgame_navigator\0x4BEFBD11_g00.png,projects\outgame_navigator\0x4BEFBD11\g00\composition.json,
outgame_navigator,0x4BEFBD11,g01,mapped,0x4BEFBD11/g01/00000,packages\0x4BEFBD11\png\g01_00000_872x960_bc7.png,872,960,2,24,previews\outgame_navigator\0x4BEFBD11_g01.png,projects\outgame_navigator\0x4BEFBD11\g01\composition.json,
outgame_navigator,0x4BEFBD11,g02,mapped,0x4BEFBD11/g02/00000,packages\0x4BEFBD11\png\g02_00000_872x960_bc7.png,872,960,2,24,previews\outgame_navigator\0x4BEFBD11_g02.png,projects\outgame_navigator\0x4BEFBD11\g02\composition.json,
outgame_navigator,0x4BEFBD11,g03,mapped,0x4BEFBD11/g03/00000,packages\0x4BEFBD11\png\g03_00000_872x960_bc7.png,872,960,2,18,previews\outgame_navigator\0x4BEFBD11_g03.png,projects\outgame_navigator\0x4BEFBD11\g03\composition.json,
outgame_navigator,0x4BEFBD11,g04,mapped,0x4BEFBD11/g04/00000,packages\0x4BEFBD11\png\g04_00000_872x960_bc7.png,872,960,2,18,previews\outgame_navigator\0x4BEFBD11_g04.png,projects\outgame_navigator\0x4BEFBD11\g04\composition.json,
outgame_navigator,0x4BEFBD11,g05,mapped,0x4BEFBD11/g05/00000,packages\0x4BEFBD11\png\g05_00000_872x960_bc7.png,872,960,2,12,previews\outgame_navigator\0x4BEFBD11_g05.png,projects\outgame_navigator\0x4BEFBD11\g05\composition.json,
outgame_navigator,0x4BEFBD11,g06,mapped,0x4BEFBD11/g06/00000,packages\0x4BEFBD11\png\g06_00000_872x960_bc7.png,872,960,2,12,previews\outgame_navigator\0x4BEFBD11_g06.png,projects\outgame_navigator\0x4BEFBD11\g06\composition.json,
outgame_navigator,0x4BEFBD11,g07,mapped,0x4BEFBD11/g07/00000,packages\0x4BEFBD11\png\g07_00000_872x960_bc7.png,872,960,2,12,previews\outgame_navigator\0x4BEFBD11_g07.png,projects\outgame_navigator\0x4BEFBD11\g07\composition.json,
combat_portrait,0x4C584D75,g00,mapped,0x4C584D75/g00/00001,packages\0x4C584D75\png\g00_00001_572x572_bc7.png,572,572,1,2,previews\combat_portrait\0x4C584D75_g00.png,projects\combat_portrait\0x4C584D75\g00\composition.json,
outgame_navigator,0x4CAACDD4,g00,mapped,0x4CAACDD4/g00/00000,packages\0x4CAACDD4\png\g00_00000_872x960_bc7.png,872,960,2,30,previews\outgame_navigator\0x4CAACDD4_g00.png,projects\outgame_navigator\0x4CAACDD4\g00\composition.json,
outgame_navigator,0x4CAACDD4,g01,mapped,0x4CAACDD4/g01/00000,packages\0x4CAACDD4\png\g01_00000_872x960_bc7.png,872,960,2,30,previews\outgame_navigator\0x4CAACDD4_g01.png,projects\outgame_navigator\0x4CAACDD4\g01\composition.json,
outgame_navigator,0x4CAACDD4,g02,mapped,0x4CAACDD4/g02/00000,packages\0x4CAACDD4\png\g02_00000_872x960_bc7.png,872,960,2,30,previews\outgame_navigator\0x4CAACDD4_g02.png,projects\outgame_navigator\0x4CAACDD4\g02\composition.json,
outgame_navigator,0x4CAACDD4,g03,mapped,0x4CAACDD4/g03/00000,packages\0x4CAACDD4\png\g03_00000_872x960_bc7.png,872,960,2,30,previews\outgame_navigator\0x4CAACDD4_g03.png,projects\outgame_navigator\0x4CAACDD4\g03\composition.json,
outgame_navigator,0x4CAACDD4,g04,mapped,0x4CAACDD4/g04/00000,packages\0x4CAACDD4\png\g04_00000_872x960_bc7.png,872,960,0,0,previews\outgame_navigator\0x4CAACDD4_g04.png,projects\outgame_navigator\0x4CAACDD4\g04\composition.json,
outgame_navigator,0x4CAACDD4,g05,mapped,0x4CAACDD4/g05/00000,packages\0x4CAACDD4\png\g05_00000_872x960_bc7.png,872,960,2,6,previews\outgame_navigator\0x4CAACDD4_g05.png,projects\outgame_navigator\0x4CAACDD4\g05\composition.json,
outgame_navigator,0x4CAACDD4,g06,mapped,0x4CAACDD4/g06/00000,packages\0x4CAACDD4\png\g06_00000_872x960_bc7.png,872,960,2,18,previews\outgame_navigator\0x4CAACDD4_g06.png,projects\outgame_navigator\0x4CAACDD4\g06\composition.json,
outgame_navigator,0x4CAACDD4,g07,mapped,0x4CAACDD4/g07/00000,packages\0x4CAACDD4\png\g07_00000_872x960_bc7.png,872,960,2,12,previews\outgame_navigator\0x4CAACDD4_g07.png,projects\outgame_navigator\0x4CAACDD4\g07\composition.json,
outgame_navigator,0x4D3E2D16,g00,mapped,0x4D3E2D16/g00/00000,packages\0x4D3E2D16\png\g00_00000_872x960_bc7.png,872,960,2,30,previews\outgame_navigator\0x4D3E2D16_g00.png,projects\outgame_navigator\0x4D3E2D16\g00\composition.json,
outgame_navigator,0x4D3E2D16,g01,mapped,0x4D3E2D16/g01/00000,packages\0x4D3E2D16\png\g01_00000_872x960_bc7.png,872,960,2,30,previews\outgame_navigator\0x4D3E2D16_g01.png,projects\outgame_navigator\0x4D3E2D16\g01\composition.json,
outgame_navigator,0x4D3E2D16,g02,mapped,0x4D3E2D16/g02/00000,packages\0x4D3E2D16\png\g02_00000_872x960_bc7.png,872,960,2,30,previews\outgame_navigator\0x4D3E2D16_g02.png,projects\outgame_navigator\0x4D3E2D16\g02\composition.json,
outgame_navigator,0x4D3E2D16,g03,mapped,0x4D3E2D16/g03/00000,packages\0x4D3E2D16\png\g03_00000_872x960_bc7.png,872,960,2,24,previews\outgame_navigator\0x4D3E2D16_g03.png,projects\outgame_navigator\0x4D3E2D16\g03\composition.json,
outgame_navigator,0x4D3E2D16,g04,mapped,0x4D3E2D16/g04/00000,packages\0x4D3E2D16\png\g04_00000_872x960_bc7.png,872,960,2,24,previews\outgame_navigator\0x4D3E2D16_g04.png,projects\outgame_navigator\0x4D3E2D16\g04\composition.json,
outgame_navigator,0x4D3E2D16,g05,mapped,0x4D3E2D16/g05/00000,packages\0x4D3E2D16\png\g05_00000_872x960_bc7.png,872,960,2,21,previews\outgame_navigator\0x4D3E2D16_g05.png,projects\outgame_navigator\0x4D3E2D16\g05\composition.json,
outgame_navigator,0x4D3E2D16,g06,mapped,0x4D3E2D16/g06/00000,packages\0x4D3E2D16\png\g06_00000_872x960_bc7.png,872,960,2,21,previews\outgame_navigator\0x4D3E2D16_g06.png,projects\outgame_navigator\0x4D3E2D16\g06\composition.json,
outgame_navigator,0x4D3E2D16,g07,mapped,0x4D3E2D16/g07/00000,packages\0x4D3E2D16\png\g07_00000_872x960_bc7.png,872,960,2,15,previews\outgame_navigator\0x4D3E2D16_g07.png,projects\outgame_navigator\0x4D3E2D16\g07\composition.json,
outgame_navigator,0x4D3E2D16,g08,mapped,0x4D3E2D16/g08/00000,packages\0x4D3E2D16\png\g08_00000_872x960_bc7.png,872,960,2,15,previews\outgame_navigator\0x4D3E2D16_g08.png,projects\outgame_navigator\0x4D3E2D16\g08\composition.json,
combat_portrait,0x4D6FF420,g00,mapped,0x4D6FF420/g00/00001,packages\0x4D6FF420\png\g00_00001_572x572_bc7.png,572,572,1,2,previews\combat_portrait\0x4D6FF420_g00.png,projects\combat_portrait\0x4D6FF420\g00\composition.json,
combat_portrait,0x4D7CDE46,g00,mapped,0x4D7CDE46/g00/00001,packages\0x4D7CDE46\png\g00_00001_572x572_bc7.png,572,572,1,2,previews\combat_portrait\0x4D7CDE46_g00.png,projects\combat_portrait\0x4D7CDE46\g00\composition.json,
ingame_navigator,0x4D7D2BE5,g00,mapped,0x4D7D2BE5/g00/00000,packages\0x4D7D2BE5\png\g00_00000_260x180_bc7.png,260,180,2,18,previews\ingame_navigator\0x4D7D2BE5_g00.png,projects\ingame_navigator\0x4D7D2BE5\g00\composition.json,
outgame_navigator,0x4E3690EE,g00,mapped,0x4E3690EE/g00/00000,packages\0x4E3690EE\png\g00_00000_872x960_bc7.png,872,960,2,15,previews\outgame_navigator\0x4E3690EE_g00.png,projects\outgame_navigator\0x4E3690EE\g00\composition.json,
outgame_navigator,0x4E3690EE,g01,mapped,0x4E3690EE/g01/00000,packages\0x4E3690EE\png\g01_00000_872x960_bc7.png,872,960,2,15,previews\outgame_navigator\0x4E3690EE_g01.png,projects\outgame_navigator\0x4E3690EE\g01\composition.json,
outgame_navigator,0x4E3690EE,g02,mapped,0x4E3690EE/g02/00000,packages\0x4E3690EE\png\g02_00000_872x960_bc7.png,872,960,2,12,previews\outgame_navigator\0x4E3690EE_g02.png,projects\outgame_navigator\0x4E3690EE\g02\composition.json,
outgame_navigator,0x4E3690EE,g03,mapped,0x4E3690EE/g03/00000,packages\0x4E3690EE\png\g03_00000_872x960_bc7.png,872,960,2,12,previews\outgame_navigator\0x4E3690EE_g03.png,projects\outgame_navigator\0x4E3690EE\g03\composition.json,
outgame_navigator,0x4E3690EE,g04,mapped,0x4E3690EE/g04/00000,packages\0x4E3690EE\png\g04_00000_872x960_bc7.png,872,960,2,10,previews\outgame_navigator\0x4E3690EE_g04.png,projects\outgame_navigator\0x4E3690EE\g04\composition.json,
outgame_navigator,0x4E3690EE,g05,mapped,0x4E3690EE/g05/00000,packages\0x4E3690EE\png\g05_00000_872x960_bc7.png,872,960,2,10,previews\outgame_navigator\0x4E3690EE_g05.png,projects\outgame_navigator\0x4E3690EE\g05\composition.json,
outgame_navigator,0x4E3690EE,g06,mapped,0x4E3690EE/g06/00000,packages\0x4E3690EE\png\g06_00000_872x960_bc7.png,872,960,2,28,previews\outgame_navigator\0x4E3690EE_g06.png,projects\outgame_navigator\0x4E3690EE\g06\composition.json,
outgame_navigator,0x4E3690EE,g07,mapped,0x4E3690EE/g07/00000,packages\0x4E3690EE\png\g07_00000_872x960_bc7.png,872,960,2,28,previews\outgame_navigator\0x4E3690EE_g07.png,projects\outgame_navigator\0x4E3690EE\g07\composition.json,
outgame_navigator,0x4ED5D61B,g00,mapped,0x4ED5D61B/g00/00000,packages\0x4ED5D61B\png\g00_00000_872x960_bc7.png,872,960,2,15,previews\outgame_navigator\0x4ED5D61B_g00.png,projects\outgame_navigator\0x4ED5D61B\g00\composition.json,
outgame_navigator,0x4ED5D61B,g01,mapped,0x4ED5D61B/g01/00000,packages\0x4ED5D61B\png\g01_00000_872x960_bc7.png,872,960,2,15,previews\outgame_navigator\0x4ED5D61B_g01.png,projects\outgame_navigator\0x4ED5D61B\g01\composition.json,
outgame_navigator,0x4ED5D61B,g02,mapped,0x4ED5D61B/g02/00000,packages\0x4ED5D61B\png\g02_00000_872x960_bc7.png,872,960,2,18,previews\outgame_navigator\0x4ED5D61B_g02.png,projects\outgame_navigator\0x4ED5D61B\g02\composition.json,
outgame_navigator,0x4ED5D61B,g03,mapped,0x4ED5D61B/g03/00000,packages\0x4ED5D61B\png\g03_00000_872x960_bc7.png,872,960,2,18,previews\outgame_navigator\0x4ED5D61B_g03.png,projects\outgame_navigator\0x4ED5D61B\g03\composition.json,
outgame_navigator,0x4ED5D61B,g04,mapped,0x4ED5D61B/g04/00000,packages\0x4ED5D61B\png\g04_00000_872x960_bc7.png,872,960,2,6,previews\outgame_navigator\0x4ED5D61B_g04.png,projects\outgame_navigator\0x4ED5D61B\g04\composition.json,
ingame_navigator,0x4FD46880,g00,mapped,0x4FD46880/g00/00000,packages\0x4FD46880\png\g00_00000_260x180_bc7.png,260,180,2,24,previews\ingame_navigator\0x4FD46880_g00.png,projects\ingame_navigator\0x4FD46880\g00\composition.json,
combat_portrait,0x4FEABC44,g00,mapped,0x4FEABC44/g00/00001,packages\0x4FEABC44\png\g00_00001_572x572_bc7.png,572,572,1,2,previews\combat_portrait\0x4FEABC44_g00.png,projects\combat_portrait\0x4FEABC44\g00\composition.json,
combat_portrait,0x52E44B8C,g00,mapped,0x52E44B8C/g00/00001,packages\0x52E44B8C\png\g00_00001_572x572_bc7.png,572,572,1,2,previews\combat_portrait\0x52E44B8C_g00.png,projects\combat_portrait\0x52E44B8C\g00\composition.json,
combat_portrait,0x52EF50B6,g00,mapped,0x52EF50B6/g00/00001,packages\0x52EF50B6\png\g00_00001_572x572_bc7.png,572,572,1,2,previews\combat_portrait\0x52EF50B6_g00.png,projects\combat_portrait\0x52EF50B6\g00\composition.json,
combat_portrait,0x52F973DC,g00,mapped,0x52F973DC/g00/00001,packages\0x52F973DC\png\g00_00001_572x572_bc7.png,572,572,1,2,previews\combat_portrait\0x52F973DC_g00.png,projects\combat_portrait\0x52F973DC\g00\composition.json,
combat_portrait,0x53CBC385,g00,mapped,0x53CBC385/g00/00001,packages\0x53CBC385\png\g00_00001_572x572_bc7.png,572,572,1,2,previews\combat_portrait\0x53CBC385_g00.png,projects\combat_portrait\0x53CBC385\g00\composition.json,
combat_portrait,0x53DDE0EF,g00,mapped,0x53DDE0EF/g00/00001,packages\0x53DDE0EF\png\g00_00001_572x572_bc7.png,572,572,1,2,previews\combat_portrait\0x53DDE0EF_g00.png,projects\combat_portrait\0x53DDE0EF\g00\composition.json,
combat_portrait,0x54458587,g00,mapped,0x54458587/g00/00001,packages\0x54458587\png\g00_00001_572x572_bc7.png,572,572,1,2,previews\combat_portrait\0x54458587_g00.png,projects\combat_portrait\0x54458587\g00\composition.json,
outgame_navigator,0x54BB193A,g00,mapped,0x54BB193A/g00/00000,packages\0x54BB193A\png\g00_00000_872x960_bc7.png,872,960,2,27,previews\outgame_navigator\0x54BB193A_g00.png,projects\outgame_navigator\0x54BB193A\g00\composition.json,
outgame_navigator,0x54BB193A,g01,mapped,0x54BB193A/g01/00000,packages\0x54BB193A\png\g01_00000_872x960_bc7.png,872,960,2,27,previews\outgame_navigator\0x54BB193A_g01.png,projects\outgame_navigator\0x54BB193A\g01\composition.json,
outgame_navigator,0x54BB193A,g02,mapped,0x54BB193A/g02/00000,packages\0x54BB193A\png\g02_00000_872x960_bc7.png,872,960,2,27,previews\outgame_navigator\0x54BB193A_g02.png,projects\outgame_navigator\0x54BB193A\g02\composition.json,
outgame_navigator,0x54BB193A,g03,mapped,0x54BB193A/g03/00000,packages\0x54BB193A\png\g03_00000_872x960_bc7.png,872,960,2,22,previews\outgame_navigator\0x54BB193A_g03.png,projects\outgame_navigator\0x54BB193A\g03\composition.json,
outgame_navigator,0x54BB193A,g04,mapped,0x54BB193A/g04/00000,packages\0x54BB193A\png\g04_00000_872x960_bc7.png,872,960,2,22,previews\outgame_navigator\0x54BB193A_g04.png,projects\outgame_navigator\0x54BB193A\g04\composition.json,
outgame_navigator,0x54BB193A,g05,mapped,0x54BB193A/g05/00000,packages\0x54BB193A\png\g05_00000_872x960_bc7.png,872,960,2,22,previews\outgame_navigator\0x54BB193A_g05.png,projects\outgame_navigator\0x54BB193A\g05\composition.json,
outgame_navigator,0x54BB193A,g06,mapped,0x54BB193A/g06/00000,packages\0x54BB193A\png\g06_00000_872x960_bc7.png,872,960,2,21,previews\outgame_navigator\0x54BB193A_g06.png,projects\outgame_navigator\0x54BB193A\g06\composition.json,
outgame_navigator,0x54BB193A,g07,mapped,0x54BB193A/g07/00000,packages\0x54BB193A\png\g07_00000_872x960_bc7.png,872,960,2,21,previews\outgame_navigator\0x54BB193A_g07.png,projects\outgame_navigator\0x54BB193A\g07\composition.json,
outgame_navigator,0x54BB193A,g08,mapped,0x54BB193A/g08/00000,packages\0x54BB193A\png\g08_00000_872x960_bc7.png,872,960,2,6,previews\outgame_navigator\0x54BB193A_g08.png,projects\outgame_navigator\0x54BB193A\g08\composition.json,
outgame_navigator,0x54BB193A,g09,mapped,0x54BB193A/g09/00000,packages\0x54BB193A\png\g09_00000_872x960_bc7.png,872,960,2,6,previews\outgame_navigator\0x54BB193A_g09.png,projects\outgame_navigator\0x54BB193A\g09\composition.json,
combat_portrait,0x55BE1916,g00,mapped,0x55BE1916/g00/00001,packages\0x55BE1916\png\g00_00001_572x572_bc7.png,572,572,1,2,previews\combat_portrait\0x55BE1916_g00.png,projects\combat_portrait\0x55BE1916\g00\composition.json,
combat_portrait,0x560245C3,g00,mapped,0x560245C3/g00/00001,packages\0x560245C3\png\g00_00001_572x572_bc7.png,572,572,1,2,previews\combat_portrait\0x560245C3_g00.png,projects\combat_portrait\0x560245C3\g00\composition.json,
outgame_navigator,0x56D6E0E6,g00,mapped,0x56D6E0E6/g00/00000,packages\0x56D6E0E6\png\g00_00000_872x960_bc7.png,872,960,2,28,previews\outgame_navigator\0x56D6E0E6_g00.png,projects\outgame_navigator\0x56D6E0E6\g00\composition.json,
outgame_navigator,0x56D6E0E6,g01,mapped,0x56D6E0E6/g01/00000,packages\0x56D6E0E6\png\g01_00000_872x960_bc7.png,872,960,2,28,previews\outgame_navigator\0x56D6E0E6_g01.png,projects\outgame_navigator\0x56D6E0E6\g01\composition.json,
outgame_navigator,0x56D6E0E6,g02,mapped,0x56D6E0E6/g02/00000,packages\0x56D6E0E6\png\g02_00000_872x960_bc7.png,872,960,2,6,previews\outgame_navigator\0x56D6E0E6_g02.png,projects\outgame_navigator\0x56D6E0E6\g02\composition.json,
outgame_navigator,0x56D6E0E6,g03,mapped,0x56D6E0E6/g03/00000,packages\0x56D6E0E6\png\g03_00000_872x960_bc7.png,872,960,2,6,previews\outgame_navigator\0x56D6E0E6_g03.png,projects\outgame_navigator\0x56D6E0E6\g03\composition.json,
outgame_navigator,0x56D6E0E6,g04,mapped,0x56D6E0E6/g04/00000,packages\0x56D6E0E6\png\g04_00000_872x960_bc7.png,872,960,2,17,previews\outgame_navigator\0x56D6E0E6_g04.png,projects\outgame_navigator\0x56D6E0E6\g04\composition.json,
outgame_navigator,0x56D6E0E6,g05,mapped,0x56D6E0E6/g05/00000,packages\0x56D6E0E6\png\g05_00000_872x960_bc7.png,872,960,2,17,previews\outgame_navigator\0x56D6E0E6_g05.png,projects\outgame_navigator\0x56D6E0E6\g05\composition.json,
outgame_navigator,0x56D6E0E6,g06,mapped,0x56D6E0E6/g06/00000,packages\0x56D6E0E6\png\g06_00000_872x960_bc7.png,872,960,2,17,previews\outgame_navigator\0x56D6E0E6_g06.png,projects\outgame_navigator\0x56D6E0E6\g06\composition.json,
outgame_navigator,0x56D6E0E6,g07,mapped,0x56D6E0E6/g07/00000,packages\0x56D6E0E6\png\g07_00000_872x960_bc7.png,872,960,2,17,previews\outgame_navigator\0x56D6E0E6_g07.png,projects\outgame_navigator\0x56D6E0E6\g07\composition.json,
outgame_navigator,0x56D6E0E6,g08,mapped,0x56D6E0E6/g08/00017,packages\0x56D6E0E6\png\g08_00017_872x960_bc7.png,872,960,2,17,previews\outgame_navigator\0x56D6E0E6_g08.png,projects\outgame_navigator\0x56D6E0E6\g08\composition.json,
outgame_navigator,0x56D6E0E6,g09,mapped,0x56D6E0E6/g09/00000,packages\0x56D6E0E6\png\g09_00000_872x960_bc7.png,872,960,2,17,previews\outgame_navigator\0x56D6E0E6_g09.png,projects\outgame_navigator\0x56D6E0E6\g09\composition.json,
outgame_navigator,0x56D6E0E6,g10,mapped,0x56D6E0E6/g10/00000,packages\0x56D6E0E6\png\g10_00000_872x960_bc7.png,872,960,2,6,previews\outgame_navigator\0x56D6E0E6_g10.png,projects\outgame_navigator\0x56D6E0E6\g10\composition.json,
outgame_navigator,0x56D6E0E6,g11,mapped,0x56D6E0E6/g11/00000,packages\0x56D6E0E6\png\g11_00000_872x960_bc7.png,872,960,0,0,previews\outgame_navigator\0x56D6E0E6_g11.png,projects\outgame_navigator\0x56D6E0E6\g11\composition.json,
combat_portrait,0x57175C60,g00,mapped,0x57175C60/g00/00001,packages\0x57175C60\png\g00_00001_572x572_bc7.png,572,572,1,2,previews\combat_portrait\0x57175C60_g00.png,projects\combat_portrait\0x57175C60\g00\composition.json,
combat_portrait,0x5726D6F0,g00,mapped,0x5726D6F0/g00/00001,packages\0x5726D6F0\png\g00_00001_572x572_bc7.png,572,572,1,2,previews\combat_portrait\0x5726D6F0_g00.png,projects\combat_portrait\0x5726D6F0\g00\composition.json,
combat_portrait,0x572830D2,g00,mapped,0x572830D2/g00/00001,packages\0x572830D2\png\g00_00001_572x572_bc7.png,572,572,1,2,previews\combat_portrait\0x572830D2_g00.png,projects\combat_portrait\0x572830D2\g00\composition.json,
combat_portrait,0x5730F59A,g00,mapped,0x5730F59A/g00/00001,packages\0x5730F59A\png\g00_00001_572x572_bc7.png,572,572,1,2,previews\combat_portrait\0x5730F59A_g00.png,projects\combat_portrait\0x5730F59A\g00\composition.json,
combat_portrait,0x573E13B8,g00,mapped,0x573E13B8/g00/00001,packages\0x573E13B8\png\g00_00001_572x572_bc7.png,572,572,1,2,previews\combat_portrait\0x573E13B8_g00.png,projects\combat_portrait\0x573E13B8\g00\composition.json,
combat_portrait,0x59A3185E,g00,mapped,0x59A3185E/g00/00001,packages\0x59A3185E\png\g00_00001_572x572_bc7.png,572,572,1,2,previews\combat_portrait\0x59A3185E_g00.png,projects\combat_portrait\0x59A3185E\g00\composition.json,
combat_portrait,0x5A07CA05,g00,mapped,0x5A07CA05/g00/00001,packages\0x5A07CA05\png\g00_00001_572x572_bc7.png,572,572,1,2,previews\combat_portrait\0x5A07CA05_g00.png,projects\combat_portrait\0x5A07CA05\g00\composition.json,
outgame_navigator,0x5A9C5F30,g00,mapped,0x5A9C5F30/g00/00000,packages\0x5A9C5F30\png\g00_00000_872x960_bc7.png,872,960,2,15,previews\outgame_navigator\0x5A9C5F30_g00.png,projects\outgame_navigator\0x5A9C5F30\g00\composition.json,
outgame_navigator,0x5A9C5F30,g01,mapped,0x5A9C5F30/g01/00000,packages\0x5A9C5F30\png\g01_00000_872x960_bc7.png,872,960,2,15,previews\outgame_navigator\0x5A9C5F30_g01.png,projects\outgame_navigator\0x5A9C5F30\g01\composition.json,
outgame_navigator,0x5A9C5F30,g02,mapped,0x5A9C5F30/g02/00000,packages\0x5A9C5F30\png\g02_00000_872x960_bc7.png,872,960,2,15,previews\outgame_navigator\0x5A9C5F30_g02.png,projects\outgame_navigator\0x5A9C5F30\g02\composition.json,
outgame_navigator,0x5A9C5F30,g03,mapped,0x5A9C5F30/g03/00000,packages\0x5A9C5F30\png\g03_00000_872x960_bc7.png,872,960,2,15,previews\outgame_navigator\0x5A9C5F30_g03.png,projects\outgame_navigator\0x5A9C5F30\g03\composition.json,
outgame_navigator,0x5A9C5F30,g04,mapped,0x5A9C5F30/g04/00000,packages\0x5A9C5F30\png\g04_00000_872x960_bc7.png,872,960,2,15,previews\outgame_navigator\0x5A9C5F30_g04.png,projects\outgame_navigator\0x5A9C5F30\g04\composition.json,
outgame_navigator,0x5A9C5F30,g05,mapped,0x5A9C5F30/g05/00000,packages\0x5A9C5F30\png\g05_00000_872x960_bc7.png,872,960,2,15,previews\outgame_navigator\0x5A9C5F30_g05.png,projects\outgame_navigator\0x5A9C5F30\g05\composition.json,
combat_portrait,0x5B2DBF14,g00,mapped,0x5B2DBF14/g00/00001,packages\0x5B2DBF14\png\g00_00001_572x572_bc7.png,572,572,1,2,previews\combat_portrait\0x5B2DBF14_g00.png,projects\combat_portrait\0x5B2DBF14\g00\composition.json,
combat_portrait,0x5D74D747,g00,mapped,0x5D74D747/g00/00001,packages\0x5D74D747\png\g00_00001_572x572_bc7.png,572,572,1,2,previews\combat_portrait\0x5D74D747_g00.png,projects\combat_portrait\0x5D74D747\g00\composition.json,
ingame_navigator,0x5E12A638,g00,mapped,0x5E12A638/g00/00000,packages\0x5E12A638\png\g00_00000_260x180_bc7.png,260,180,2,12,previews\ingame_navigator\0x5E12A638_g00.png,projects\ingame_navigator\0x5E12A638\g00\composition.json,
combat_portrait,0x5EEF2268,g00,mapped,0x5EEF2268/g00/00001,packages\0x5EEF2268\png\g00_00001_572x572_bc7.png,572,572,1,2,previews\combat_portrait\0x5EEF2268_g00.png,projects\combat_portrait\0x5EEF2268\g00\composition.json,
combat_portrait,0x5EF21A38,g00,mapped,0x5EF21A38/g00/00001,packages\0x5EF21A38\png\g00_00001_572x572_bc7.png,572,572,1,2,previews\combat_portrait\0x5EF21A38_g00.png,projects\combat_portrait\0x5EF21A38\g00\composition.json,
combat_portrait,0x5FD6890B,g00,mapped,0x5FD6890B/g00/00001,packages\0x5FD6890B\png\g00_00001_572x572_bc7.png,572,572,1,2,previews\combat_portrait\0x5FD6890B_g00.png,projects\combat_portrait\0x5FD6890B\g00\composition.json,
combat_portrait,0x5FF120F1,g00,mapped,0x5FF120F1/g00/00001,packages\0x5FF120F1\png\g00_00001_572x572_bc7.png,572,572,1,2,previews\combat_portrait\0x5FF120F1_g00.png,projects\combat_portrait\0x5FF120F1\g00\composition.json,
combat_portrait,0x5FFFC6D3,g00,mapped,0x5FFFC6D3/g00/00001,packages\0x5FFFC6D3\png\g00_00001_572x572_bc7.png,572,572,1,2,previews\combat_portrait\0x5FFFC6D3_g00.png,projects\combat_portrait\0x5FFFC6D3\g00\composition.json,
combat_portrait,0x6007D491,g00,mapped,0x6007D491/g00/00001,packages\0x6007D491\png\g00_00001_572x572_bc7.png,572,572,1,2,previews\combat_portrait\0x6007D491_g00.png,projects\combat_portrait\0x6007D491\g00\composition.json,
combat_portrait,0x6014FEF7,g00,mapped,0x6014FEF7/g00/00001,packages\0x6014FEF7\png\g00_00001_572x572_bc7.png,572,572,1,2,previews\combat_portrait\0x6014FEF7_g00.png,projects\combat_portrait\0x6014FEF7\g00\composition.json,
outgame_navigator,0x618872D9,g00,mapped,0x618872D9/g00/00000,packages\0x618872D9\png\g00_00000_872x960_bc7.png,872,960,2,24,previews\outgame_navigator\0x618872D9_g00.png,projects\outgame_navigator\0x618872D9\g00\composition.json,
outgame_navigator,0x618872D9,g01,mapped,0x618872D9/g01/00000,packages\0x618872D9\png\g01_00000_872x960_bc7.png,872,960,2,24,previews\outgame_navigator\0x618872D9_g01.png,projects\outgame_navigator\0x618872D9\g01\composition.json,
outgame_navigator,0x618872D9,g02,mapped,0x618872D9/g02/00000,packages\0x618872D9\png\g02_00000_872x960_bc7.png,872,960,2,27,previews\outgame_navigator\0x618872D9_g02.png,projects\outgame_navigator\0x618872D9\g02\composition.json,
outgame_navigator,0x618872D9,g03,mapped,0x618872D9/g03/00000,packages\0x618872D9\png\g03_00000_872x960_bc7.png,872,960,2,27,previews\outgame_navigator\0x618872D9_g03.png,projects\outgame_navigator\0x618872D9\g03\composition.json,
outgame_navigator,0x618872D9,g04,mapped,0x618872D9/g04/00000,packages\0x618872D9\png\g04_00000_872x960_bc7.png,872,960,2,27,previews\outgame_navigator\0x618872D9_g04.png,projects\outgame_navigator\0x618872D9\g04\composition.json,
outgame_navigator,0x618872D9,g05,mapped,0x618872D9/g05/00000,packages\0x618872D9\png\g05_00000_872x960_bc7.png,872,960,2,15,previews\outgame_navigator\0x618872D9_g05.png,projects\outgame_navigator\0x618872D9\g05\composition.json,
outgame_navigator,0x6212B422,g00,mapped,0x6212B422/g00/00000,packages\0x6212B422\png\g00_00000_872x960_bc7.png,872,960,2,24,previews\outgame_navigator\0x6212B422_g00.png,projects\outgame_navigator\0x6212B422\g00\composition.json,
outgame_navigator,0x6212B422,g01,mapped,0x6212B422/g01/00000,packages\0x6212B422\png\g01_00000_872x960_bc7.png,872,960,2,24,previews\outgame_navigator\0x6212B422_g01.png,projects\outgame_navigator\0x6212B422\g01\composition.json,
outgame_navigator,0x6212B422,g02,mapped,0x6212B422/g02/00000,packages\0x6212B422\png\g02_00000_872x960_bc7.png,872,960,2,24,previews\outgame_navigator\0x6212B422_g02.png,projects\outgame_navigator\0x6212B422\g02\composition.json,
outgame_navigator,0x6212B422,g03,mapped,0x6212B422/g03/00000,packages\0x6212B422\png\g03_00000_872x960_bc7.png,872,960,2,24,previews\outgame_navigator\0x6212B422_g03.png,projects\outgame_navigator\0x6212B422\g03\composition.json,
outgame_navigator,0x6212B422,g04,mapped,0x6212B422/g04/00000,packages\0x6212B422\png\g04_00000_872x960_bc7.png,872,960,2,18,previews\outgame_navigator\0x6212B422_g04.png,projects\outgame_navigator\0x6212B422\g04\composition.json,
outgame_navigator,0x6212B422,g05,mapped,0x6212B422/g05/00000,packages\0x6212B422\png\g05_00000_872x960_bc7.png,872,960,2,18,previews\outgame_navigator\0x6212B422_g05.png,projects\outgame_navigator\0x6212B422\g05\composition.json,
combat_portrait,0x62910941,g00,mapped,0x62910941/g00/00001,packages\0x62910941\png\g00_00001_572x572_bc7.png,572,572,1,2,previews\combat_portrait\0x62910941_g00.png,projects\combat_portrait\0x62910941\g00\composition.json,
combat_portrait,0x629A127B,g00,mapped,0x629A127B/g00/00001,packages\0x629A127B\png\g00_00001_572x572_bc7.png,572,572,2,4,previews\combat_portrait\0x629A127B_g00.png,projects\combat_portrait\0x629A127B\g00\composition.json,
combat_portrait,0x62AE65F3,g00,mapped,0x62AE65F3/g00/00001,packages\0x62AE65F3\png\g00_00001_572x572_bc7.png,572,572,1,2,previews\combat_portrait\0x62AE65F3_g00.png,projects\combat_portrait\0x62AE65F3\g00\composition.json,
outgame_navigator,0x63BDB9B0,g00,mapped,0x63BDB9B0/g00/00000,packages\0x63BDB9B0\png\g00_00000_872x960_bc7.png,872,960,2,18,previews\outgame_navigator\0x63BDB9B0_g00.png,projects\outgame_navigator\0x63BDB9B0\g00\composition.json,
outgame_navigator,0x63BDB9B0,g01,mapped,0x63BDB9B0/g01/00000,packages\0x63BDB9B0\png\g01_00000_872x960_bc7.png,872,960,2,18,previews\outgame_navigator\0x63BDB9B0_g01.png,projects\outgame_navigator\0x63BDB9B0\g01\composition.json,
outgame_navigator,0x63BDB9B0,g02,mapped,0x63BDB9B0/g02/00000,packages\0x63BDB9B0\png\g02_00000_872x960_bc7.png,872,960,2,12,previews\outgame_navigator\0x63BDB9B0_g02.png,projects\outgame_navigator\0x63BDB9B0\g02\composition.json,
outgame_navigator,0x63BDB9B0,g03,mapped,0x63BDB9B0/g03/00000,packages\0x63BDB9B0\png\g03_00000_872x960_bc7.png,872,960,2,12,previews\outgame_navigator\0x63BDB9B0_g03.png,projects\outgame_navigator\0x63BDB9B0\g03\composition.json,
outgame_navigator,0x63BDB9B0,g04,mapped,0x63BDB9B0/g04/00000,packages\0x63BDB9B0\png\g04_00000_872x960_bc7.png,872,960,2,12,previews\outgame_navigator\0x63BDB9B0_g04.png,projects\outgame_navigator\0x63BDB9B0\g04\composition.json,
outgame_navigator,0x63BDB9B0,g05,mapped,0x63BDB9B0/g05/00000,packages\0x63BDB9B0\png\g05_00000_872x960_bc7.png,872,960,2,12,previews\outgame_navigator\0x63BDB9B0_g05.png,projects\outgame_navigator\0x63BDB9B0\g05\composition.json,
outgame_navigator,0x63BDB9B0,g06,mapped,0x63BDB9B0/g06/00000,packages\0x63BDB9B0\png\g06_00000_872x960_bc7.png,872,960,2,6,previews\outgame_navigator\0x63BDB9B0_g06.png,projects\outgame_navigator\0x63BDB9B0\g06\composition.json,
combat_portrait,0x65D6979F,g00,mapped,0x65D6979F/g00/00001,packages\0x65D6979F\png\g00_00001_572x572_bc7.png,572,572,1,2,previews\combat_portrait\0x65D6979F_g00.png,projects\combat_portrait\0x65D6979F\g00\composition.json,
ingame_navigator,0x68C2BBB5,g00,mapped,0x68C2BBB5/g00/00000,packages\0x68C2BBB5\png\g00_00000_260x180_bc7.png,260,180,2,8,previews\ingame_navigator\0x68C2BBB5_g00.png,projects\ingame_navigator\0x68C2BBB5\g00\composition.json,
combat_portrait,0x6925AC37,g00,mapped,0x6925AC37/g00/00001,packages\0x6925AC37\png\g00_00001_572x572_bc7.png,572,572,1,2,previews\combat_portrait\0x6925AC37_g00.png,projects\combat_portrait\0x6925AC37\g00\composition.json,
ingame_navigator,0x69590D2A,g00,mapped_with_warning,0x69590D2A/g00/00000,packages\0x69590D2A\png\g00_00000_260x180_bc7.png,260,180,1,3,previews\ingame_navigator\0x69590D2A_g00.png,projects\ingame_navigator\0x69590D2A\g00\composition.json,unmapped overlay family 44x28
combat_portrait,0x6A481962,g00,mapped,0x6A481962/g00/00001,packages\0x6A481962\png\g00_00001_572x572_bc7.png,572,572,1,2,previews\combat_portrait\0x6A481962_g00.png,projects\combat_portrait\0x6A481962\g00\composition.json,
combat_portrait,0x6A50DC2A,g00,mapped,0x6A50DC2A/g00/00001,packages\0x6A50DC2A\png\g00_00001_572x572_bc7.png,572,572,1,2,previews\combat_portrait\0x6A50DC2A_g00.png,projects\combat_portrait\0x6A50DC2A\g00\composition.json,
outgame_navigator,0x6A55EEBF,g00,mapped_with_warning,0x6A55EEBF/g00/00000,packages\0x6A55EEBF\png\g00_00000_872x960_bc7.png,872,960,1,9,previews\outgame_navigator\0x6A55EEBF_g00.png,projects\outgame_navigator\0x6A55EEBF\g00\composition.json,unmapped overlay family 136x56
outgame_navigator,0x6A55EEBF,g01,mapped_with_warning,0x6A55EEBF/g01/00000,packages\0x6A55EEBF\png\g01_00000_872x960_bc7.png,872,960,1,9,previews\outgame_navigator\0x6A55EEBF_g01.png,projects\outgame_navigator\0x6A55EEBF\g01\composition.json,unmapped overlay family 136x56
outgame_navigator,0x6A55EEBF,g02,mapped_with_warning,0x6A55EEBF/g02/00000,packages\0x6A55EEBF\png\g02_00000_872x960_bc7.png,872,960,1,9,previews\outgame_navigator\0x6A55EEBF_g02.png,projects\outgame_navigator\0x6A55EEBF\g02\composition.json,unmapped overlay family 136x56
outgame_navigator,0x6A55EEBF,g03,mapped_with_warning,0x6A55EEBF/g03/00000,packages\0x6A55EEBF\png\g03_00000_872x960_bc7.png,872,960,1,6,previews\outgame_navigator\0x6A55EEBF_g03.png,projects\outgame_navigator\0x6A55EEBF\g03\composition.json,unmapped overlay family 128x56
outgame_navigator,0x6A55EEBF,g04,mapped_with_warning,0x6A55EEBF/g04/00000,packages\0x6A55EEBF\png\g04_00000_872x960_bc7.png,872,960,1,6,previews\outgame_navigator\0x6A55EEBF_g04.png,projects\outgame_navigator\0x6A55EEBF\g04\composition.json,unmapped overlay family 128x56
outgame_navigator,0x6A55EEBF,g05,mapped_with_warning,0x6A55EEBF/g05/00000,packages\0x6A55EEBF\png\g05_00000_872x960_bc7.png,872,960,1,6,previews\outgame_navigator\0x6A55EEBF_g05.png,projects\outgame_navigator\0x6A55EEBF\g05\composition.json,unmapped overlay family 140x64
outgame_navigator,0x6A55EEBF,g06,mapped_with_warning,0x6A55EEBF/g06/00000,packages\0x6A55EEBF\png\g06_00000_872x960_bc7.png,872,960,1,6,previews\outgame_navigator\0x6A55EEBF_g06.png,projects\outgame_navigator\0x6A55EEBF\g06\composition.json,unmapped overlay family 140x64
combat_portrait,0x6A5E3A08,g00,mapped,0x6A5E3A08/g00/00001,packages\0x6A5E3A08\png\g00_00001_572x572_bc7.png,572,572,1,2,previews\combat_portrait\0x6A5E3A08_g00.png,projects\combat_portrait\0x6A5E3A08\g00\composition.json,
combat_portrait,0x6A6156BA,g00,mapped,0x6A6156BA/g00/00001,packages\0x6A6156BA\png\g00_00001_572x572_bc7.png,572,572,1,2,previews\combat_portrait\0x6A6156BA_g00.png,projects\combat_portrait\0x6A6156BA\g00\composition.json,
ingame_navigator,0x6B3EA14A,g00,mapped,0x6B3EA14A/g00/00000,packages\0x6B3EA14A\png\g00_00000_260x180_bc7.png,260,180,2,10,previews\ingame_navigator\0x6B3EA14A_g00.png,projects\ingame_navigator\0x6B3EA14A\g00\composition.json,
combat_portrait,0x6B626C73,g00,mapped,0x6B626C73/g00/00001,packages\0x6B626C73\png\g00_00001_572x572_bc7.png,572,572,1,2,previews\combat_portrait\0x6B626C73_g00.png,projects\combat_portrait\0x6B626C73\g00\composition.json,
combat_portrait,0x6B744F19,g00,mapped,0x6B744F19/g00/00001,packages\0x6B744F19\png\g00_00001_572x572_bc7.png,572,572,1,2,previews\combat_portrait\0x6B744F19_g00.png,projects\combat_portrait\0x6B744F19\g00\composition.json,
combat_portrait,0x6B7AA93B,g00,mapped,0x6B7AA93B/g00/00001,packages\0x6B7AA93B\png\g00_00001_572x572_bc7.png,572,572,1,2,previews\combat_portrait\0x6B7AA93B_g00.png,projects\combat_portrait\0x6B7AA93B\g00\composition.json,
outgame_navigator,0x6E436400,g00,mapped,0x6E436400/g00/00000,packages\0x6E436400\png\g00_00000_872x960_bc7.png,872,960,2,15,previews\outgame_navigator\0x6E436400_g00.png,projects\outgame_navigator\0x6E436400\g00\composition.json,
outgame_navigator,0x6E436400,g01,mapped,0x6E436400/g01/00000,packages\0x6E436400\png\g01_00000_872x960_bc7.png,872,960,2,15,previews\outgame_navigator\0x6E436400_g01.png,projects\outgame_navigator\0x6E436400\g01\composition.json,
outgame_navigator,0x6E436400,g02,mapped,0x6E436400/g02/00000,packages\0x6E436400\png\g02_00000_872x960_bc7.png,872,960,2,12,previews\outgame_navigator\0x6E436400_g02.png,projects\outgame_navigator\0x6E436400\g02\composition.json,
outgame_navigator,0x6E436400,g03,mapped,0x6E436400/g03/00000,packages\0x6E436400\png\g03_00000_872x960_bc7.png,872,960,2,12,previews\outgame_navigator\0x6E436400_g03.png,projects\outgame_navigator\0x6E436400\g03\composition.json,
outgame_navigator,0x6E436400,g04,mapped,0x6E436400/g04/00000,packages\0x6E436400\png\g04_00000_872x960_bc7.png,872,960,2,18,previews\outgame_navigator\0x6E436400_g04.png,projects\outgame_navigator\0x6E436400\g04\composition.json,
outgame_navigator,0x6E436400,g05,mapped,0x6E436400/g05/00000,packages\0x6E436400\png\g05_00000_872x960_bc7.png,872,960,2,18,previews\outgame_navigator\0x6E436400_g05.png,projects\outgame_navigator\0x6E436400\g05\composition.json,
outgame_navigator,0x6E436400,g06,mapped,0x6E436400/g06/00000,packages\0x6E436400\png\g06_00000_872x960_bc7.png,872,960,2,18,previews\outgame_navigator\0x6E436400_g06.png,projects\outgame_navigator\0x6E436400\g06\composition.json,
outgame_navigator,0x6E436400,g07,mapped,0x6E436400/g07/00000,packages\0x6E436400\png\g07_00000_872x960_bc7.png,872,960,2,18,previews\outgame_navigator\0x6E436400_g07.png,projects\outgame_navigator\0x6E436400\g07\composition.json,
outgame_navigator,0x6E8413CD,a1,mapped,0x6E8413CD/a1/00000,packages\0x6E8413CD\png\a1_00000_872x960_bc7.png,872,960,2,18,previews\outgame_navigator\0x6E8413CD_a1.png,projects\outgame_navigator\0x6E8413CD\a1\composition.json,
outgame_navigator,0x6E8413CD,a2,mapped,0x6E8413CD/a2/00000,packages\0x6E8413CD\png\a2_00000_872x960_bc7.png,872,960,2,18,previews\outgame_navigator\0x6E8413CD_a2.png,projects\outgame_navigator\0x6E8413CD\a2\composition.json,
outgame_navigator,0x6E8413CD,d1,mapped,0x6E8413CD/d1/00000,packages\0x6E8413CD\png\d1_00000_872x960_bc7.png,872,960,2,12,previews\outgame_navigator\0x6E8413CD_d1.png,projects\outgame_navigator\0x6E8413CD\d1\composition.json,
outgame_navigator,0x6E8413CD,d2,mapped,0x6E8413CD/d2/00000,packages\0x6E8413CD\png\d2_00000_872x960_bc7.png,872,960,2,12,previews\outgame_navigator\0x6E8413CD_d2.png,projects\outgame_navigator\0x6E8413CD\d2\composition.json,
combat_portrait,0x6E948687,g00,mapped,0x6E948687/g00/00001,packages\0x6E948687\png\g00_00001_572x572_bc7.png,572,572,1,2,previews\combat_portrait\0x6E948687_g00.png,projects\combat_portrait\0x6E948687\g00\composition.json,
combat_portrait,0x6EABEA35,g00,mapped,0x6EABEA35/g00/00001,packages\0x6EABEA35\png\g00_00001_572x572_bc7.png,572,572,1,2,previews\combat_portrait\0x6EABEA35_g00.png,projects\combat_portrait\0x6EABEA35\g00\composition.json,
combat_portrait,0x6EBDC95F,g00,mapped,0x6EBDC95F/g00/00001,packages\0x6EBDC95F\png\g00_00001_572x572_bc7.png,572,572,1,2,previews\combat_portrait\0x6EBDC95F_g00.png,projects\combat_portrait\0x6EBDC95F\g00\composition.json,
combat_portrait,0x6F84623C,g00,mapped,0x6F84623C/g00/00001,packages\0x6F84623C\png\g00_00001_572x572_bc7.png,572,572,1,2,previews\combat_portrait\0x6F84623C_g00.png,projects\combat_portrait\0x6F84623C\g00\composition.json,
combat_portrait,0x6F8F7906,g00,mapped,0x6F8F7906/g00/00001,packages\0x6F8F7906\png\g00_00001_572x572_bc7.png,572,572,1,2,previews\combat_portrait\0x6F8F7906_g00.png,projects\combat_portrait\0x6F8F7906\g00\composition.json,
combat_portrait,0x6F995A6C,g00,mapped,0x6F995A6C/g00/00001,packages\0x6F995A6C\png\g00_00001_572x572_bc7.png,572,572,1,2,previews\combat_portrait\0x6F995A6C_g00.png,projects\combat_portrait\0x6F995A6C\g00\composition.json,
outgame_navigator,0x6FD9D63E,g00,mapped,0x6FD9D63E/g00/00000,packages\0x6FD9D63E\png\g00_00000_872x960_bc7.png,872,960,2,21,previews\outgame_navigator\0x6FD9D63E_g00.png,projects\outgame_navigator\0x6FD9D63E\g00\composition.json,
outgame_navigator,0x6FD9D63E,g01,mapped,0x6FD9D63E/g01/00000,packages\0x6FD9D63E\png\g01_00000_872x960_bc7.png,872,960,2,12,previews\outgame_navigator\0x6FD9D63E_g01.png,projects\outgame_navigator\0x6FD9D63E\g01\composition.json,
outgame_navigator,0x6FD9D63E,g02,mapped,0x6FD9D63E/g02/00000,packages\0x6FD9D63E\png\g02_00000_872x960_bc7.png,872,960,2,12,previews\outgame_navigator\0x6FD9D63E_g02.png,projects\outgame_navigator\0x6FD9D63E\g02\composition.json,
outgame_navigator,0x6FD9D63E,g03,mapped,0x6FD9D63E/g03/00000,packages\0x6FD9D63E\png\g03_00000_872x960_bc7.png,872,960,2,6,previews\outgame_navigator\0x6FD9D63E_g03.png,projects\outgame_navigator\0x6FD9D63E\g03\composition.json,
outgame_navigator,0x6FD9D63E,g04,mapped,0x6FD9D63E/g04/00000,packages\0x6FD9D63E\png\g04_00000_872x960_bc7.png,872,960,2,10,previews\outgame_navigator\0x6FD9D63E_g04.png,projects\outgame_navigator\0x6FD9D63E\g04\composition.json,
outgame_navigator,0x6FD9D63E,g05,mapped,0x6FD9D63E/g05/00000,packages\0x6FD9D63E\png\g05_00000_872x960_bc7.png,872,960,2,10,previews\outgame_navigator\0x6FD9D63E_g05.png,projects\outgame_navigator\0x6FD9D63E\g05\composition.json,
outgame_navigator,0x6FD9D63E,g06,mapped,0x6FD9D63E/g06/00000,packages\0x6FD9D63E\png\g06_00000_872x960_bc7.png,872,960,2,12,previews\outgame_navigator\0x6FD9D63E_g06.png,projects\outgame_navigator\0x6FD9D63E\g06\composition.json,
outgame_navigator,0x6FD9D63E,g07,mapped,0x6FD9D63E/g07/00000,packages\0x6FD9D63E\png\g07_00000_872x960_bc7.png,872,960,2,12,previews\outgame_navigator\0x6FD9D63E_g07.png,projects\outgame_navigator\0x6FD9D63E\g07\composition.json,
combat_portrait,0x700432BE,g00,mapped,0x700432BE/g00/00001,packages\0x700432BE\png\g00_00001_572x572_bc7.png,572,572,1,4,previews\combat_portrait\0x700432BE_g00.png,projects\combat_portrait\0x700432BE\g00\composition.json,
outgame_navigator,0x703F0B3A,g00,mapped,0x703F0B3A/g00/00000,packages\0x703F0B3A\png\g00_00000_872x960_bc7.png,872,960,2,24,previews\outgame_navigator\0x703F0B3A_g00.png,projects\outgame_navigator\0x703F0B3A\g00\composition.json,
outgame_navigator,0x703F0B3A,g01,mapped,0x703F0B3A/g01/00000,packages\0x703F0B3A\png\g01_00000_872x960_bc7.png,872,960,2,24,previews\outgame_navigator\0x703F0B3A_g01.png,projects\outgame_navigator\0x703F0B3A\g01\composition.json,
outgame_navigator,0x703F0B3A,g02,mapped,0x703F0B3A/g02/00000,packages\0x703F0B3A\png\g02_00000_872x960_bc7.png,872,960,2,24,previews\outgame_navigator\0x703F0B3A_g02.png,projects\outgame_navigator\0x703F0B3A\g02\composition.json,
outgame_navigator,0x703F0B3A,g03,mapped,0x703F0B3A/g03/00000,packages\0x703F0B3A\png\g03_00000_872x960_bc7.png,872,960,2,24,previews\outgame_navigator\0x703F0B3A_g03.png,projects\outgame_navigator\0x703F0B3A\g03\composition.json,
outgame_navigator,0x703F0B3A,g04,mapped,0x703F0B3A/g04/00000,packages\0x703F0B3A\png\g04_00000_872x960_bc7.png,872,960,2,12,previews\outgame_navigator\0x703F0B3A_g04.png,projects\outgame_navigator\0x703F0B3A\g04\composition.json,
outgame_navigator,0x703F0B3A,g05,mapped,0x703F0B3A/g05/00000,packages\0x703F0B3A\png\g05_00000_872x960_bc7.png,872,960,2,12,previews\outgame_navigator\0x703F0B3A_g05.png,projects\outgame_navigator\0x703F0B3A\g05\composition.json,
outgame_navigator,0x707A36C4,g00,mapped,0x707A36C4/g00/00000,packages\0x707A36C4\png\g00_00000_872x960_bc7.png,872,960,2,18,previews\outgame_navigator\0x707A36C4_g00.png,projects\outgame_navigator\0x707A36C4\g00\composition.json,
outgame_navigator,0x707A36C4,g01,mapped,0x707A36C4/g01/00000,packages\0x707A36C4\png\g01_00000_872x960_bc7.png,872,960,2,18,previews\outgame_navigator\0x707A36C4_g01.png,projects\outgame_navigator\0x707A36C4\g01\composition.json,
outgame_navigator,0x707A36C4,g02,mapped,0x707A36C4/g02/00000,packages\0x707A36C4\png\g02_00000_872x960_bc7.png,872,960,2,6,previews\outgame_navigator\0x707A36C4_g02.png,projects\outgame_navigator\0x707A36C4\g02\composition.json,
outgame_navigator,0x707A36C4,g03,mapped,0x707A36C4/g03/00000,packages\0x707A36C4\png\g03_00000_872x960_bc7.png,872,960,2,12,previews\outgame_navigator\0x707A36C4_g03.png,projects\outgame_navigator\0x707A36C4\g03\composition.json,
outgame_navigator,0x707A36C4,g04,mapped,0x707A36C4/g04/00000,packages\0x707A36C4\png\g04_00000_872x960_bc7.png,872,960,2,12,previews\outgame_navigator\0x707A36C4_g04.png,projects\outgame_navigator\0x707A36C4\g04\composition.json,
outgame_navigator,0x710A1333,g00,mapped,0x710A1333/g00/00000,packages\0x710A1333\png\g00_00000_872x960_bc7.png,872,960,2,36,previews\outgame_navigator\0x710A1333_g00.png,projects\outgame_navigator\0x710A1333\g00\composition.json,
outgame_navigator,0x710A1333,g01,mapped,0x710A1333/g01/00000,packages\0x710A1333\png\g01_00000_872x960_bc7.png,872,960,2,36,previews\outgame_navigator\0x710A1333_g01.png,projects\outgame_navigator\0x710A1333\g01\composition.json,
outgame_navigator,0x710A1333,g02,mapped,0x710A1333/g02/00000,packages\0x710A1333\png\g02_00000_872x960_bc7.png,872,960,2,36,previews\outgame_navigator\0x710A1333_g02.png,projects\outgame_navigator\0x710A1333\g02\composition.json,
outgame_navigator,0x710A1333,g03,mapped,0x710A1333/g03/00000,packages\0x710A1333\png\g03_00000_872x960_bc7.png,872,960,2,24,previews\outgame_navigator\0x710A1333_g03.png,projects\outgame_navigator\0x710A1333\g03\composition.json,
outgame_navigator,0x710A1333,g04,mapped,0x710A1333/g04/00000,packages\0x710A1333\png\g04_00000_872x960_bc7.png,872,960,2,24,previews\outgame_navigator\0x710A1333_g04.png,projects\outgame_navigator\0x710A1333\g04\composition.json,
outgame_navigator,0x710A1333,g05,mapped,0x710A1333/g05/00000,packages\0x710A1333\png\g05_00000_872x960_bc7.png,872,960,2,18,previews\outgame_navigator\0x710A1333_g05.png,projects\outgame_navigator\0x710A1333\g05\composition.json,
outgame_navigator,0x710A1333,g06,mapped,0x710A1333/g06/00000,packages\0x710A1333\png\g06_00000_872x960_bc7.png,872,960,2,18,previews\outgame_navigator\0x710A1333_g06.png,projects\outgame_navigator\0x710A1333\g06\composition.json,
outgame_navigator,0x710A1333,g07,mapped,0x710A1333/g07/00000,packages\0x710A1333\png\g07_00000_872x960_bc7.png,872,960,2,18,previews\outgame_navigator\0x710A1333_g07.png,projects\outgame_navigator\0x710A1333\g07\composition.json,
outgame_navigator,0x710A1333,g08,mapped,0x710A1333/g08/00000,packages\0x710A1333\png\g08_00000_872x960_bc7.png,872,960,2,18,previews\outgame_navigator\0x710A1333_g08.png,projects\outgame_navigator\0x710A1333\g08\composition.json,
outgame_navigator,0x710A1333,g09,mapped,0x710A1333/g09/00000,packages\0x710A1333\png\g09_00000_872x960_bc7.png,872,960,2,18,previews\outgame_navigator\0x710A1333_g09.png,projects\outgame_navigator\0x710A1333\g09\composition.json,
outgame_navigator,0x710A1333,g10,mapped,0x710A1333/g10/00000,packages\0x710A1333\png\g10_00000_872x960_bc7.png,872,960,2,18,previews\outgame_navigator\0x710A1333_g10.png,projects\outgame_navigator\0x710A1333\g10\composition.json,
outgame_navigator,0x7243D07F,g00,mapped,0x7243D07F/g00/00000,packages\0x7243D07F\png\g00_00000_872x960_bc7.png,872,960,2,36,previews\outgame_navigator\0x7243D07F_g00.png,projects\outgame_navigator\0x7243D07F\g00\composition.json,
outgame_navigator,0x7243D07F,g01,mapped,0x7243D07F/g01/00000,packages\0x7243D07F\png\g01_00000_872x960_bc7.png,872,960,2,36,previews\outgame_navigator\0x7243D07F_g01.png,projects\outgame_navigator\0x7243D07F\g01\composition.json,
outgame_navigator,0x7243D07F,g02,mapped,0x7243D07F/g02/00000,packages\0x7243D07F\png\g02_00000_872x960_bc7.png,872,960,2,17,previews\outgame_navigator\0x7243D07F_g02.png,projects\outgame_navigator\0x7243D07F\g02\composition.json,
outgame_navigator,0x7243D07F,g03,mapped,0x7243D07F/g03/00000,packages\0x7243D07F\png\g03_00000_872x960_bc7.png,872,960,2,17,previews\outgame_navigator\0x7243D07F_g03.png,projects\outgame_navigator\0x7243D07F\g03\composition.json,
outgame_navigator,0x7243D07F,g04,mapped,0x7243D07F/g04/00000,packages\0x7243D07F\png\g04_00000_872x960_bc7.png,872,960,2,17,previews\outgame_navigator\0x7243D07F_g04.png,projects\outgame_navigator\0x7243D07F\g04\composition.json,
outgame_navigator,0x7243D07F,g05,mapped,0x7243D07F/g05/00000,packages\0x7243D07F\png\g05_00000_872x960_bc7.png,872,960,2,17,previews\outgame_navigator\0x7243D07F_g05.png,projects\outgame_navigator\0x7243D07F\g05\composition.json,
outgame_navigator,0x7243D07F,g06,mapped,0x7243D07F/g06/00000,packages\0x7243D07F\png\g06_00000_872x960_bc7.png,872,960,2,35,previews\outgame_navigator\0x7243D07F_g06.png,projects\outgame_navigator\0x7243D07F\g06\composition.json,
outgame_navigator,0x7243D07F,g07,mapped,0x7243D07F/g07/00000,packages\0x7243D07F\png\g07_00000_872x960_bc7.png,872,960,2,35,previews\outgame_navigator\0x7243D07F_g07.png,projects\outgame_navigator\0x7243D07F\g07\composition.json,
outgame_navigator,0x7243D07F,g08,mapped,0x7243D07F/g08/00000,packages\0x7243D07F\png\g08_00000_872x960_bc7.png,872,960,2,13,previews\outgame_navigator\0x7243D07F_g08.png,projects\outgame_navigator\0x7243D07F\g08\composition.json,
outgame_navigator,0x7243D07F,g09,mapped,0x7243D07F/g09/00000,packages\0x7243D07F\png\g09_00000_872x960_bc7.png,872,960,2,4,previews\outgame_navigator\0x7243D07F_g09.png,projects\outgame_navigator\0x7243D07F\g09\composition.json,
outgame_navigator,0x7243D07F,g10,mapped,0x7243D07F/g10/00000,packages\0x7243D07F\png\g10_00000_872x960_bc7.png,872,960,2,10,previews\outgame_navigator\0x7243D07F_g10.png,projects\outgame_navigator\0x7243D07F\g10\composition.json,
combat_portrait,0x728A95F4,g00,mapped,0x728A95F4/g00/00001,packages\0x728A95F4\png\g00_00001_572x572_bc7.png,572,572,1,2,previews\combat_portrait\0x728A95F4_g00.png,projects\combat_portrait\0x728A95F4\g00\composition.json,
outgame_navigator,0x7476B38C,g00,mapped,0x7476B38C/g00/00000,packages\0x7476B38C\png\g00_00000_872x960_bc7.png,872,960,2,30,previews\outgame_navigator\0x7476B38C_g00.png,projects\outgame_navigator\0x7476B38C\g00\composition.json,
outgame_navigator,0x7476B38C,g01,mapped,0x7476B38C/g01/00000,packages\0x7476B38C\png\g01_00000_872x960_bc7.png,872,960,2,30,previews\outgame_navigator\0x7476B38C_g01.png,projects\outgame_navigator\0x7476B38C\g01\composition.json,
outgame_navigator,0x7476B38C,g02,mapped,0x7476B38C/g02/00000,packages\0x7476B38C\png\g02_00000_872x960_bc7.png,872,960,2,30,previews\outgame_navigator\0x7476B38C_g02.png,projects\outgame_navigator\0x7476B38C\g02\composition.json,
outgame_navigator,0x7476B38C,g03,mapped,0x7476B38C/g03/00000,packages\0x7476B38C\png\g03_00000_872x960_bc7.png,872,960,2,30,previews\outgame_navigator\0x7476B38C_g03.png,projects\outgame_navigator\0x7476B38C\g03\composition.json,
outgame_navigator,0x7476B38C,g04,mapped,0x7476B38C/g04/00000,packages\0x7476B38C\png\g04_00000_872x960_bc7.png,872,960,2,42,previews\outgame_navigator\0x7476B38C_g04.png,projects\outgame_navigator\0x7476B38C\g04\composition.json,
outgame_navigator,0x7476B38C,g05,mapped,0x7476B38C/g05/00000,packages\0x7476B38C\png\g05_00000_872x960_bc7.png,872,960,2,42,previews\outgame_navigator\0x7476B38C_g05.png,projects\outgame_navigator\0x7476B38C\g05\composition.json,
outgame_navigator,0x7476B38C,g06,mapped,0x7476B38C/g06/00000,packages\0x7476B38C\png\g06_00000_872x960_bc7.png,872,960,2,18,previews\outgame_navigator\0x7476B38C_g06.png,projects\outgame_navigator\0x7476B38C\g06\composition.json,
outgame_navigator,0x7476B38C,g07,mapped,0x7476B38C/g07/00000,packages\0x7476B38C\png\g07_00000_872x960_bc7.png,872,960,2,18,previews\outgame_navigator\0x7476B38C_g07.png,projects\outgame_navigator\0x7476B38C\g07\composition.json,
outgame_navigator,0x7476B38C,g08,mapped,0x7476B38C/g08/00000,packages\0x7476B38C\png\g08_00000_872x960_bc7.png,872,960,2,6,previews\outgame_navigator\0x7476B38C_g08.png,projects\outgame_navigator\0x7476B38C\g08\composition.json,
outgame_navigator,0x7476B38C,g09,mapped,0x7476B38C/g09/00000,packages\0x7476B38C\png\g09_00000_872x960_bc7.png,872,960,1,3,previews\outgame_navigator\0x7476B38C_g09.png,projects\outgame_navigator\0x7476B38C\g09\composition.json,
outgame_navigator,0x747ABC6E,g00,mapped,0x747ABC6E/g00/00000,packages\0x747ABC6E\png\g00_00000_872x960_bc7.png,872,960,2,12,previews\outgame_navigator\0x747ABC6E_g00.png,projects\outgame_navigator\0x747ABC6E\g00\composition.json,
outgame_navigator,0x747ABC6E,g01,mapped,0x747ABC6E/g01/00000,packages\0x747ABC6E\png\g01_00000_872x960_bc7.png,872,960,2,12,previews\outgame_navigator\0x747ABC6E_g01.png,projects\outgame_navigator\0x747ABC6E\g01\composition.json,
outgame_navigator,0x747ABC6E,g02,mapped,0x747ABC6E/g02/00000,packages\0x747ABC6E\png\g02_00000_872x960_bc7.png,872,960,2,12,previews\outgame_navigator\0x747ABC6E_g02.png,projects\outgame_navigator\0x747ABC6E\g02\composition.json,
outgame_navigator,0x747ABC6E,g03,mapped,0x747ABC6E/g03/00000,packages\0x747ABC6E\png\g03_00000_872x960_bc7.png,872,960,2,12,previews\outgame_navigator\0x747ABC6E_g03.png,projects\outgame_navigator\0x747ABC6E\g03\composition.json,
outgame_navigator,0x747ABC6E,g04,mapped,0x747ABC6E/g04/00000,packages\0x747ABC6E\png\g04_00000_872x960_bc7.png,872,960,2,12,previews\outgame_navigator\0x747ABC6E_g04.png,projects\outgame_navigator\0x747ABC6E\g04\composition.json,
outgame_navigator,0x747ABC6E,g05,mapped,0x747ABC6E/g05/00000,packages\0x747ABC6E\png\g05_00000_872x960_bc7.png,872,960,2,12,previews\outgame_navigator\0x747ABC6E_g05.png,projects\outgame_navigator\0x747ABC6E\g05\composition.json,
outgame_navigator,0x747ABC6E,g06,mapped,0x747ABC6E/g06/00000,packages\0x747ABC6E\png\g06_00000_872x960_bc7.png,872,960,2,4,previews\outgame_navigator\0x747ABC6E_g06.png,projects\outgame_navigator\0x747ABC6E\g06\composition.json,
combat_portrait,0x74D8AD5B,g00,mapped,0x74D8AD5B/g00/00001,packages\0x74D8AD5B\png\g00_00001_572x572_bc7.png,572,572,1,2,previews\combat_portrait\0x74D8AD5B_g00.png,projects\combat_portrait\0x74D8AD5B\g00\composition.json,
outgame_navigator,0x74E74B6F,g00,mapped,0x74E74B6F/g00/00000,packages\0x74E74B6F\png\g00_00000_872x960_bc7.png,872,960,2,15,previews\outgame_navigator\0x74E74B6F_g00.png,projects\outgame_navigator\0x74E74B6F\g00\composition.json,
outgame_navigator,0x74E74B6F,g01,mapped,0x74E74B6F/g01/00000,packages\0x74E74B6F\png\g01_00000_872x960_bc7.png,872,960,2,15,previews\outgame_navigator\0x74E74B6F_g01.png,projects\outgame_navigator\0x74E74B6F\g01\composition.json,
outgame_navigator,0x74E74B6F,g02,mapped,0x74E74B6F/g02/00000,packages\0x74E74B6F\png\g02_00000_872x960_bc7.png,872,960,2,12,previews\outgame_navigator\0x74E74B6F_g02.png,projects\outgame_navigator\0x74E74B6F\g02\composition.json,
outgame_navigator,0x74E74B6F,g03,mapped,0x74E74B6F/g03/00000,packages\0x74E74B6F\png\g03_00000_872x960_bc7.png,872,960,2,12,previews\outgame_navigator\0x74E74B6F_g03.png,projects\outgame_navigator\0x74E74B6F\g03\composition.json,
outgame_navigator,0x74E74B6F,g04,mapped,0x74E74B6F/g04/00000,packages\0x74E74B6F\png\g04_00000_872x960_bc7.png,872,960,2,12,previews\outgame_navigator\0x74E74B6F_g04.png,projects\outgame_navigator\0x74E74B6F\g04\composition.json,
outgame_navigator,0x74E74B6F,g05,mapped,0x74E74B6F/g05/00000,packages\0x74E74B6F\png\g05_00000_872x960_bc7.png,872,960,2,12,previews\outgame_navigator\0x74E74B6F_g05.png,projects\outgame_navigator\0x74E74B6F\g05\composition.json,
outgame_navigator,0x74E74B6F,g06,mapped,0x74E74B6F/g06/00000,packages\0x74E74B6F\png\g06_00000_872x960_bc7.png,872,960,2,12,previews\outgame_navigator\0x74E74B6F_g06.png,projects\outgame_navigator\0x74E74B6F\g06\composition.json,
combat_portrait,0x74F1E283,g00,mapped,0x74F1E283/g00/00001,packages\0x74F1E283\png\g00_00001_572x572_bc7.png,572,572,1,2,previews\combat_portrait\0x74F1E283_g00.png,projects\combat_portrait\0x74F1E283\g00\composition.json,
combat_portrait,0x74FF04A1,g00,mapped,0x74FF04A1/g00/00001,packages\0x74FF04A1\png\g00_00001_572x572_bc7.png,572,572,1,4,previews\combat_portrait\0x74FF04A1_g00.png,projects\combat_portrait\0x74FF04A1\g00\composition.json,
combat_portrait,0x75E10638,g00,mapped,0x75E10638/g00/00001,packages\0x75E10638\png\g00_00001_572x572_bc7.png,572,572,1,2,previews\combat_portrait\0x75E10638_g00.png,projects\combat_portrait\0x75E10638\g00\composition.json,
outgame_navigator,0x7667D72A,g00,mapped,0x7667D72A/g00/00000,packages\0x7667D72A\png\g00_00000_872x960_bc7.png,872,960,2,36,previews\outgame_navigator\0x7667D72A_g00.png,projects\outgame_navigator\0x7667D72A\g00\composition.json,
outgame_navigator,0x7667D72A,g01,mapped,0x7667D72A/g01/00000,packages\0x7667D72A\png\g01_00000_872x960_bc7.png,872,960,2,36,previews\outgame_navigator\0x7667D72A_g01.png,projects\outgame_navigator\0x7667D72A\g01\composition.json,
outgame_navigator,0x7667D72A,g02,mapped,0x7667D72A/g02/00000,packages\0x7667D72A\png\g02_00000_872x960_bc7.png,872,960,2,36,previews\outgame_navigator\0x7667D72A_g02.png,projects\outgame_navigator\0x7667D72A\g02\composition.json,
outgame_navigator,0x7667D72A,g03,mapped,0x7667D72A/g03/00000,packages\0x7667D72A\png\g03_00000_872x960_bc7.png,872,960,2,24,previews\outgame_navigator\0x7667D72A_g03.png,projects\outgame_navigator\0x7667D72A\g03\composition.json,
outgame_navigator,0x7667D72A,g04,mapped,0x7667D72A/g04/00000,packages\0x7667D72A\png\g04_00000_872x960_bc7.png,872,960,2,24,previews\outgame_navigator\0x7667D72A_g04.png,projects\outgame_navigator\0x7667D72A\g04\composition.json,
outgame_navigator,0x7667D72A,g05,mapped,0x7667D72A/g05/00000,packages\0x7667D72A\png\g05_00000_872x960_bc7.png,872,960,2,18,previews\outgame_navigator\0x7667D72A_g05.png,projects\outgame_navigator\0x7667D72A\g05\composition.json,
outgame_navigator,0x7667D72A,g06,mapped,0x7667D72A/g06/00000,packages\0x7667D72A\png\g06_00000_872x960_bc7.png,872,960,2,18,previews\outgame_navigator\0x7667D72A_g06.png,projects\outgame_navigator\0x7667D72A\g06\composition.json,
outgame_navigator,0x7667D72A,g07,mapped,0x7667D72A/g07/00000,packages\0x7667D72A\png\g07_00000_872x960_bc7.png,872,960,2,18,previews\outgame_navigator\0x7667D72A_g07.png,projects\outgame_navigator\0x7667D72A\g07\composition.json,
outgame_navigator,0x7667D72A,g08,mapped,0x7667D72A/g08/00000,packages\0x7667D72A\png\g08_00000_872x960_bc7.png,872,960,2,18,previews\outgame_navigator\0x7667D72A_g08.png,projects\outgame_navigator\0x7667D72A\g08\composition.json,
outgame_navigator,0x7667D72A,g09,mapped,0x7667D72A/g09/00000,packages\0x7667D72A\png\g09_00000_872x960_bc7.png,872,960,2,18,previews\outgame_navigator\0x7667D72A_g09.png,projects\outgame_navigator\0x7667D72A\g09\composition.json,
outgame_navigator,0x7667D72A,g10,mapped,0x7667D72A/g10/00000,packages\0x7667D72A\png\g10_00000_872x960_bc7.png,872,960,2,18,previews\outgame_navigator\0x7667D72A_g10.png,projects\outgame_navigator\0x7667D72A\g10\composition.json,
ingame_navigator,0x767C626C,g00,mapped_with_warning,0x767C626C/g00/00000,packages\0x767C626C\png\g00_00000_260x180_bc7.png,260,180,1,6,previews\ingame_navigator\0x767C626C_g00.png,projects\ingame_navigator\0x767C626C\g00\composition.json,unmapped overlay family 84x20
outgame_navigator,0x77253373,g00,mapped,0x77253373/g00/00000,packages\0x77253373\png\g00_00000_872x960_bc7.png,872,960,2,12,previews\outgame_navigator\0x77253373_g00.png,projects\outgame_navigator\0x77253373\g00\composition.json,
outgame_navigator,0x77253373,g01,mapped,0x77253373/g01/00000,packages\0x77253373\png\g01_00000_872x960_bc7.png,872,960,2,12,previews\outgame_navigator\0x77253373_g01.png,projects\outgame_navigator\0x77253373\g01\composition.json,
outgame_navigator,0x77253373,g02,mapped,0x77253373/g02/00000,packages\0x77253373\png\g02_00000_872x960_bc7.png,872,960,2,12,previews\outgame_navigator\0x77253373_g02.png,projects\outgame_navigator\0x77253373\g02\composition.json,
outgame_navigator,0x77253373,g03,mapped,0x77253373/g03/00000,packages\0x77253373\png\g03_00000_872x960_bc7.png,872,960,2,12,previews\outgame_navigator\0x77253373_g03.png,projects\outgame_navigator\0x77253373\g03\composition.json,
outgame_navigator,0x77253373,g04,mapped,0x77253373/g04/00000,packages\0x77253373\png\g04_00000_872x960_bc7.png,872,960,2,12,previews\outgame_navigator\0x77253373_g04.png,projects\outgame_navigator\0x77253373\g04\composition.json,
outgame_navigator,0x77253373,g05,mapped,0x77253373/g05/00000,packages\0x77253373\png\g05_00000_872x960_bc7.png,872,960,2,12,previews\outgame_navigator\0x77253373_g05.png,projects\outgame_navigator\0x77253373\g05\composition.json,
outgame_navigator,0x77253373,g06,mapped,0x77253373/g06/00000,packages\0x77253373\png\g06_00000_872x960_bc7.png,872,960,2,12,previews\outgame_navigator\0x77253373_g06.png,projects\outgame_navigator\0x77253373\g06\composition.json,
outgame_navigator,0x77253373,g07,mapped,0x77253373/g07/00000,packages\0x77253373\png\g07_00000_872x960_bc7.png,872,960,2,12,previews\outgame_navigator\0x77253373_g07.png,projects\outgame_navigator\0x77253373\g07\composition.json,
outgame_navigator,0x77D13FE8,g00,mapped,0x77D13FE8/g00/00000,packages\0x77D13FE8\png\g00_00000_872x960_bc7.png,872,960,2,15,previews\outgame_navigator\0x77D13FE8_g00.png,projects\outgame_navigator\0x77D13FE8\g00\composition.json,
outgame_navigator,0x77D13FE8,g01,mapped,0x77D13FE8/g01/00000,packages\0x77D13FE8\png\g01_00000_872x960_bc7.png,872,960,2,15,previews\outgame_navigator\0x77D13FE8_g01.png,projects\outgame_navigator\0x77D13FE8\g01\composition.json,
outgame_navigator,0x77D13FE8,g02,mapped,0x77D13FE8/g02/00000,packages\0x77D13FE8\png\g02_00000_872x960_bc7.png,872,960,2,6,previews\outgame_navigator\0x77D13FE8_g02.png,projects\outgame_navigator\0x77D13FE8\g02\composition.json,
outgame_navigator,0x77D13FE8,g03,mapped,0x77D13FE8/g03/00000,packages\0x77D13FE8\png\g03_00000_872x960_bc7.png,872,960,2,18,previews\outgame_navigator\0x77D13FE8_g03.png,projects\outgame_navigator\0x77D13FE8\g03\composition.json,
outgame_navigator,0x77D13FE8,g04,mapped,0x77D13FE8/g04/00000,packages\0x77D13FE8\png\g04_00000_872x960_bc7.png,872,960,2,18,previews\outgame_navigator\0x77D13FE8_g04.png,projects\outgame_navigator\0x77D13FE8\g04\composition.json,
outgame_navigator,0x77D13FE8,g05,mapped,0x77D13FE8/g05/00000,packages\0x77D13FE8\png\g05_00000_872x960_bc7.png,872,960,2,12,previews\outgame_navigator\0x77D13FE8_g05.png,projects\outgame_navigator\0x77D13FE8\g05\composition.json,
combat_portrait,0x7801CC34,g00,mapped,0x7801CC34/g00/00001,packages\0x7801CC34\png\g00_00001_572x572_bc7.png,572,572,1,2,previews\combat_portrait\0x7801CC34_g00.png,projects\combat_portrait\0x7801CC34\g00\composition.json,
outgame_navigator,0x78BC5F18,g00,mapped,0x78BC5F18/g00/00000,packages\0x78BC5F18\png\g00_00000_872x960_bc7.png,872,960,2,36,previews\outgame_navigator\0x78BC5F18_g00.png,projects\outgame_navigator\0x78BC5F18\g00\composition.json,
outgame_navigator,0x78BC5F18,g01,mapped,0x78BC5F18/g01/00000,packages\0x78BC5F18\png\g01_00000_872x960_bc7.png,872,960,2,36,previews\outgame_navigator\0x78BC5F18_g01.png,projects\outgame_navigator\0x78BC5F18\g01\composition.json,
outgame_navigator,0x78BC5F18,g02,mapped,0x78BC5F18/g02/00000,packages\0x78BC5F18\png\g02_00000_872x960_bc7.png,872,960,2,36,previews\outgame_navigator\0x78BC5F18_g02.png,projects\outgame_navigator\0x78BC5F18\g02\composition.json,
outgame_navigator,0x78BC5F18,g03,mapped,0x78BC5F18/g03/00000,packages\0x78BC5F18\png\g03_00000_872x960_bc7.png,872,960,2,24,previews\outgame_navigator\0x78BC5F18_g03.png,projects\outgame_navigator\0x78BC5F18\g03\composition.json,
outgame_navigator,0x78BC5F18,g04,mapped,0x78BC5F18/g04/00000,packages\0x78BC5F18\png\g04_00000_872x960_bc7.png,872,960,2,24,previews\outgame_navigator\0x78BC5F18_g04.png,projects\outgame_navigator\0x78BC5F18\g04\composition.json,
outgame_navigator,0x78BC5F18,g05,mapped,0x78BC5F18/g05/00000,packages\0x78BC5F18\png\g05_00000_872x960_bc7.png,872,960,2,18,previews\outgame_navigator\0x78BC5F18_g05.png,projects\outgame_navigator\0x78BC5F18\g05\composition.json,
outgame_navigator,0x78BC5F18,g06,mapped,0x78BC5F18/g06/00000,packages\0x78BC5F18\png\g06_00000_872x960_bc7.png,872,960,2,18,previews\outgame_navigator\0x78BC5F18_g06.png,projects\outgame_navigator\0x78BC5F18\g06\composition.json,
outgame_navigator,0x78BC5F18,g07,mapped,0x78BC5F18/g07/00000,packages\0x78BC5F18\png\g07_00000_872x960_bc7.png,872,960,2,18,previews\outgame_navigator\0x78BC5F18_g07.png,projects\outgame_navigator\0x78BC5F18\g07\composition.json,
outgame_navigator,0x78BC5F18,g08,mapped,0x78BC5F18/g08/00000,packages\0x78BC5F18\png\g08_00000_872x960_bc7.png,872,960,2,18,previews\outgame_navigator\0x78BC5F18_g08.png,projects\outgame_navigator\0x78BC5F18\g08\composition.json,
outgame_navigator,0x78BC5F18,g09,mapped,0x78BC5F18/g09/00000,packages\0x78BC5F18\png\g09_00000_872x960_bc7.png,872,960,2,18,previews\outgame_navigator\0x78BC5F18_g09.png,projects\outgame_navigator\0x78BC5F18\g09\composition.json,
outgame_navigator,0x78BC5F18,g10,mapped,0x78BC5F18/g10/00000,packages\0x78BC5F18\png\g10_00000_872x960_bc7.png,872,960,2,18,previews\outgame_navigator\0x78BC5F18_g10.png,projects\outgame_navigator\0x78BC5F18\g10\composition.json,
combat_portrait,0x78E24E2F,g00,mapped,0x78E24E2F/g00/00001,packages\0x78E24E2F\png\g00_00001_572x572_bc7.png,572,572,1,2,previews\combat_portrait\0x78E24E2F_g00.png,projects\combat_portrait\0x78E24E2F\g00\composition.json,
outgame_navigator,0x790AB7DA,g00,mapped,0x790AB7DA/g00/00000,packages\0x790AB7DA\png\g00_00000_872x960_bc7.png,872,960,2,15,previews\outgame_navigator\0x790AB7DA_g00.png,projects\outgame_navigator\0x790AB7DA\g00\composition.json,
outgame_navigator,0x790AB7DA,g01,mapped,0x790AB7DA/g01/00000,packages\0x790AB7DA\png\g01_00000_872x960_bc7.png,872,960,2,15,previews\outgame_navigator\0x790AB7DA_g01.png,projects\outgame_navigator\0x790AB7DA\g01\composition.json,
outgame_navigator,0x790AB7DA,g02,mapped,0x790AB7DA/g02/00000,packages\0x790AB7DA\png\g02_00000_872x960_bc7.png,872,960,2,6,previews\outgame_navigator\0x790AB7DA_g02.png,projects\outgame_navigator\0x790AB7DA\g02\composition.json,
outgame_navigator,0x790AB7DA,g03,mapped,0x790AB7DA/g03/00000,packages\0x790AB7DA\png\g03_00000_872x960_bc7.png,872,960,2,18,previews\outgame_navigator\0x790AB7DA_g03.png,projects\outgame_navigator\0x790AB7DA\g03\composition.json,
outgame_navigator,0x790AB7DA,g04,mapped,0x790AB7DA/g04/00000,packages\0x790AB7DA\png\g04_00000_872x960_bc7.png,872,960,2,18,previews\outgame_navigator\0x790AB7DA_g04.png,projects\outgame_navigator\0x790AB7DA\g04\composition.json,
outgame_navigator,0x790AB7DA,g05,mapped,0x790AB7DA/g05/00000,packages\0x790AB7DA\png\g05_00000_872x960_bc7.png,872,960,2,12,previews\outgame_navigator\0x790AB7DA_g05.png,projects\outgame_navigator\0x790AB7DA\g05\composition.json,
combat_portrait,0x79C6DD1C,g00,mapped,0x79C6DD1C/g00/00001,packages\0x79C6DD1C\png\g00_00001_572x572_bc7.png,572,572,1,2,previews\combat_portrait\0x79C6DD1C_g00.png,projects\combat_portrait\0x79C6DD1C\g00\composition.json,
combat_portrait,0x79D0FE76,g00,mapped,0x79D0FE76/g00/00001,packages\0x79D0FE76\png\g00_00001_572x572_bc7.png,572,572,1,2,previews\combat_portrait\0x79D0FE76_g00.png,projects\combat_portrait\0x79D0FE76\g00\composition.json,
combat_portrait,0x79DE1854,g00,mapped,0x79DE1854/g00/00001,packages\0x79DE1854\png\g00_00001_572x572_bc7.png,572,572,1,2,previews\combat_portrait\0x79DE1854_g00.png,projects\combat_portrait\0x79DE1854\g00\composition.json,
combat_portrait,0x7B5E12FA,g00,mapped,0x7B5E12FA/g00/00001,packages\0x7B5E12FA\png\g00_00001_572x572_bc7.png,572,572,1,2,previews\combat_portrait\0x7B5E12FA_g00.png,projects\combat_portrait\0x7B5E12FA\g00\composition.json,
outgame_navigator,0x7BF59C54,g00,mapped,0x7BF59C54/g00/00000,packages\0x7BF59C54\png\g00_00000_872x960_bc7.png,872,960,2,36,previews\outgame_navigator\0x7BF59C54_g00.png,projects\outgame_navigator\0x7BF59C54\g00\composition.json,
outgame_navigator,0x7BF59C54,g01,mapped,0x7BF59C54/g01/00000,packages\0x7BF59C54\png\g01_00000_872x960_bc7.png,872,960,2,36,previews\outgame_navigator\0x7BF59C54_g01.png,projects\outgame_navigator\0x7BF59C54\g01\composition.json,
outgame_navigator,0x7BF59C54,g02,mapped,0x7BF59C54/g02/00000,packages\0x7BF59C54\png\g02_00000_872x960_bc7.png,872,960,2,17,previews\outgame_navigator\0x7BF59C54_g02.png,projects\outgame_navigator\0x7BF59C54\g02\composition.json,
outgame_navigator,0x7BF59C54,g03,mapped,0x7BF59C54/g03/00000,packages\0x7BF59C54\png\g03_00000_872x960_bc7.png,872,960,2,17,previews\outgame_navigator\0x7BF59C54_g03.png,projects\outgame_navigator\0x7BF59C54\g03\composition.json,
outgame_navigator,0x7BF59C54,g04,mapped,0x7BF59C54/g04/00000,packages\0x7BF59C54\png\g04_00000_872x960_bc7.png,872,960,2,17,previews\outgame_navigator\0x7BF59C54_g04.png,projects\outgame_navigator\0x7BF59C54\g04\composition.json,
outgame_navigator,0x7BF59C54,g05,mapped,0x7BF59C54/g05/00000,packages\0x7BF59C54\png\g05_00000_872x960_bc7.png,872,960,2,17,previews\outgame_navigator\0x7BF59C54_g05.png,projects\outgame_navigator\0x7BF59C54\g05\composition.json,
outgame_navigator,0x7BF59C54,g06,mapped,0x7BF59C54/g06/00000,packages\0x7BF59C54\png\g06_00000_872x960_bc7.png,872,960,2,35,previews\outgame_navigator\0x7BF59C54_g06.png,projects\outgame_navigator\0x7BF59C54\g06\composition.json,
outgame_navigator,0x7BF59C54,g07,mapped,0x7BF59C54/g07/00000,packages\0x7BF59C54\png\g07_00000_872x960_bc7.png,872,960,2,35,previews\outgame_navigator\0x7BF59C54_g07.png,projects\outgame_navigator\0x7BF59C54\g07\composition.json,
outgame_navigator,0x7BF59C54,g08,mapped,0x7BF59C54/g08/00000,packages\0x7BF59C54\png\g08_00000_872x960_bc7.png,872,960,2,13,previews\outgame_navigator\0x7BF59C54_g08.png,projects\outgame_navigator\0x7BF59C54\g08\composition.json,
outgame_navigator,0x7BF59C54,g09,mapped,0x7BF59C54/g09/00000,packages\0x7BF59C54\png\g09_00000_872x960_bc7.png,872,960,2,4,previews\outgame_navigator\0x7BF59C54_g09.png,projects\outgame_navigator\0x7BF59C54\g09\composition.json,
outgame_navigator,0x7BF59C54,g10,mapped,0x7BF59C54/g10/00000,packages\0x7BF59C54\png\g10_00000_872x960_bc7.png,872,960,2,10,previews\outgame_navigator\0x7BF59C54_g10.png,projects\outgame_navigator\0x7BF59C54\g10\composition.json,
combat_portrait,0x7C0AA642,g00,mapped,0x7C0AA642/g00/00001,packages\0x7C0AA642\png\g00_00001_572x572_bc7.png,572,572,1,2,previews\combat_portrait\0x7C0AA642_g00.png,projects\combat_portrait\0x7C0AA642\g00\composition.json,
combat_portrait,0x7C179E12,g00,mapped,0x7C179E12/g00/00001,packages\0x7C179E12\png\g00_00001_572x572_bc7.png,572,572,1,2,previews\combat_portrait\0x7C179E12_g00.png,projects\combat_portrait\0x7C179E12\g00\composition.json,
combat_portrait,0x7D2BC869,g00,mapped,0x7D2BC869/g00/00001,packages\0x7D2BC869\png\g00_00001_572x572_bc7.png,572,572,1,2,previews\combat_portrait\0x7D2BC869_g00.png,projects\combat_portrait\0x7D2BC869\g00\composition.json,
combat_portrait,0x7D330D21,g00,mapped,0x7D330D21/g00/00001,packages\0x7D330D21\png\g00_00001_572x572_bc7.png,572,572,1,2,previews\combat_portrait\0x7D330D21_g00.png,projects\combat_portrait\0x7D330D21\g00\composition.json,
ingame_navigator,0x7E88AC34,g00,mapped,0x7E88AC34/g00/00000,packages\0x7E88AC34\png\g00_00000_260x180_bc7.png,260,180,2,18,previews\ingame_navigator\0x7E88AC34_g00.png,projects\ingame_navigator\0x7E88AC34\g00\composition.json,
ingame_navigator,0x7EDC7653,g00,mapped,0x7EDC7653/g00/00000,packages\0x7EDC7653\png\g00_00000_260x180_bc7.png,260,180,2,8,previews\ingame_navigator\0x7EDC7653_g00.png,projects\ingame_navigator\0x7EDC7653\g00\composition.json,
combat_portrait,0x7FA524E5,g00,mapped,0x7FA524E5/g00/00001,packages\0x7FA524E5\png\g00_00001_572x572_bc7.png,572,572,1,2,previews\combat_portrait\0x7FA524E5_g00.png,projects\combat_portrait\0x7FA524E5\g00\composition.json,
combat_portrait,0x80460902,g00,mapped,0x80460902/g00/00001,packages\0x80460902\png\g00_00001_572x572_bc7.png,572,572,1,2,previews\combat_portrait\0x80460902_g00.png,projects\combat_portrait\0x80460902\g00\composition.json,
combat_portrait,0x8064A9F4,g00,mapped,0x8064A9F4/g00/00001,packages\0x8064A9F4\png\g00_00001_572x572_bc7.png,572,572,1,2,previews\combat_portrait\0x8064A9F4_g00.png,projects\combat_portrait\0x8064A9F4\g00\composition.json,
ingame_navigator,0x81201AEC,g00,mapped,0x81201AEC/g00/00000,packages\0x81201AEC\png\g00_00000_260x180_bc7.png,260,180,2,24,previews\ingame_navigator\0x81201AEC_g00.png,projects\ingame_navigator\0x81201AEC\g00\composition.json,
combat_portrait,0x81403AC7,g00,mapped,0x81403AC7/g00/00001,packages\0x81403AC7\png\g00_00001_572x572_bc7.png,572,572,1,2,previews\combat_portrait\0x81403AC7_g00.png,projects\combat_portrait\0x81403AC7\g00\composition.json,
combat_portrait,0x8156EDB9,g00,mapped,0x8156EDB9/g00/00001,packages\0x8156EDB9\png\g00_00001_572x572_bc7.png,572,572,1,2,previews\combat_portrait\0x8156EDB9_g00.png,projects\combat_portrait\0x8156EDB9\g00\composition.json,
combat_portrait,0x81580B9B,g00,mapped,0x81580B9B/g00/00001,packages\0x81580B9B\png\g00_00001_572x572_bc7.png,572,572,1,4,previews\combat_portrait\0x81580B9B_g00.png,projects\combat_portrait\0x81580B9B\g00\composition.json,
combat_portrait,0x81676729,g00,mapped,0x81676729/g00/00001,packages\0x81676729\png\g00_00001_572x572_bc7.png,572,572,1,2,previews\combat_portrait\0x81676729_g00.png,projects\combat_portrait\0x81676729\g00\composition.json,
combat_portrait,0x81714443,g00,mapped,0x81714443/g00/00001,packages\0x81714443\png\g00_00001_572x572_bc7.png,572,572,1,2,previews\combat_portrait\0x81714443_g00.png,projects\combat_portrait\0x81714443\g00\composition.json,
combat_portrait,0x817FA261,g00,mapped,0x817FA261/g00/00001,packages\0x817FA261\png\g00_00001_572x572_bc7.png,572,572,1,2,previews\combat_portrait\0x817FA261_g00.png,projects\combat_portrait\0x817FA261\g00\composition.json,
combat_portrait,0x8489BC81,g00,mapped,0x8489BC81/g00/00001,packages\0x8489BC81\png\g00_00001_572x572_bc7.png,572,572,1,2,previews\combat_portrait\0x8489BC81_g00.png,projects\combat_portrait\0x8489BC81\g00\composition.json,
combat_portrait,0x858A725C,g00,mapped,0x858A725C/g00/00001,packages\0x858A725C\png\g00_00001_572x572_bc7.png,572,572,1,2,previews\combat_portrait\0x858A725C_g00.png,projects\combat_portrait\0x858A725C\g00\composition.json,
outgame_navigator,0x866BD720,g00,mapped,0x866BD720/g00/00000,packages\0x866BD720\png\g00_00000_872x960_bc7.png,872,960,2,24,previews\outgame_navigator\0x866BD720_g00.png,projects\outgame_navigator\0x866BD720\g00\composition.json,
outgame_navigator,0x866BD720,g01,mapped,0x866BD720/g01/00000,packages\0x866BD720\png\g01_00000_872x960_bc7.png,872,960,2,24,previews\outgame_navigator\0x866BD720_g01.png,projects\outgame_navigator\0x866BD720\g01\composition.json,
outgame_navigator,0x866BD720,g02,mapped,0x866BD720/g02/00000,packages\0x866BD720\png\g02_00000_872x960_bc7.png,872,960,2,6,previews\outgame_navigator\0x866BD720_g02.png,projects\outgame_navigator\0x866BD720\g02\composition.json,
outgame_navigator,0x866BD720,g03,mapped,0x866BD720/g03/00000,packages\0x866BD720\png\g03_00000_872x960_bc7.png,872,960,2,24,previews\outgame_navigator\0x866BD720_g03.png,projects\outgame_navigator\0x866BD720\g03\composition.json,
outgame_navigator,0x866BD720,g04,mapped,0x866BD720/g04/00000,packages\0x866BD720\png\g04_00000_872x960_bc7.png,872,960,2,24,previews\outgame_navigator\0x866BD720_g04.png,projects\outgame_navigator\0x866BD720\g04\composition.json,
outgame_navigator,0x866BD720,g05,mapped,0x866BD720/g05/00000,packages\0x866BD720\png\g05_00000_872x960_bc7.png,872,960,2,24,previews\outgame_navigator\0x866BD720_g05.png,projects\outgame_navigator\0x866BD720\g05\composition.json,
outgame_navigator,0x866BD720,g06,mapped,0x866BD720/g06/00000,packages\0x866BD720\png\g06_00000_872x960_bc7.png,872,960,2,6,previews\outgame_navigator\0x866BD720_g06.png,projects\outgame_navigator\0x866BD720\g06\composition.json,
combat_portrait,0x870A3334,g00,mapped,0x870A3334/g00/00001,packages\0x870A3334\png\g00_00001_572x572_bc7.png,572,572,1,2,previews\combat_portrait\0x870A3334_g00.png,projects\combat_portrait\0x870A3334\g00\composition.json,
combat_portrait,0x889F1921,g00,mapped,0x889F1921/g00/00001,packages\0x889F1921\png\g00_00001_572x572_bc7.png,572,572,1,2,previews\combat_portrait\0x889F1921_g00.png,projects\combat_portrait\0x889F1921\g00\composition.json,
combat_portrait,0x88AB6EA9,g00,mapped,0x88AB6EA9/g00/00001,packages\0x88AB6EA9\png\g00_00001_572x572_bc7.png,572,572,1,2,previews\combat_portrait\0x88AB6EA9_g00.png,projects\combat_portrait\0x88AB6EA9\g00\composition.json,
combat_portrait,0x88B3ABE1,g00,mapped,0x88B3ABE1/g00/00001,packages\0x88B3ABE1\png\g00_00001_572x572_bc7.png,572,572,1,2,previews\combat_portrait\0x88B3ABE1_g00.png,projects\combat_portrait\0x88B3ABE1\g00\composition.json,
combat_portrait,0x88BD4DC3,g00,mapped,0x88BD4DC3/g00/00001,packages\0x88BD4DC3\png\g00_00001_572x572_bc7.png,572,572,1,2,previews\combat_portrait\0x88BD4DC3_g00.png,projects\combat_portrait\0x88BD4DC3\g00\composition.json,
combat_portrait,0x8999DEF0,g00,mapped,0x8999DEF0/g00/00001,packages\0x8999DEF0\png\g00_00001_572x572_bc7.png,572,572,1,2,previews\combat_portrait\0x8999DEF0_g00.png,projects\combat_portrait\0x8999DEF0\g00\composition.json,
combat_portrait,0x89A85460,g00,mapped,0x89A85460/g00/00001,packages\0x89A85460\png\g00_00001_572x572_bc7.png,572,572,1,2,previews\combat_portrait\0x89A85460_g00.png,projects\combat_portrait\0x89A85460\g00\composition.json,
combat_portrait,0x8A258225,g00,mapped,0x8A258225/g00/00001,packages\0x8A258225\png\g00_00001_572x572_bc7.png,572,572,1,2,previews\combat_portrait\0x8A258225_g00.png,projects\combat_portrait\0x8A258225\g00\composition.json,
outgame_navigator,0x8AE6BBF2,g00,mapped,0x8AE6BBF2/g00/00000,packages\0x8AE6BBF2\png\g00_00000_872x960_bc7.png,872,960,2,18,previews\outgame_navigator\0x8AE6BBF2_g00.png,projects\outgame_navigator\0x8AE6BBF2\g00\composition.json,
outgame_navigator,0x8AE6BBF2,g01,mapped,0x8AE6BBF2/g01/00000,packages\0x8AE6BBF2\png\g01_00000_872x960_bc7.png,872,960,2,18,previews\outgame_navigator\0x8AE6BBF2_g01.png,projects\outgame_navigator\0x8AE6BBF2\g01\composition.json,
outgame_navigator,0x8AE6BBF2,g02,mapped,0x8AE6BBF2/g02/00000,packages\0x8AE6BBF2\png\g02_00000_872x960_bc7.png,872,960,2,12,previews\outgame_navigator\0x8AE6BBF2_g02.png,projects\outgame_navigator\0x8AE6BBF2\g02\composition.json,
outgame_navigator,0x8AE6BBF2,g03,mapped,0x8AE6BBF2/g03/00000,packages\0x8AE6BBF2\png\g03_00000_872x960_bc7.png,872,960,2,12,previews\outgame_navigator\0x8AE6BBF2_g03.png,projects\outgame_navigator\0x8AE6BBF2\g03\composition.json,
outgame_navigator,0x8AE6BBF2,g04,mapped,0x8AE6BBF2/g04/00000,packages\0x8AE6BBF2\png\g04_00000_872x960_bc7.png,872,960,2,9,previews\outgame_navigator\0x8AE6BBF2_g04.png,projects\outgame_navigator\0x8AE6BBF2\g04\composition.json,
outgame_navigator,0x8AE6BBF2,g05,mapped,0x8AE6BBF2/g05/00000,packages\0x8AE6BBF2\png\g05_00000_872x960_bc7.png,872,960,2,9,previews\outgame_navigator\0x8AE6BBF2_g05.png,projects\outgame_navigator\0x8AE6BBF2\g05\composition.json,
outgame_navigator,0x8AE6BBF2,g06,mapped,0x8AE6BBF2/g06/00000,packages\0x8AE6BBF2\png\g06_00000_872x960_bc7.png,872,960,2,6,previews\outgame_navigator\0x8AE6BBF2_g06.png,projects\outgame_navigator\0x8AE6BBF2\g06\composition.json,
combat_portrait,0x8B0FF734,g00,mapped,0x8B0FF734/g00/00001,packages\0x8B0FF734\png\g00_00001_572x572_bc7.png,572,572,1,2,previews\combat_portrait\0x8B0FF734_g00.png,projects\combat_portrait\0x8B0FF734\g00\composition.json,
combat_portrait,0x8B17327C,g00,mapped,0x8B17327C/g00/00001,packages\0x8B17327C\png\g00_00001_572x572_bc7.png,572,572,1,2,previews\combat_portrait\0x8B17327C_g00.png,projects\combat_portrait\0x8B17327C\g00\composition.json,
combat_portrait,0x8C5EBE94,g00,mapped,0x8C5EBE94/g00/00001,packages\0x8C5EBE94\png\g00_00001_572x572_bc7.png,572,572,1,2,previews\combat_portrait\0x8C5EBE94_g00.png,projects\combat_portrait\0x8C5EBE94\g00\composition.json,
combat_portrait,0x8C61D226,g00,mapped,0x8C61D226/g00/00001,packages\0x8C61D226\png\g00_00001_572x572_bc7.png,572,572,1,2,previews\combat_portrait\0x8C61D226_g00.png,projects\combat_portrait\0x8C61D226\g00\composition.json,
combat_portrait,0x8D62E8EF,g00,mapped,0x8D62E8EF/g00/00001,packages\0x8D62E8EF\png\g00_00001_572x572_bc7.png,572,572,1,2,previews\combat_portrait\0x8D62E8EF_g00.png,projects\combat_portrait\0x8D62E8EF\g00\composition.json,
ingame_navigator,0x8E6842FA,g00,mapped,0x8E6842FA/g00/00000,packages\0x8E6842FA\png\g00_00000_260x180_bc7.png,260,180,2,12,previews\ingame_navigator\0x8E6842FA_g00.png,projects\ingame_navigator\0x8E6842FA\g00\composition.json,
outgame_navigator,0x8FB77FDC,g00,mapped,0x8FB77FDC/g00/00000,packages\0x8FB77FDC\png\g00_00000_872x960_bc7.png,872,960,2,21,previews\outgame_navigator\0x8FB77FDC_g00.png,projects\outgame_navigator\0x8FB77FDC\g00\composition.json,
outgame_navigator,0x8FB77FDC,g01,mapped,0x8FB77FDC/g01/00000,packages\0x8FB77FDC\png\g01_00000_872x960_bc7.png,872,960,2,21,previews\outgame_navigator\0x8FB77FDC_g01.png,projects\outgame_navigator\0x8FB77FDC\g01\composition.json,
outgame_navigator,0x8FB77FDC,g02,mapped,0x8FB77FDC/g02/00000,packages\0x8FB77FDC\png\g02_00000_872x960_bc7.png,872,960,2,16,previews\outgame_navigator\0x8FB77FDC_g02.png,projects\outgame_navigator\0x8FB77FDC\g02\composition.json,
outgame_navigator,0x8FB77FDC,g03,mapped,0x8FB77FDC/g03/00000,packages\0x8FB77FDC\png\g03_00000_872x960_bc7.png,872,960,2,16,previews\outgame_navigator\0x8FB77FDC_g03.png,projects\outgame_navigator\0x8FB77FDC\g03\composition.json,
outgame_navigator,0x8FB77FDC,g04,mapped,0x8FB77FDC/g04/00000,packages\0x8FB77FDC\png\g04_00000_872x960_bc7.png,872,960,2,19,previews\outgame_navigator\0x8FB77FDC_g04.png,projects\outgame_navigator\0x8FB77FDC\g04\composition.json,
outgame_navigator,0x8FB77FDC,g05,mapped,0x8FB77FDC/g05/00000,packages\0x8FB77FDC\png\g05_00000_872x960_bc7.png,872,960,2,19,previews\outgame_navigator\0x8FB77FDC_g05.png,projects\outgame_navigator\0x8FB77FDC\g05\composition.json,
outgame_navigator,0x91376DEA,g00,mapped,0x91376DEA/g00/00000,packages\0x91376DEA\png\g00_00000_872x960_bc7.png,872,960,2,12,previews\outgame_navigator\0x91376DEA_g00.png,projects\outgame_navigator\0x91376DEA\g00\composition.json,
outgame_navigator,0x91376DEA,g01,mapped,0x91376DEA/g01/00000,packages\0x91376DEA\png\g01_00000_872x960_bc7.png,872,960,2,12,previews\outgame_navigator\0x91376DEA_g01.png,projects\outgame_navigator\0x91376DEA\g01\composition.json,
outgame_navigator,0x91376DEA,g02,mapped,0x91376DEA/g02/00000,packages\0x91376DEA\png\g02_00000_872x960_bc7.png,872,960,2,18,previews\outgame_navigator\0x91376DEA_g02.png,projects\outgame_navigator\0x91376DEA\g02\composition.json,
outgame_navigator,0x91376DEA,g03,mapped,0x91376DEA/g03/00000,packages\0x91376DEA\png\g03_00000_872x960_bc7.png,872,960,2,18,previews\outgame_navigator\0x91376DEA_g03.png,projects\outgame_navigator\0x91376DEA\g03\composition.json,
outgame_navigator,0x91376DEA,g04,mapped,0x91376DEA/g04/00000,packages\0x91376DEA\png\g04_00000_872x960_bc7.png,872,960,2,18,previews\outgame_navigator\0x91376DEA_g04.png,projects\outgame_navigator\0x91376DEA\g04\composition.json,
combat_portrait,0x92F1661F,g00,mapped,0x92F1661F/g00/00001,packages\0x92F1661F\png\g00_00001_572x572_bc7.png,572,572,1,2,previews\combat_portrait\0x92F1661F_g00.png,projects\combat_portrait\0x92F1661F\g00\composition.json,
combat_portrait,0x948A5AAE,g00,mapped,0x948A5AAE/g00/00001,packages\0x948A5AAE\png\g00_00001_572x572_bc7.png,572,572,1,2,previews\combat_portrait\0x948A5AAE_g00.png,projects\combat_portrait\0x948A5AAE\g00\composition.json,
outgame_navigator,0x94B84DD1,g00,mapped,0x94B84DD1/g00/00000,packages\0x94B84DD1\png\g00_00000_872x960_bc7.png,872,960,2,22,previews\outgame_navigator\0x94B84DD1_g00.png,projects\outgame_navigator\0x94B84DD1\g00\composition.json,
outgame_navigator,0x94B84DD1,g01,mapped,0x94B84DD1/g01/00000,packages\0x94B84DD1\png\g01_00000_872x960_bc7.png,872,960,2,22,previews\outgame_navigator\0x94B84DD1_g01.png,projects\outgame_navigator\0x94B84DD1\g01\composition.json,
outgame_navigator,0x94B84DD1,g02,mapped,0x94B84DD1/g02/00000,packages\0x94B84DD1\png\g02_00000_872x960_bc7.png,872,960,2,22,previews\outgame_navigator\0x94B84DD1_g02.png,projects\outgame_navigator\0x94B84DD1\g02\composition.json,
outgame_navigator,0x94B84DD1,g03,mapped,0x94B84DD1/g03/00000,packages\0x94B84DD1\png\g03_00000_872x960_bc7.png,872,960,2,20,previews\outgame_navigator\0x94B84DD1_g03.png,projects\outgame_navigator\0x94B84DD1\g03\composition.json,
outgame_navigator,0x94B84DD1,g04,mapped,0x94B84DD1/g04/00000,packages\0x94B84DD1\png\g04_00000_872x960_bc7.png,872,960,2,20,previews\outgame_navigator\0x94B84DD1_g04.png,projects\outgame_navigator\0x94B84DD1\g04\composition.json,
outgame_navigator,0x94B84DD1,g05,mapped,0x94B84DD1/g05/00000,packages\0x94B84DD1\png\g05_00000_872x960_bc7.png,872,960,2,20,previews\outgame_navigator\0x94B84DD1_g05.png,projects\outgame_navigator\0x94B84DD1\g05\composition.json,
outgame_navigator,0x94B84DD1,g06,mapped,0x94B84DD1/g06/00000,packages\0x94B84DD1\png\g06_00000_872x960_bc7.png,872,960,2,6,previews\outgame_navigator\0x94B84DD1_g06.png,projects\outgame_navigator\0x94B84DD1\g06\composition.json,
outgame_navigator,0x94B84DD1,g07,mapped,0x94B84DD1/g07/00000,packages\0x94B84DD1\png\g07_00000_872x960_bc7.png,872,960,2,6,previews\outgame_navigator\0x94B84DD1_g07.png,projects\outgame_navigator\0x94B84DD1\g07\composition.json,
outgame_navigator,0x94B84DD1,g08,mapped,0x94B84DD1/g08/00000,packages\0x94B84DD1\png\g08_00000_872x960_bc7.png,872,960,2,6,previews\outgame_navigator\0x94B84DD1_g08.png,projects\outgame_navigator\0x94B84DD1\g08\composition.json,
outgame_navigator,0x95076DD4,g00,mapped,0x95076DD4/g00/00000,packages\0x95076DD4\png\g00_00000_872x960_bc7.png,872,960,2,18,previews\outgame_navigator\0x95076DD4_g00.png,projects\outgame_navigator\0x95076DD4\g00\composition.json,
outgame_navigator,0x95076DD4,g01,mapped,0x95076DD4/g01/00000,packages\0x95076DD4\png\g01_00000_872x960_bc7.png,872,960,2,18,previews\outgame_navigator\0x95076DD4_g01.png,projects\outgame_navigator\0x95076DD4\g01\composition.json,
outgame_navigator,0x95076DD4,g02,mapped,0x95076DD4/g02/00000,packages\0x95076DD4\png\g02_00000_872x960_bc7.png,872,960,2,24,previews\outgame_navigator\0x95076DD4_g02.png,projects\outgame_navigator\0x95076DD4\g02\composition.json,
outgame_navigator,0x95076DD4,g03,mapped,0x95076DD4/g03/00000,packages\0x95076DD4\png\g03_00000_872x960_bc7.png,872,960,2,24,previews\outgame_navigator\0x95076DD4_g03.png,projects\outgame_navigator\0x95076DD4\g03\composition.json,
outgame_navigator,0x95076DD4,g04,mapped,0x95076DD4/g04/00000,packages\0x95076DD4\png\g04_00000_872x960_bc7.png,872,960,2,12,previews\outgame_navigator\0x95076DD4_g04.png,projects\outgame_navigator\0x95076DD4\g04\composition.json,
outgame_navigator,0x95076DD4,g05,mapped,0x95076DD4/g05/00000,packages\0x95076DD4\png\g05_00000_872x960_bc7.png,872,960,2,12,previews\outgame_navigator\0x95076DD4_g05.png,projects\outgame_navigator\0x95076DD4\g05\composition.json,
outgame_navigator,0x95076DD4,g06,mapped,0x95076DD4/g06/00000,packages\0x95076DD4\png\g06_00000_872x960_bc7.png,872,960,2,12,previews\outgame_navigator\0x95076DD4_g06.png,projects\outgame_navigator\0x95076DD4\g06\composition.json,
outgame_navigator,0x95076DD4,g07,mapped,0x95076DD4/g07/00000,packages\0x95076DD4\png\g07_00000_872x960_bc7.png,872,960,2,12,previews\outgame_navigator\0x95076DD4_g07.png,projects\outgame_navigator\0x95076DD4\g07\composition.json,
combat_portrait,0x960FAD18,g00,mapped,0x960FAD18/g00/00001,packages\0x960FAD18\png\g00_00001_572x572_bc7.png,572,572,1,2,previews\combat_portrait\0x960FAD18_g00.png,projects\combat_portrait\0x960FAD18\g00\composition.json,
combat_portrait,0x962DF9FA,g00,mapped,0x962DF9FA/g00/00001,packages\0x962DF9FA\png\g00_00001_572x572_bc7.png,572,572,1,2,previews\combat_portrait\0x962DF9FA_g00.png,projects\combat_portrait\0x962DF9FA\g00\composition.json,
combat_portrait,0x963B2E84,g00,mapped,0x963B2E84/g00/00001,packages\0x963B2E84\png\g00_00001_572x572_bc7.png,572,572,1,2,previews\combat_portrait\0x963B2E84_g00.png,projects\combat_portrait\0x963B2E84\g00\composition.json,
outgame_navigator,0x9704D6F6,g00,mapped,0x9704D6F6/g00/00000,packages\0x9704D6F6\png\g00_00000_872x960_bc7.png,872,960,2,15,previews\outgame_navigator\0x9704D6F6_g00.png,projects\outgame_navigator\0x9704D6F6\g00\composition.json,
outgame_navigator,0x9704D6F6,g01,mapped,0x9704D6F6/g01/00000,packages\0x9704D6F6\png\g01_00000_872x960_bc7.png,872,960,2,15,previews\outgame_navigator\0x9704D6F6_g01.png,projects\outgame_navigator\0x9704D6F6\g01\composition.json,
outgame_navigator,0x9704D6F6,g02,mapped,0x9704D6F6/g02/00000,packages\0x9704D6F6\png\g02_00000_872x960_bc7.png,872,960,2,6,previews\outgame_navigator\0x9704D6F6_g02.png,projects\outgame_navigator\0x9704D6F6\g02\composition.json,
outgame_navigator,0x9704D6F6,g03,mapped,0x9704D6F6/g03/00000,packages\0x9704D6F6\png\g03_00000_872x960_bc7.png,872,960,2,18,previews\outgame_navigator\0x9704D6F6_g03.png,projects\outgame_navigator\0x9704D6F6\g03\composition.json,
outgame_navigator,0x9704D6F6,g04,mapped,0x9704D6F6/g04/00000,packages\0x9704D6F6\png\g04_00000_872x960_bc7.png,872,960,2,18,previews\outgame_navigator\0x9704D6F6_g04.png,projects\outgame_navigator\0x9704D6F6\g04\composition.json,
outgame_navigator,0x9704D6F6,g05,mapped,0x9704D6F6/g05/00000,packages\0x9704D6F6\png\g05_00000_872x960_bc7.png,872,960,2,12,previews\outgame_navigator\0x9704D6F6_g05.png,projects\outgame_navigator\0x9704D6F6\g05\composition.json,
combat_portrait,0x97202511,g00,mapped,0x97202511/g00/00001,packages\0x97202511\png\g00_00001_572x572_bc7.png,572,572,1,2,previews\combat_portrait\0x97202511_g00.png,projects\combat_portrait\0x97202511\g00\composition.json,
outgame_navigator,0x9723A1D3,g00,mapped,0x9723A1D3/g00/00000,packages\0x9723A1D3\png\g00_00000_872x960_bc7.png,872,960,2,30,previews\outgame_navigator\0x9723A1D3_g00.png,projects\outgame_navigator\0x9723A1D3\g00\composition.json,
outgame_navigator,0x9723A1D3,g01,mapped,0x9723A1D3/g01/00000,packages\0x9723A1D3\png\g01_00000_872x960_bc7.png,872,960,2,30,previews\outgame_navigator\0x9723A1D3_g01.png,projects\outgame_navigator\0x9723A1D3\g01\composition.json,
outgame_navigator,0x9723A1D3,g02,mapped,0x9723A1D3/g02/00000,packages\0x9723A1D3\png\g02_00000_872x960_bc7.png,872,960,2,30,previews\outgame_navigator\0x9723A1D3_g02.png,projects\outgame_navigator\0x9723A1D3\g02\composition.json,
outgame_navigator,0x9723A1D3,g03,mapped,0x9723A1D3/g03/00000,packages\0x9723A1D3\png\g03_00000_872x960_bc7.png,872,960,2,18,previews\outgame_navigator\0x9723A1D3_g03.png,projects\outgame_navigator\0x9723A1D3\g03\composition.json,
outgame_navigator,0x9723A1D3,g04,mapped,0x9723A1D3/g04/00000,packages\0x9723A1D3\png\g04_00000_872x960_bc7.png,872,960,2,18,previews\outgame_navigator\0x9723A1D3_g04.png,projects\outgame_navigator\0x9723A1D3\g04\composition.json,
outgame_navigator,0x9723A1D3,g05,mapped,0x9723A1D3/g05/00000,packages\0x9723A1D3\png\g05_00000_872x960_bc7.png,872,960,2,24,previews\outgame_navigator\0x9723A1D3_g05.png,projects\outgame_navigator\0x9723A1D3\g05\composition.json,
outgame_navigator,0x9723A1D3,g06,mapped,0x9723A1D3/g06/00000,packages\0x9723A1D3\png\g06_00000_872x960_bc7.png,872,960,2,24,previews\outgame_navigator\0x9723A1D3_g06.png,projects\outgame_navigator\0x9723A1D3\g06\composition.json,
outgame_navigator,0x9723A1D3,g07,mapped,0x9723A1D3/g07/00000,packages\0x9723A1D3\png\g07_00000_872x960_bc7.png,872,960,2,12,previews\outgame_navigator\0x9723A1D3_g07.png,projects\outgame_navigator\0x9723A1D3\g07\composition.json,
outgame_navigator,0x9723A1D3,g08,mapped,0x9723A1D3/g08/00000,packages\0x9723A1D3\png\g08_00000_872x960_bc7.png,872,960,2,12,previews\outgame_navigator\0x9723A1D3_g08.png,projects\outgame_navigator\0x9723A1D3\g08\composition.json,
combat_portrait,0x9738E059,g00,mapped,0x9738E059/g00/00001,packages\0x9738E059\png\g00_00001_572x572_bc7.png,572,572,1,2,previews\combat_portrait\0x9738E059_g00.png,projects\combat_portrait\0x9738E059\g00\composition.json,
outgame_navigator,0x97A20449,g00,mapped,0x97A20449/g00/00000,packages\0x97A20449\png\g00_00000_872x960_bc7.png,872,960,2,24,previews\outgame_navigator\0x97A20449_g00.png,projects\outgame_navigator\0x97A20449\g00\composition.json,
outgame_navigator,0x97A20449,g01,mapped,0x97A20449/g01/00000,packages\0x97A20449\png\g01_00000_872x960_bc7.png,872,960,2,24,previews\outgame_navigator\0x97A20449_g01.png,projects\outgame_navigator\0x97A20449\g01\composition.json,
outgame_navigator,0x97A20449,g02,mapped,0x97A20449/g02/00000,packages\0x97A20449\png\g02_00000_872x960_bc7.png,872,960,2,24,previews\outgame_navigator\0x97A20449_g02.png,projects\outgame_navigator\0x97A20449\g02\composition.json,
outgame_navigator,0x97A20449,g03,mapped,0x97A20449/g03/00000,packages\0x97A20449\png\g03_00000_872x960_bc7.png,872,960,2,18,previews\outgame_navigator\0x97A20449_g03.png,projects\outgame_navigator\0x97A20449\g03\composition.json,
outgame_navigator,0x97A20449,g04,mapped,0x97A20449/g04/00000,packages\0x97A20449\png\g04_00000_872x960_bc7.png,872,960,2,18,previews\outgame_navigator\0x97A20449_g04.png,projects\outgame_navigator\0x97A20449\g04\composition.json,
outgame_navigator,0x97A20449,g05,mapped,0x97A20449/g05/00000,packages\0x97A20449\png\g05_00000_872x960_bc7.png,872,960,2,18,previews\outgame_navigator\0x97A20449_g05.png,projects\outgame_navigator\0x97A20449\g05\composition.json,
outgame_navigator,0x97A20449,g06,mapped,0x97A20449/g06/00000,packages\0x97A20449\png\g06_00000_872x960_bc7.png,872,960,2,12,previews\outgame_navigator\0x97A20449_g06.png,projects\outgame_navigator\0x97A20449\g06\composition.json,
outgame_navigator,0x97A20449,g07,mapped,0x97A20449/g07/00000,packages\0x97A20449\png\g07_00000_872x960_bc7.png,872,960,2,12,previews\outgame_navigator\0x97A20449_g07.png,projects\outgame_navigator\0x97A20449\g07\composition.json,
outgame_navigator,0x97EFA1D5,g00,mapped,0x97EFA1D5/g00/00000,packages\0x97EFA1D5\png\g00_00000_872x960_bc7.png,872,960,2,15,previews\outgame_navigator\0x97EFA1D5_g00.png,projects\outgame_navigator\0x97EFA1D5\g00\composition.json,
outgame_navigator,0x97EFA1D5,g01,mapped,0x97EFA1D5/g01/00000,packages\0x97EFA1D5\png\g01_00000_872x960_bc7.png,872,960,2,15,previews\outgame_navigator\0x97EFA1D5_g01.png,projects\outgame_navigator\0x97EFA1D5\g01\composition.json,
outgame_navigator,0x97EFA1D5,g02,mapped,0x97EFA1D5/g02/00000,packages\0x97EFA1D5\png\g02_00000_872x960_bc7.png,872,960,2,15,previews\outgame_navigator\0x97EFA1D5_g02.png,projects\outgame_navigator\0x97EFA1D5\g02\composition.json,
outgame_navigator,0x97EFA1D5,g03,mapped,0x97EFA1D5/g03/00000,packages\0x97EFA1D5\png\g03_00000_872x960_bc7.png,872,960,2,15,previews\outgame_navigator\0x97EFA1D5_g03.png,projects\outgame_navigator\0x97EFA1D5\g03\composition.json,
outgame_navigator,0x97EFA1D5,g04,mapped,0x97EFA1D5/g04/00000,packages\0x97EFA1D5\png\g04_00000_872x960_bc7.png,872,960,2,18,previews\outgame_navigator\0x97EFA1D5_g04.png,projects\outgame_navigator\0x97EFA1D5\g04\composition.json,
outgame_navigator,0x97EFA1D5,g05,mapped,0x97EFA1D5/g05/00000,packages\0x97EFA1D5\png\g05_00000_872x960_bc7.png,872,960,2,18,previews\outgame_navigator\0x97EFA1D5_g05.png,projects\outgame_navigator\0x97EFA1D5\g05\composition.json,
outgame_navigator,0x98187467,g00,mapped,0x98187467/g00/00000,packages\0x98187467\png\g00_00000_872x960_bc7.png,872,960,2,18,previews\outgame_navigator\0x98187467_g00.png,projects\outgame_navigator\0x98187467\g00\composition.json,
outgame_navigator,0x98187467,g01,mapped,0x98187467/g01/00000,packages\0x98187467\png\g01_00000_872x960_bc7.png,872,960,2,18,previews\outgame_navigator\0x98187467_g01.png,projects\outgame_navigator\0x98187467\g01\composition.json,
outgame_navigator,0x98187467,g02,mapped,0x98187467/g02/00000,packages\0x98187467\png\g02_00000_872x960_bc7.png,872,960,2,12,previews\outgame_navigator\0x98187467_g02.png,projects\outgame_navigator\0x98187467\g02\composition.json,
outgame_navigator,0x98187467,g03,mapped,0x98187467/g03/00000,packages\0x98187467\png\g03_00000_872x960_bc7.png,872,960,2,12,previews\outgame_navigator\0x98187467_g03.png,projects\outgame_navigator\0x98187467\g03\composition.json,
outgame_navigator,0x98187467,g04,mapped,0x98187467/g04/00000,packages\0x98187467\png\g04_00000_872x960_bc7.png,872,960,2,12,previews\outgame_navigator\0x98187467_g04.png,projects\outgame_navigator\0x98187467\g04\composition.json,
outgame_navigator,0x9869B606,g00,mapped,0x9869B606/g00/00000,packages\0x9869B606\png\g00_00000_872x960_bc7.png,872,960,2,36,previews\outgame_navigator\0x9869B606_g00.png,projects\outgame_navigator\0x9869B606\g00\composition.json,
outgame_navigator,0x9869B606,g01,mapped,0x9869B606/g01/00000,packages\0x9869B606\png\g01_00000_872x960_bc7.png,872,960,2,36,previews\outgame_navigator\0x9869B606_g01.png,projects\outgame_navigator\0x9869B606\g01\composition.json,
outgame_navigator,0x9869B606,g02,mapped,0x9869B606/g02/00000,packages\0x9869B606\png\g02_00000_872x960_bc7.png,872,960,2,36,previews\outgame_navigator\0x9869B606_g02.png,projects\outgame_navigator\0x9869B606\g02\composition.json,
outgame_navigator,0x9869B606,g03,mapped,0x9869B606/g03/00000,packages\0x9869B606\png\g03_00000_872x960_bc7.png,872,960,2,24,previews\outgame_navigator\0x9869B606_g03.png,projects\outgame_navigator\0x9869B606\g03\composition.json,
outgame_navigator,0x9869B606,g04,mapped,0x9869B606/g04/00000,packages\0x9869B606\png\g04_00000_872x960_bc7.png,872,960,2,24,previews\outgame_navigator\0x9869B606_g04.png,projects\outgame_navigator\0x9869B606\g04\composition.json,
outgame_navigator,0x9869B606,g05,mapped,0x9869B606/g05/00000,packages\0x9869B606\png\g05_00000_872x960_bc7.png,872,960,2,18,previews\outgame_navigator\0x9869B606_g05.png,projects\outgame_navigator\0x9869B606\g05\composition.json,
outgame_navigator,0x9869B606,g06,mapped,0x9869B606/g06/00000,packages\0x9869B606\png\g06_00000_872x960_bc7.png,872,960,2,18,previews\outgame_navigator\0x9869B606_g06.png,projects\outgame_navigator\0x9869B606\g06\composition.json,
outgame_navigator,0x9869B606,g07,mapped,0x9869B606/g07/00000,packages\0x9869B606\png\g07_00000_872x960_bc7.png,872,960,2,18,previews\outgame_navigator\0x9869B606_g07.png,projects\outgame_navigator\0x9869B606\g07\composition.json,
outgame_navigator,0x9869B606,g08,mapped,0x9869B606/g08/00000,packages\0x9869B606\png\g08_00000_872x960_bc7.png,872,960,2,18,previews\outgame_navigator\0x9869B606_g08.png,projects\outgame_navigator\0x9869B606\g08\composition.json,
outgame_navigator,0x9869B606,g09,mapped,0x9869B606/g09/00000,packages\0x9869B606\png\g09_00000_872x960_bc7.png,872,960,2,18,previews\outgame_navigator\0x9869B606_g09.png,projects\outgame_navigator\0x9869B606\g09\composition.json,
outgame_navigator,0x9869B606,g10,mapped,0x9869B606/g10/00000,packages\0x9869B606\png\g10_00000_872x960_bc7.png,872,960,2,18,previews\outgame_navigator\0x9869B606_g10.png,projects\outgame_navigator\0x9869B606\g10\composition.json,
combat_portrait,0x9A01CDF0,g00,mapped,0x9A01CDF0/g00/00001,packages\0x9A01CDF0\png\g00_00001_572x572_bc7.png,572,572,1,2,previews\combat_portrait\0x9A01CDF0_g00.png,projects\combat_portrait\0x9A01CDF0\g00\composition.json,
combat_portrait,0x9A04C4FC,g00,mapped,0x9A04C4FC/g00/00001,packages\0x9A04C4FC\png\g00_00001_572x572_bc7.png,572,572,1,2,previews\combat_portrait\0x9A04C4FC_g00.png,projects\combat_portrait\0x9A04C4FC\g00\composition.json,
combat_portrait,0x9A19FCAC,g00,mapped,0x9A19FCAC/g00/00001,packages\0x9A19FCAC\png\g00_00001_572x572_bc7.png,572,572,1,2,previews\combat_portrait\0x9A19FCAC_g00.png,projects\combat_portrait\0x9A19FCAC\g00\composition.json,
ingame_navigator,0x9A21CBD1,g00,mapped,0x9A21CBD1/g00/00000,packages\0x9A21CBD1\png\g00_00000_260x180_bc7.png,260,180,2,15,previews\ingame_navigator\0x9A21CBD1_g00.png,projects\ingame_navigator\0x9A21CBD1\g00\composition.json,
combat_portrait,0x9A28763C,g00,mapped,0x9A28763C/g00/00001,packages\0x9A28763C\png\g00_00001_572x572_bc7.png,572,572,1,2,previews\combat_portrait\0x9A28763C_g00.png,projects\combat_portrait\0x9A28763C\g00\composition.json,
outgame_navigator,0x9B20754A,g00,mapped,0x9B20754A/g00/00000,packages\0x9B20754A\png\g00_00000_872x960_bc7.png,872,960,2,36,previews\outgame_navigator\0x9B20754A_g00.png,projects\outgame_navigator\0x9B20754A\g00\composition.json,
outgame_navigator,0x9B20754A,g01,mapped,0x9B20754A/g01/00000,packages\0x9B20754A\png\g01_00000_872x960_bc7.png,872,960,2,36,previews\outgame_navigator\0x9B20754A_g01.png,projects\outgame_navigator\0x9B20754A\g01\composition.json,
outgame_navigator,0x9B20754A,g02,mapped,0x9B20754A/g02/00000,packages\0x9B20754A\png\g02_00000_872x960_bc7.png,872,960,2,17,previews\outgame_navigator\0x9B20754A_g02.png,projects\outgame_navigator\0x9B20754A\g02\composition.json,
outgame_navigator,0x9B20754A,g03,mapped,0x9B20754A/g03/00000,packages\0x9B20754A\png\g03_00000_872x960_bc7.png,872,960,2,17,previews\outgame_navigator\0x9B20754A_g03.png,projects\outgame_navigator\0x9B20754A\g03\composition.json,
outgame_navigator,0x9B20754A,g04,mapped,0x9B20754A/g04/00000,packages\0x9B20754A\png\g04_00000_872x960_bc7.png,872,960,2,17,previews\outgame_navigator\0x9B20754A_g04.png,projects\outgame_navigator\0x9B20754A\g04\composition.json,
outgame_navigator,0x9B20754A,g05,mapped,0x9B20754A/g05/00000,packages\0x9B20754A\png\g05_00000_872x960_bc7.png,872,960,2,17,previews\outgame_navigator\0x9B20754A_g05.png,projects\outgame_navigator\0x9B20754A\g05\composition.json,
outgame_navigator,0x9B20754A,g06,mapped,0x9B20754A/g06/00000,packages\0x9B20754A\png\g06_00000_872x960_bc7.png,872,960,2,35,previews\outgame_navigator\0x9B20754A_g06.png,projects\outgame_navigator\0x9B20754A\g06\composition.json,
outgame_navigator,0x9B20754A,g07,mapped,0x9B20754A/g07/00000,packages\0x9B20754A\png\g07_00000_872x960_bc7.png,872,960,2,35,previews\outgame_navigator\0x9B20754A_g07.png,projects\outgame_navigator\0x9B20754A\g07\composition.json,
outgame_navigator,0x9B20754A,g08,mapped,0x9B20754A/g08/00000,packages\0x9B20754A\png\g08_00000_872x960_bc7.png,872,960,2,13,previews\outgame_navigator\0x9B20754A_g08.png,projects\outgame_navigator\0x9B20754A\g08\composition.json,
outgame_navigator,0x9B20754A,g09,mapped,0x9B20754A/g09/00000,packages\0x9B20754A\png\g09_00000_872x960_bc7.png,872,960,2,4,previews\outgame_navigator\0x9B20754A_g09.png,projects\outgame_navigator\0x9B20754A\g09\composition.json,
outgame_navigator,0x9B20754A,g10,mapped,0x9B20754A/g10/00000,packages\0x9B20754A\png\g10_00000_872x960_bc7.png,872,960,2,10,previews\outgame_navigator\0x9B20754A_g10.png,projects\outgame_navigator\0x9B20754A\g10\composition.json,
combat_portrait,0x9B386693,g00,mapped,0x9B386693/g00/00001,packages\0x9B386693\png\g00_00001_572x572_bc7.png,572,572,1,2,previews\combat_portrait\0x9B386693_g00.png,projects\combat_portrait\0x9B386693\g00\composition.json,
outgame_navigator,0x9C4DB153,g00,mapped,0x9C4DB153/g00/00000,packages\0x9C4DB153\png\g00_00000_872x960_bc7.png,872,960,2,36,previews\outgame_navigator\0x9C4DB153_g00.png,projects\outgame_navigator\0x9C4DB153\g00\composition.json,
outgame_navigator,0x9C4DB153,g01,mapped,0x9C4DB153/g01/00000,packages\0x9C4DB153\png\g01_00000_872x960_bc7.png,872,960,2,36,previews\outgame_navigator\0x9C4DB153_g01.png,projects\outgame_navigator\0x9C4DB153\g01\composition.json,
outgame_navigator,0x9C4DB153,g02,mapped,0x9C4DB153/g02/00000,packages\0x9C4DB153\png\g02_00000_872x960_bc7.png,872,960,2,17,previews\outgame_navigator\0x9C4DB153_g02.png,projects\outgame_navigator\0x9C4DB153\g02\composition.json,
outgame_navigator,0x9C4DB153,g03,mapped,0x9C4DB153/g03/00000,packages\0x9C4DB153\png\g03_00000_872x960_bc7.png,872,960,2,17,previews\outgame_navigator\0x9C4DB153_g03.png,projects\outgame_navigator\0x9C4DB153\g03\composition.json,
outgame_navigator,0x9C4DB153,g04,mapped,0x9C4DB153/g04/00000,packages\0x9C4DB153\png\g04_00000_872x960_bc7.png,872,960,2,17,previews\outgame_navigator\0x9C4DB153_g04.png,projects\outgame_navigator\0x9C4DB153\g04\composition.json,
outgame_navigator,0x9C4DB153,g05,mapped,0x9C4DB153/g05/00000,packages\0x9C4DB153\png\g05_00000_872x960_bc7.png,872,960,2,17,previews\outgame_navigator\0x9C4DB153_g05.png,projects\outgame_navigator\0x9C4DB153\g05\composition.json,
outgame_navigator,0x9C4DB153,g06,mapped,0x9C4DB153/g06/00000,packages\0x9C4DB153\png\g06_00000_872x960_bc7.png,872,960,2,35,previews\outgame_navigator\0x9C4DB153_g06.png,projects\outgame_navigator\0x9C4DB153\g06\composition.json,
outgame_navigator,0x9C4DB153,g07,mapped,0x9C4DB153/g07/00000,packages\0x9C4DB153\png\g07_00000_872x960_bc7.png,872,960,2,35,previews\outgame_navigator\0x9C4DB153_g07.png,projects\outgame_navigator\0x9C4DB153\g07\composition.json,
outgame_navigator,0x9C4DB153,g08,mapped,0x9C4DB153/g08/00000,packages\0x9C4DB153\png\g08_00000_872x960_bc7.png,872,960,2,13,previews\outgame_navigator\0x9C4DB153_g08.png,projects\outgame_navigator\0x9C4DB153\g08\composition.json,
outgame_navigator,0x9C4DB153,g09,mapped,0x9C4DB153/g09/00000,packages\0x9C4DB153\png\g09_00000_872x960_bc7.png,872,960,2,4,previews\outgame_navigator\0x9C4DB153_g09.png,projects\outgame_navigator\0x9C4DB153\g09\composition.json,
outgame_navigator,0x9C4DB153,g10,mapped,0x9C4DB153/g10/00000,packages\0x9C4DB153\png\g10_00000_872x960_bc7.png,872,960,2,10,previews\outgame_navigator\0x9C4DB153_g10.png,projects\outgame_navigator\0x9C4DB153\g10\composition.json,
combat_portrait,0x9C6C263F,g00,mapped,0x9C6C263F/g00/00001,packages\0x9C6C263F\png\g00_00001_572x572_bc7.png,572,572,1,2,previews\combat_portrait\0x9C6C263F_g00.png,projects\combat_portrait\0x9C6C263F\g00\composition.json,
combat_portrait,0x9C74E377,g00,mapped,0x9C74E377/g00/00001,packages\0x9C74E377\png\g00_00001_572x572_bc7.png,572,572,1,2,previews\combat_portrait\0x9C74E377_g00.png,projects\combat_portrait\0x9C74E377\g00\composition.json,
outgame_navigator,0x9C9AD997,g00,mapped,0x9C9AD997/g00/00000,packages\0x9C9AD997\png\g00_00000_872x960_bc7.png,872,960,2,24,previews\outgame_navigator\0x9C9AD997_g00.png,projects\outgame_navigator\0x9C9AD997\g00\composition.json,
outgame_navigator,0x9C9AD997,g01,mapped,0x9C9AD997/g01/00000,packages\0x9C9AD997\png\g01_00000_872x960_bc7.png,872,960,2,24,previews\outgame_navigator\0x9C9AD997_g01.png,projects\outgame_navigator\0x9C9AD997\g01\composition.json,
outgame_navigator,0x9C9AD997,g02,mapped,0x9C9AD997/g02/00000,packages\0x9C9AD997\png\g02_00000_872x960_bc7.png,872,960,2,24,previews\outgame_navigator\0x9C9AD997_g02.png,projects\outgame_navigator\0x9C9AD997\g02\composition.json,
outgame_navigator,0x9C9AD997,g03,mapped,0x9C9AD997/g03/00000,packages\0x9C9AD997\png\g03_00000_872x960_bc7.png,872,960,2,24,previews\outgame_navigator\0x9C9AD997_g03.png,projects\outgame_navigator\0x9C9AD997\g03\composition.json,
outgame_navigator,0x9C9AD997,g04,mapped,0x9C9AD997/g04/00000,packages\0x9C9AD997\png\g04_00000_872x960_bc7.png,872,960,2,24,previews\outgame_navigator\0x9C9AD997_g04.png,projects\outgame_navigator\0x9C9AD997\g04\composition.json,
outgame_navigator,0x9C9AD997,g05,mapped,0x9C9AD997/g05/00000,packages\0x9C9AD997\png\g05_00000_872x960_bc7.png,872,960,2,21,previews\outgame_navigator\0x9C9AD997_g05.png,projects\outgame_navigator\0x9C9AD997\g05\composition.json,
outgame_navigator,0x9C9AD997,g06,mapped,0x9C9AD997/g06/00000,packages\0x9C9AD997\png\g06_00000_872x960_bc7.png,872,960,2,21,previews\outgame_navigator\0x9C9AD997_g06.png,projects\outgame_navigator\0x9C9AD997\g06\composition.json,
outgame_navigator,0x9C9AD997,g07,mapped,0x9C9AD997/g07/00000,packages\0x9C9AD997\png\g07_00000_872x960_bc7.png,872,960,2,7,previews\outgame_navigator\0x9C9AD997_g07.png,projects\outgame_navigator\0x9C9AD997\g07\composition.json,
outgame_navigator,0x9C9AD997,g08,mapped,0x9C9AD997/g08/00000,packages\0x9C9AD997\png\g08_00000_872x960_bc7.png,872,960,2,6,previews\outgame_navigator\0x9C9AD997_g08.png,projects\outgame_navigator\0x9C9AD997\g08\composition.json,
outgame_navigator,0x9C9AD997,g09,mapped,0x9C9AD997/g09/00000,packages\0x9C9AD997\png\g09_00000_872x960_bc7.png,872,960,2,6,previews\outgame_navigator\0x9C9AD997_g09.png,projects\outgame_navigator\0x9C9AD997\g09\composition.json,
ingame_navigator,0x9D48829C,g00,mapped,0x9D48829C/g00/00000,packages\0x9D48829C\png\g00_00000_260x180_bc7.png,260,180,2,15,previews\ingame_navigator\0x9D48829C_g00.png,projects\ingame_navigator\0x9D48829C\g00\composition.json,
ingame_navigator,0x9D65D66A,g00,mapped,0x9D65D66A/g00/00000,packages\0x9D65D66A\png\g00_00000_260x180_bc7.png,260,180,2,16,previews\ingame_navigator\0x9D65D66A_g00.png,projects\ingame_navigator\0x9D65D66A\g00\composition.json,
ingame_navigator,0x9E63716A,g00,mapped,0x9E63716A/g00/00000,packages\0x9E63716A\png\g00_00000_260x180_bc7.png,260,180,2,15,previews\ingame_navigator\0x9E63716A_g00.png,projects\ingame_navigator\0x9E63716A\g00\composition.json,
combat_portrait,0x9ED6BD3B,g00,mapped,0x9ED6BD3B/g00/00001,packages\0x9ED6BD3B\png\g00_00001_572x572_bc7.png,572,572,1,2,previews\combat_portrait\0x9ED6BD3B_g00.png,projects\combat_portrait\0x9ED6BD3B\g00\composition.json,
combat_portrait,0x9EE2CAB3,g00,mapped,0x9EE2CAB3/g00/00001,packages\0x9EE2CAB3\png\g00_00001_572x572_bc7.png,572,572,1,2,previews\combat_portrait\0x9EE2CAB3_g00.png,projects\combat_portrait\0x9EE2CAB3\g00\composition.json,
outgame_navigator,0x9F04721F,g00,mapped,0x9F04721F/g00/00000,packages\0x9F04721F\png\g00_00000_872x960_bc7.png,872,960,2,36,previews\outgame_navigator\0x9F04721F_g00.png,projects\outgame_navigator\0x9F04721F\g00\composition.json,
outgame_navigator,0x9F04721F,g01,mapped,0x9F04721F/g01/00000,packages\0x9F04721F\png\g01_00000_872x960_bc7.png,872,960,2,36,previews\outgame_navigator\0x9F04721F_g01.png,projects\outgame_navigator\0x9F04721F\g01\composition.json,
outgame_navigator,0x9F04721F,g02,mapped,0x9F04721F/g02/00000,packages\0x9F04721F\png\g02_00000_872x960_bc7.png,872,960,2,36,previews\outgame_navigator\0x9F04721F_g02.png,projects\outgame_navigator\0x9F04721F\g02\composition.json,
outgame_navigator,0x9F04721F,g03,mapped,0x9F04721F/g03/00000,packages\0x9F04721F\png\g03_00000_872x960_bc7.png,872,960,2,24,previews\outgame_navigator\0x9F04721F_g03.png,projects\outgame_navigator\0x9F04721F\g03\composition.json,
outgame_navigator,0x9F04721F,g04,mapped,0x9F04721F/g04/00000,packages\0x9F04721F\png\g04_00000_872x960_bc7.png,872,960,2,24,previews\outgame_navigator\0x9F04721F_g04.png,projects\outgame_navigator\0x9F04721F\g04\composition.json,
outgame_navigator,0x9F04721F,g05,mapped,0x9F04721F/g05/00000,packages\0x9F04721F\png\g05_00000_872x960_bc7.png,872,960,2,18,previews\outgame_navigator\0x9F04721F_g05.png,projects\outgame_navigator\0x9F04721F\g05\composition.json,
outgame_navigator,0x9F04721F,g06,mapped,0x9F04721F/g06/00000,packages\0x9F04721F\png\g06_00000_872x960_bc7.png,872,960,2,18,previews\outgame_navigator\0x9F04721F_g06.png,projects\outgame_navigator\0x9F04721F\g06\composition.json,
outgame_navigator,0x9F04721F,g07,mapped,0x9F04721F/g07/00000,packages\0x9F04721F\png\g07_00000_872x960_bc7.png,872,960,2,18,previews\outgame_navigator\0x9F04721F_g07.png,projects\outgame_navigator\0x9F04721F\g07\composition.json,
outgame_navigator,0x9F04721F,g08,mapped,0x9F04721F/g08/00000,packages\0x9F04721F\png\g08_00000_872x960_bc7.png,872,960,2,18,previews\outgame_navigator\0x9F04721F_g08.png,projects\outgame_navigator\0x9F04721F\g08\composition.json,
outgame_navigator,0x9F04721F,g09,mapped,0x9F04721F/g09/00000,packages\0x9F04721F\png\g09_00000_872x960_bc7.png,872,960,2,18,previews\outgame_navigator\0x9F04721F_g09.png,projects\outgame_navigator\0x9F04721F\g09\composition.json,
outgame_navigator,0x9F04721F,g10,mapped,0x9F04721F/g10/00000,packages\0x9F04721F\png\g10_00000_872x960_bc7.png,872,960,2,18,previews\outgame_navigator\0x9F04721F_g10.png,projects\outgame_navigator\0x9F04721F\g10\composition.json,
ingame_navigator,0x9F1BA0DB,g00,mapped,0x9F1BA0DB/g00/00000,packages\0x9F1BA0DB\png\g00_00000_260x180_bc7.png,260,180,2,24,previews\ingame_navigator\0x9F1BA0DB_g00.png,projects\ingame_navigator\0x9F1BA0DB\g00\composition.json,
combat_portrait,0x9FC65980,g00,mapped,0x9FC65980/g00/00001,packages\0x9FC65980\png\g00_00001_572x572_bc7.png,572,572,1,2,previews\combat_portrait\0x9FC65980_g00.png,projects\combat_portrait\0x9FC65980\g00\composition.json,
combat_portrait,0x9FC8BFA2,g00,mapped,0x9FC8BFA2/g00/00001,packages\0x9FC8BFA2\png\g00_00001_572x572_bc7.png,572,572,1,2,previews\combat_portrait\0x9FC8BFA2_g00.png,projects\combat_portrait\0x9FC8BFA2\g00\composition.json,
combat_portrait,0x9FE1F07A,g00,mapped,0x9FE1F07A/g00/00001,packages\0x9FE1F07A\png\g00_00001_572x572_bc7.png,572,572,1,2,previews\combat_portrait\0x9FE1F07A_g00.png,projects\combat_portrait\0x9FE1F07A\g00\composition.json,
combat_portrait,0x9FF7D310,g00,mapped,0x9FF7D310/g00/00001,packages\0x9FF7D310\png\g00_00001_572x572_bc7.png,572,572,1,2,previews\combat_portrait\0x9FF7D310_g00.png,projects\combat_portrait\0x9FF7D310\g00\composition.json,
ingame_navigator,0xA01356A5,g00,mapped,0xA01356A5/g00/00000,packages\0xA01356A5\png\g00_00000_260x180_bc7.png,260,180,2,12,previews\ingame_navigator\0xA01356A5_g00.png,projects\ingame_navigator\0xA01356A5\g00\composition.json,
combat_portrait,0xA03EBFD6,g00,mapped,0xA03EBFD6/g00/00001,packages\0xA03EBFD6\png\g00_00001_572x572_bc7.png,572,572,1,2,previews\combat_portrait\0xA03EBFD6_g00.png,projects\combat_portrait\0xA03EBFD6\g00\composition.json,
ingame_navigator,0xA08EA1A4,g00,mapped,0xA08EA1A4/g00/00000,packages\0xA08EA1A4\png\g00_00000_260x180_bc7.png,260,180,2,8,previews\ingame_navigator\0xA08EA1A4_g00.png,projects\ingame_navigator\0xA08EA1A4\g00\composition.json,
outgame_navigator,0xA0F26E95,g00,mapped,0xA0F26E95/g00/00000,packages\0xA0F26E95\png\g00_00000_872x960_bc7.png,872,960,2,22,previews\outgame_navigator\0xA0F26E95_g00.png,projects\outgame_navigator\0xA0F26E95\g00\composition.json,
outgame_navigator,0xA0F26E95,g01,mapped,0xA0F26E95/g01/00000,packages\0xA0F26E95\png\g01_00000_872x960_bc7.png,872,960,2,22,previews\outgame_navigator\0xA0F26E95_g01.png,projects\outgame_navigator\0xA0F26E95\g01\composition.json,
outgame_navigator,0xA0F26E95,g02,mapped,0xA0F26E95/g02/00000,packages\0xA0F26E95\png\g02_00000_872x960_bc7.png,872,960,2,12,previews\outgame_navigator\0xA0F26E95_g02.png,projects\outgame_navigator\0xA0F26E95\g02\composition.json,
outgame_navigator,0xA0F26E95,g03,mapped,0xA0F26E95/g03/00000,packages\0xA0F26E95\png\g03_00000_872x960_bc7.png,872,960,2,12,previews\outgame_navigator\0xA0F26E95_g03.png,projects\outgame_navigator\0xA0F26E95\g03\composition.json,
outgame_navigator,0xA0F26E95,g04,mapped,0xA0F26E95/g04/00000,packages\0xA0F26E95\png\g04_00000_872x960_bc7.png,872,960,2,12,previews\outgame_navigator\0xA0F26E95_g04.png,projects\outgame_navigator\0xA0F26E95\g04\composition.json,
outgame_navigator,0xA0F26E95,g05,mapped,0xA0F26E95/g05/00000,packages\0xA0F26E95\png\g05_00000_872x960_bc7.png,872,960,2,12,previews\outgame_navigator\0xA0F26E95_g05.png,projects\outgame_navigator\0xA0F26E95\g05\composition.json,
outgame_navigator,0xA0F26E95,g06,mapped,0xA0F26E95/g06/00000,packages\0xA0F26E95\png\g06_00000_872x960_bc7.png,872,960,2,4,previews\outgame_navigator\0xA0F26E95_g06.png,projects\outgame_navigator\0xA0F26E95\g06\composition.json,
outgame_navigator,0xA0F26E95,g07,mapped,0xA0F26E95/g07/00000,packages\0xA0F26E95\png\g07_00000_872x960_bc7.png,872,960,2,6,previews\outgame_navigator\0xA0F26E95_g07.png,projects\outgame_navigator\0xA0F26E95\g07\composition.json,
combat_portrait,0xA297FAA0,g00,mapped,0xA297FAA0/g00/00001,packages\0xA297FAA0\png\g00_00001_572x572_bc7.png,572,572,1,2,previews\combat_portrait\0xA297FAA0_g00.png,projects\combat_portrait\0xA297FAA0\g00\composition.json,
combat_portrait,0xA2991C82,g00,mapped,0xA2991C82/g00/00001,packages\0xA2991C82\png\g00_00001_572x572_bc7.png,572,572,1,2,previews\combat_portrait\0xA2991C82_g00.png,projects\combat_portrait\0xA2991C82\g00\composition.json,
combat_portrait,0xA2A38D28,g00,mapped,0xA2A38D28/g00/00001,packages\0xA2A38D28\png\g00_00001_572x572_bc7.png,572,572,1,2,previews\combat_portrait\0xA2A38D28_g00.png,projects\combat_portrait\0xA2A38D28\g00\composition.json,
outgame_navigator,0xA2A4ACF8,g00,mapped,0xA2A4ACF8/g00/00000,packages\0xA2A4ACF8\png\g00_00000_872x960_bc7.png,872,960,2,30,previews\outgame_navigator\0xA2A4ACF8_g00.png,projects\outgame_navigator\0xA2A4ACF8\g00\composition.json,
outgame_navigator,0xA2A4ACF8,g01,mapped,0xA2A4ACF8/g01/00000,packages\0xA2A4ACF8\png\g01_00000_872x960_bc7.png,872,960,2,30,previews\outgame_navigator\0xA2A4ACF8_g01.png,projects\outgame_navigator\0xA2A4ACF8\g01\composition.json,
outgame_navigator,0xA2A4ACF8,g02,mapped,0xA2A4ACF8/g02/00000,packages\0xA2A4ACF8\png\g02_00000_872x960_bc7.png,872,960,2,30,previews\outgame_navigator\0xA2A4ACF8_g02.png,projects\outgame_navigator\0xA2A4ACF8\g02\composition.json,
outgame_navigator,0xA2A4ACF8,g03,mapped,0xA2A4ACF8/g03/00000,packages\0xA2A4ACF8\png\g03_00000_872x960_bc7.png,872,960,2,30,previews\outgame_navigator\0xA2A4ACF8_g03.png,projects\outgame_navigator\0xA2A4ACF8\g03\composition.json,
outgame_navigator,0xA2A4ACF8,g04,mapped,0xA2A4ACF8/g04/00000,packages\0xA2A4ACF8\png\g04_00000_872x960_bc7.png,872,960,0,0,previews\outgame_navigator\0xA2A4ACF8_g04.png,projects\outgame_navigator\0xA2A4ACF8\g04\composition.json,
outgame_navigator,0xA2A4ACF8,g05,mapped,0xA2A4ACF8/g05/00000,packages\0xA2A4ACF8\png\g05_00000_872x960_bc7.png,872,960,2,6,previews\outgame_navigator\0xA2A4ACF8_g05.png,projects\outgame_navigator\0xA2A4ACF8\g05\composition.json,
outgame_navigator,0xA2A4ACF8,g06,mapped,0xA2A4ACF8/g06/00000,packages\0xA2A4ACF8\png\g06_00000_872x960_bc7.png,872,960,2,18,previews\outgame_navigator\0xA2A4ACF8_g06.png,projects\outgame_navigator\0xA2A4ACF8\g06\composition.json,
outgame_navigator,0xA2A4ACF8,g07,mapped,0xA2A4ACF8/g07/00000,packages\0xA2A4ACF8\png\g07_00000_872x960_bc7.png,872,960,2,12,previews\outgame_navigator\0xA2A4ACF8_g07.png,projects\outgame_navigator\0xA2A4ACF8\g07\composition.json,
combat_portrait,0xA2B0535A,g00,mapped,0xA2B0535A/g00/00001,packages\0xA2B0535A\png\g00_00001_572x572_bc7.png,572,572,1,2,previews\combat_portrait\0xA2B0535A_g00.png,projects\combat_portrait\0xA2B0535A\g00\composition.json,
combat_portrait,0xA2BEB578,g00,mapped,0xA2BEB578/g00/00001,packages\0xA2BEB578\png\g00_00001_572x572_bc7.png,572,572,1,2,previews\combat_portrait\0xA2BEB578_g00.png,projects\combat_portrait\0xA2BEB578\g00\composition.json,
combat_portrait,0xA39A264B,g00,mapped,0xA39A264B/g00/00001,packages\0xA39A264B\png\g00_00001_572x572_bc7.png,572,572,1,2,previews\combat_portrait\0xA39A264B_g00.png,projects\combat_portrait\0xA39A264B\g00\composition.json,
combat_portrait,0xA3B6948B,g00,mapped,0xA3B6948B/g00/00001,packages\0xA3B6948B\png\g00_00001_572x572_bc7.png,572,572,1,2,previews\combat_portrait\0xA3B6948B_g00.png,projects\combat_portrait\0xA3B6948B\g00\composition.json,
ingame_navigator,0xA4CB16F0,g00,mapped,0xA4CB16F0/g00/00000,packages\0xA4CB16F0\png\g00_00000_260x180_bc7.png,260,180,2,24,previews\ingame_navigator\0xA4CB16F0_g00.png,projects\ingame_navigator\0xA4CB16F0\g00\composition.json,
combat_portrait,0xA4CB6FEB,g00,mapped,0xA4CB6FEB/g00/00001,packages\0xA4CB6FEB\png\g00_00001_572x572_bc7.png,572,572,1,2,previews\combat_portrait\0xA4CB6FEB_g00.png,projects\combat_portrait\0xA4CB6FEB\g00\composition.json,
outgame_navigator,0xA5B6E81E,g00,mapped,0xA5B6E81E/g00/00000,packages\0xA5B6E81E\png\g00_00000_872x960_bc7.png,872,960,2,12,previews\outgame_navigator\0xA5B6E81E_g00.png,projects\outgame_navigator\0xA5B6E81E\g00\composition.json,
outgame_navigator,0xA5B6E81E,g01,mapped,0xA5B6E81E/g01/00000,packages\0xA5B6E81E\png\g01_00000_872x960_bc7.png,872,960,2,12,previews\outgame_navigator\0xA5B6E81E_g01.png,projects\outgame_navigator\0xA5B6E81E\g01\composition.json,
outgame_navigator,0xA5B6E81E,g02,mapped,0xA5B6E81E/g02/00000,packages\0xA5B6E81E\png\g02_00000_872x960_bc7.png,872,960,2,18,previews\outgame_navigator\0xA5B6E81E_g02.png,projects\outgame_navigator\0xA5B6E81E\g02\composition.json,
outgame_navigator,0xA5B6E81E,g03,mapped,0xA5B6E81E/g03/00000,packages\0xA5B6E81E\png\g03_00000_872x960_bc7.png,872,960,2,18,previews\outgame_navigator\0xA5B6E81E_g03.png,projects\outgame_navigator\0xA5B6E81E\g03\composition.json,
outgame_navigator,0xA5B6E81E,g04,mapped,0xA5B6E81E/g04/00000,packages\0xA5B6E81E\png\g04_00000_872x960_bc7.png,872,960,2,18,previews\outgame_navigator\0xA5B6E81E_g04.png,projects\outgame_navigator\0xA5B6E81E\g04\composition.json,
combat_portrait,0xA5F73990,g00,mapped,0xA5F73990/g00/00001,packages\0xA5F73990\png\g00_00001_572x572_bc7.png,572,572,1,2,previews\combat_portrait\0xA5F73990_g00.png,projects\combat_portrait\0xA5F73990\g00\composition.json,
combat_portrait,0xA64B6545,g00,mapped,0xA64B6545/g00/00001,packages\0xA64B6545\png\g00_00001_572x572_bc7.png,572,572,1,2,previews\combat_portrait\0xA64B6545_g00.png,projects\combat_portrait\0xA64B6545\g00\composition.json,
combat_portrait,0xA67409F7,g00,mapped,0xA67409F7/g00/00001,packages\0xA67409F7\png\g00_00001_572x572_bc7.png,572,572,1,2,previews\combat_portrait\0xA67409F7_g00.png,projects\combat_portrait\0xA67409F7\g00\composition.json,
combat_portrait,0xA76FF676,g00,mapped,0xA76FF676/g00/00001,packages\0xA76FF676\png\g00_00001_572x572_bc7.png,572,572,1,2,previews\combat_portrait\0xA76FF676_g00.png,projects\combat_portrait\0xA76FF676\g00\composition.json,
combat_portrait,0xA8F47187,g00,mapped,0xA8F47187/g00/00001,packages\0xA8F47187\png\g00_00001_572x572_bc7.png,572,572,1,2,previews\combat_portrait\0xA8F47187_g00.png,projects\combat_portrait\0xA8F47187\g00\composition.json,
outgame_navigator,0xA94422BE,g00,mapped,0xA94422BE/g00/00000,packages\0xA94422BE\png\g00_00000_872x960_bc7.png,872,960,2,22,previews\outgame_navigator\0xA94422BE_g00.png,projects\outgame_navigator\0xA94422BE\g00\composition.json,
outgame_navigator,0xA94422BE,g01,mapped,0xA94422BE/g01/00000,packages\0xA94422BE\png\g01_00000_872x960_bc7.png,872,960,2,22,previews\outgame_navigator\0xA94422BE_g01.png,projects\outgame_navigator\0xA94422BE\g01\composition.json,
outgame_navigator,0xA94422BE,g02,mapped,0xA94422BE/g02/00000,packages\0xA94422BE\png\g02_00000_872x960_bc7.png,872,960,2,12,previews\outgame_navigator\0xA94422BE_g02.png,projects\outgame_navigator\0xA94422BE\g02\composition.json,
outgame_navigator,0xA94422BE,g03,mapped,0xA94422BE/g03/00000,packages\0xA94422BE\png\g03_00000_872x960_bc7.png,872,960,2,12,previews\outgame_navigator\0xA94422BE_g03.png,projects\outgame_navigator\0xA94422BE\g03\composition.json,
outgame_navigator,0xA94422BE,g04,mapped,0xA94422BE/g04/00000,packages\0xA94422BE\png\g04_00000_872x960_bc7.png,872,960,2,12,previews\outgame_navigator\0xA94422BE_g04.png,projects\outgame_navigator\0xA94422BE\g04\composition.json,
outgame_navigator,0xA94422BE,g05,mapped,0xA94422BE/g05/00000,packages\0xA94422BE\png\g05_00000_872x960_bc7.png,872,960,2,12,previews\outgame_navigator\0xA94422BE_g05.png,projects\outgame_navigator\0xA94422BE\g05\composition.json,
outgame_navigator,0xA94422BE,g06,mapped,0xA94422BE/g06/00000,packages\0xA94422BE\png\g06_00000_872x960_bc7.png,872,960,2,4,previews\outgame_navigator\0xA94422BE_g06.png,projects\outgame_navigator\0xA94422BE\g06\composition.json,
outgame_navigator,0xA94422BE,g07,mapped,0xA94422BE/g07/00000,packages\0xA94422BE\png\g07_00000_872x960_bc7.png,872,960,2,6,previews\outgame_navigator\0xA94422BE_g07.png,projects\outgame_navigator\0xA94422BE\g07\composition.json,
combat_portrait,0xA9EA731E,g00,mapped_with_warning,0xA9EA731E/g00/00001,packages\0xA9EA731E\png\g00_00001_572x572_bc7.png,572,572,1,2,previews\combat_portrait\0xA9EA731E_g00.png,projects\combat_portrait\0xA9EA731E\g00\composition.json,mouth stable-border RMSE is high: 62.64
outgame_navigator,0xAA286B99,g00,mapped,0xAA286B99/g00/00000,packages\0xAA286B99\png\g00_00000_872x960_bc7.png,872,960,2,12,previews\outgame_navigator\0xAA286B99_g00.png,projects\outgame_navigator\0xAA286B99\g00\composition.json,
outgame_navigator,0xAA286B99,g01,mapped,0xAA286B99/g01/00000,packages\0xAA286B99\png\g01_00000_872x960_bc7.png,872,960,2,12,previews\outgame_navigator\0xAA286B99_g01.png,projects\outgame_navigator\0xAA286B99\g01\composition.json,
outgame_navigator,0xAA286B99,g02,mapped,0xAA286B99/g02/00000,packages\0xAA286B99\png\g02_00000_872x960_bc7.png,872,960,2,12,previews\outgame_navigator\0xAA286B99_g02.png,projects\outgame_navigator\0xAA286B99\g02\composition.json,
outgame_navigator,0xAA286B99,g03,mapped,0xAA286B99/g03/00000,packages\0xAA286B99\png\g03_00000_872x960_bc7.png,872,960,2,12,previews\outgame_navigator\0xAA286B99_g03.png,projects\outgame_navigator\0xAA286B99\g03\composition.json,
outgame_navigator,0xAA286B99,g04,mapped,0xAA286B99/g04/00000,packages\0xAA286B99\png\g04_00000_872x960_bc7.png,872,960,2,12,previews\outgame_navigator\0xAA286B99_g04.png,projects\outgame_navigator\0xAA286B99\g04\composition.json,
outgame_navigator,0xAA286B99,g05,mapped,0xAA286B99/g05/00000,packages\0xAA286B99\png\g05_00000_872x960_bc7.png,872,960,2,12,previews\outgame_navigator\0xAA286B99_g05.png,projects\outgame_navigator\0xAA286B99\g05\composition.json,
combat_portrait,0xAA4EEA83,g00,mapped,0xAA4EEA83/g00/00001,packages\0xAA4EEA83\png\g00_00001_572x572_bc7.png,572,572,1,2,previews\combat_portrait\0xAA4EEA83_g00.png,projects\combat_portrait\0xAA4EEA83\g00\composition.json,
combat_portrait,0xAA562FCB,g00,mapped,0xAA562FCB/g00/00001,packages\0xAA562FCB\png\g00_00001_572x572_bc7.png,572,572,1,2,previews\combat_portrait\0xAA562FCB_g00.png,projects\combat_portrait\0xAA562FCB\g00\composition.json,
combat_portrait,0xAA58C9E9,g00,mapped,0xAA58C9E9/g00/00001,packages\0xAA58C9E9\png\g00_00001_572x572_bc7.png,572,572,1,2,previews\combat_portrait\0xAA58C9E9_g00.png,projects\combat_portrait\0xAA58C9E9\g00\composition.json,
combat_portrait,0xAA718631,g00,mapped,0xAA718631/g00/00001,packages\0xAA718631\png\g00_00001_572x572_bc7.png,572,572,1,2,previews\combat_portrait\0xAA718631_g00.png,projects\combat_portrait\0xAA718631\g00\composition.json,
outgame_navigator,0xAA7CB1FE,g00,mapped,0xAA7CB1FE/g00/00000,packages\0xAA7CB1FE\png\g00_00000_872x960_bc7.png,872,960,2,18,previews\outgame_navigator\0xAA7CB1FE_g00.png,projects\outgame_navigator\0xAA7CB1FE\g00\composition.json,
outgame_navigator,0xAA7CB1FE,g01,mapped,0xAA7CB1FE/g01/00000,packages\0xAA7CB1FE\png\g01_00000_872x960_bc7.png,872,960,2,18,previews\outgame_navigator\0xAA7CB1FE_g01.png,projects\outgame_navigator\0xAA7CB1FE\g01\composition.json,
outgame_navigator,0xAA7CB1FE,g02,mapped,0xAA7CB1FE/g02/00000,packages\0xAA7CB1FE\png\g02_00000_872x960_bc7.png,872,960,2,24,previews\outgame_navigator\0xAA7CB1FE_g02.png,projects\outgame_navigator\0xAA7CB1FE\g02\composition.json,
outgame_navigator,0xAA7CB1FE,g03,mapped,0xAA7CB1FE/g03/00000,packages\0xAA7CB1FE\png\g03_00000_872x960_bc7.png,872,960,2,24,previews\outgame_navigator\0xAA7CB1FE_g03.png,projects\outgame_navigator\0xAA7CB1FE\g03\composition.json,
outgame_navigator,0xAA7CB1FE,g04,mapped,0xAA7CB1FE/g04/00000,packages\0xAA7CB1FE\png\g04_00000_872x960_bc7.png,872,960,2,24,previews\outgame_navigator\0xAA7CB1FE_g04.png,projects\outgame_navigator\0xAA7CB1FE\g04\composition.json,
outgame_navigator,0xAA7CB1FE,g05,mapped,0xAA7CB1FE/g05/00000,packages\0xAA7CB1FE\png\g05_00000_872x960_bc7.png,872,960,2,24,previews\outgame_navigator\0xAA7CB1FE_g05.png,projects\outgame_navigator\0xAA7CB1FE\g05\composition.json,
combat_portrait,0xAB482D52,g00,mapped,0xAB482D52/g00/00001,packages\0xAB482D52\png\g00_00001_572x572_bc7.png,572,572,1,2,previews\combat_portrait\0xAB482D52_g00.png,projects\combat_portrait\0xAB482D52\g00\composition.json,
combat_portrait,0xAB5B0734,g00,mapped,0xAB5B0734/g00/00001,packages\0xAB5B0734\png\g00_00001_572x572_bc7.png,572,572,1,2,previews\combat_portrait\0xAB5B0734_g00.png,projects\combat_portrait\0xAB5B0734\g00\composition.json,
outgame_navigator,0xAC7F24CA,g00,mapped,0xAC7F24CA/g00/00000,packages\0xAC7F24CA\png\g00_00000_872x960_bc7.png,872,960,2,30,previews\outgame_navigator\0xAC7F24CA_g00.png,projects\outgame_navigator\0xAC7F24CA\g00\composition.json,
outgame_navigator,0xAC7F24CA,g01,mapped,0xAC7F24CA/g01/00000,packages\0xAC7F24CA\png\g01_00000_872x960_bc7.png,872,960,2,30,previews\outgame_navigator\0xAC7F24CA_g01.png,projects\outgame_navigator\0xAC7F24CA\g01\composition.json,
outgame_navigator,0xAC7F24CA,g02,mapped,0xAC7F24CA/g02/00000,packages\0xAC7F24CA\png\g02_00000_872x960_bc7.png,872,960,2,30,previews\outgame_navigator\0xAC7F24CA_g02.png,projects\outgame_navigator\0xAC7F24CA\g02\composition.json,
outgame_navigator,0xAC7F24CA,g03,mapped,0xAC7F24CA/g03/00000,packages\0xAC7F24CA\png\g03_00000_872x960_bc7.png,872,960,2,30,previews\outgame_navigator\0xAC7F24CA_g03.png,projects\outgame_navigator\0xAC7F24CA\g03\composition.json,
outgame_navigator,0xAC7F24CA,g04,mapped,0xAC7F24CA/g04/00000,packages\0xAC7F24CA\png\g04_00000_872x960_bc7.png,872,960,0,0,previews\outgame_navigator\0xAC7F24CA_g04.png,projects\outgame_navigator\0xAC7F24CA\g04\composition.json,
outgame_navigator,0xAC7F24CA,g05,mapped,0xAC7F24CA/g05/00000,packages\0xAC7F24CA\png\g05_00000_872x960_bc7.png,872,960,2,6,previews\outgame_navigator\0xAC7F24CA_g05.png,projects\outgame_navigator\0xAC7F24CA\g05\composition.json,
outgame_navigator,0xAC7F24CA,g06,mapped,0xAC7F24CA/g06/00000,packages\0xAC7F24CA\png\g06_00000_872x960_bc7.png,872,960,2,18,previews\outgame_navigator\0xAC7F24CA_g06.png,projects\outgame_navigator\0xAC7F24CA\g06\composition.json,
outgame_navigator,0xAC7F24CA,g07,mapped,0xAC7F24CA/g07/00000,packages\0xAC7F24CA\png\g07_00000_872x960_bc7.png,872,960,2,12,previews\outgame_navigator\0xAC7F24CA_g07.png,projects\outgame_navigator\0xAC7F24CA\g07\composition.json,
combat_portrait,0xAE84560C,g00,mapped,0xAE84560C/g00/00001,packages\0xAE84560C\png\g00_00001_572x572_bc7.png,572,572,1,2,previews\combat_portrait\0xAE84560C_g00.png,projects\combat_portrait\0xAE84560C\g00\composition.json,
combat_portrait,0xAE928172,g00,mapped,0xAE928172/g00/00001,packages\0xAE928172\png\g00_00001_572x572_bc7.png,572,572,1,2,previews\combat_portrait\0xAE928172_g00.png,projects\combat_portrait\0xAE928172\g00\composition.json,
combat_portrait,0xAF898AE7,g00,mapped,0xAF898AE7/g00/00001,packages\0xAF898AE7\png\g00_00001_572x572_bc7.png,572,572,1,2,previews\combat_portrait\0xAF898AE7_g00.png,projects\combat_portrait\0xAF898AE7\g00\composition.json,
combat_portrait,0xAFBDFD6F,g00,mapped,0xAFBDFD6F/g00/00001,packages\0xAFBDFD6F\png\g00_00001_572x572_bc7.png,572,572,1,2,previews\combat_portrait\0xAFBDFD6F_g00.png,projects\combat_portrait\0xAFBDFD6F\g00\composition.json,
combat_portrait,0xB002C15F,g00,mapped,0xB002C15F/g00/00001,packages\0xB002C15F\png\g00_00001_572x572_bc7.png,572,572,1,2,previews\combat_portrait\0xB002C15F_g00.png,projects\combat_portrait\0xB002C15F\g00\composition.json,
combat_portrait,0xB014E235,g00,mapped,0xB014E235/g00/00001,packages\0xB014E235\png\g00_00001_572x572_bc7.png,572,572,1,2,previews\combat_portrait\0xB014E235_g00.png,projects\combat_portrait\0xB014E235\g00\composition.json,
combat_portrait,0xB03DADED,g00,mapped,0xB03DADED/g00/00001,packages\0xB03DADED\png\g00_00001_572x572_bc7.png,572,572,1,2,previews\combat_portrait\0xB03DADED_g00.png,projects\combat_portrait\0xB03DADED\g00\composition.json,
combat_portrait,0xB0E14344,g00,mapped,0xB0E14344/g00/00001,packages\0xB0E14344\png\g00_00001_572x572_bc7.png,572,572,1,2,previews\combat_portrait\0xB0E14344_g00.png,projects\combat_portrait\0xB0E14344\g00\composition.json,
combat_portrait,0xB101FB96,g00,mapped,0xB101FB96/g00/00001,packages\0xB101FB96\png\g00_00001_572x572_bc7.png,572,572,1,2,previews\combat_portrait\0xB101FB96_g00.png,projects\combat_portrait\0xB101FB96\g00\composition.json,
combat_portrait,0xB1307106,g00,mapped,0xB1307106/g00/00001,packages\0xB1307106\png\g00_00001_572x572_bc7.png,572,572,1,2,previews\combat_portrait\0xB1307106_g00.png,projects\combat_portrait\0xB1307106\g00\composition.json,
combat_portrait,0xB4C87DD0,g00,mapped,0xB4C87DD0/g00/00001,packages\0xB4C87DD0\png\g00_00001_572x572_bc7.png,572,572,1,2,previews\combat_portrait\0xB4C87DD0_g00.png,projects\combat_portrait\0xB4C87DD0\g00\composition.json,
combat_portrait,0xB4DE5EBA,g00,mapped,0xB4DE5EBA/g00/00001,packages\0xB4DE5EBA\png\g00_00001_572x572_bc7.png,572,572,1,2,previews\combat_portrait\0xB4DE5EBA_g00.png,projects\combat_portrait\0xB4DE5EBA\g00\composition.json,
combat_portrait,0xB4E13208,g00,mapped,0xB4E13208/g00/00001,packages\0xB4E13208\png\g00_00001_572x572_bc7.png,572,572,1,2,previews\combat_portrait\0xB4E13208_g00.png,projects\combat_portrait\0xB4E13208\g00\composition.json,
combat_portrait,0xB5CB4719,g00,mapped,0xB5CB4719/g00/00001,packages\0xB5CB4719\png\g00_00001_572x572_bc7.png,572,572,1,2,previews\combat_portrait\0xB5CB4719_g00.png,projects\combat_portrait\0xB5CB4719\g00\composition.json,
combat_portrait,0xB5FF3091,g00,mapped,0xB5FF3091/g00/00001,packages\0xB5FF3091\png\g00_00001_572x572_bc7.png,572,572,1,2,previews\combat_portrait\0xB5FF3091_g00.png,projects\combat_portrait\0xB5FF3091\g00\composition.json,
outgame_navigator,0xB8D881CA,g00,mapped,0xB8D881CA/g00/00000,packages\0xB8D881CA\png\g00_00000_872x960_bc7.png,872,960,2,28,previews\outgame_navigator\0xB8D881CA_g00.png,projects\outgame_navigator\0xB8D881CA\g00\composition.json,
outgame_navigator,0xB8D881CA,g01,mapped,0xB8D881CA/g01/00000,packages\0xB8D881CA\png\g01_00000_872x960_bc7.png,872,960,2,28,previews\outgame_navigator\0xB8D881CA_g01.png,projects\outgame_navigator\0xB8D881CA\g01\composition.json,
outgame_navigator,0xB8D881CA,g02,mapped,0xB8D881CA/g02/00000,packages\0xB8D881CA\png\g02_00000_872x960_bc7.png,872,960,2,6,previews\outgame_navigator\0xB8D881CA_g02.png,projects\outgame_navigator\0xB8D881CA\g02\composition.json,
outgame_navigator,0xB8D881CA,g03,mapped,0xB8D881CA/g03/00000,packages\0xB8D881CA\png\g03_00000_872x960_bc7.png,872,960,2,6,previews\outgame_navigator\0xB8D881CA_g03.png,projects\outgame_navigator\0xB8D881CA\g03\composition.json,
outgame_navigator,0xB8D881CA,g04,mapped,0xB8D881CA/g04/00000,packages\0xB8D881CA\png\g04_00000_872x960_bc7.png,872,960,2,17,previews\outgame_navigator\0xB8D881CA_g04.png,projects\outgame_navigator\0xB8D881CA\g04\composition.json,
outgame_navigator,0xB8D881CA,g05,mapped,0xB8D881CA/g05/00000,packages\0xB8D881CA\png\g05_00000_872x960_bc7.png,872,960,2,17,previews\outgame_navigator\0xB8D881CA_g05.png,projects\outgame_navigator\0xB8D881CA\g05\composition.json,
outgame_navigator,0xB8D881CA,g06,mapped,0xB8D881CA/g06/00000,packages\0xB8D881CA\png\g06_00000_872x960_bc7.png,872,960,2,17,previews\outgame_navigator\0xB8D881CA_g06.png,projects\outgame_navigator\0xB8D881CA\g06\composition.json,
outgame_navigator,0xB8D881CA,g07,mapped,0xB8D881CA/g07/00000,packages\0xB8D881CA\png\g07_00000_872x960_bc7.png,872,960,2,17,previews\outgame_navigator\0xB8D881CA_g07.png,projects\outgame_navigator\0xB8D881CA\g07\composition.json,
outgame_navigator,0xB8D881CA,g08,mapped,0xB8D881CA/g08/00017,packages\0xB8D881CA\png\g08_00017_872x960_bc7.png,872,960,2,17,previews\outgame_navigator\0xB8D881CA_g08.png,projects\outgame_navigator\0xB8D881CA\g08\composition.json,
outgame_navigator,0xB8D881CA,g09,mapped,0xB8D881CA/g09/00000,packages\0xB8D881CA\png\g09_00000_872x960_bc7.png,872,960,2,17,previews\outgame_navigator\0xB8D881CA_g09.png,projects\outgame_navigator\0xB8D881CA\g09\composition.json,
outgame_navigator,0xB8D881CA,g10,mapped,0xB8D881CA/g10/00000,packages\0xB8D881CA\png\g10_00000_872x960_bc7.png,872,960,2,6,previews\outgame_navigator\0xB8D881CA_g10.png,projects\outgame_navigator\0xB8D881CA\g10\composition.json,
outgame_navigator,0xB8D881CA,g11,mapped,0xB8D881CA/g11/00000,packages\0xB8D881CA\png\g11_00000_872x960_bc7.png,872,960,0,0,previews\outgame_navigator\0xB8D881CA_g11.png,projects\outgame_navigator\0xB8D881CA\g11\composition.json,
combat_portrait,0xB8DBD17C,g00,mapped,0xB8DBD17C/g00/00001,packages\0xB8DBD17C\png\g00_00001_572x572_bc7.png,572,572,1,2,previews\combat_portrait\0xB8DBD17C_g00.png,projects\combat_portrait\0xB8DBD17C\g00\composition.json,
combat_portrait,0xB8EA5BEC,g00,mapped,0xB8EA5BEC/g00/00001,packages\0xB8EA5BEC\png\g00_00001_572x572_bc7.png,572,572,1,2,previews\combat_portrait\0xB8EA5BEC_g00.png,projects\combat_portrait\0xB8EA5BEC\g00\composition.json,
combat_portrait,0xB9E99531,g00,mapped,0xB9E99531/g00/00001,packages\0xB9E99531\png\g00_00001_572x572_bc7.png,572,572,1,2,previews\combat_portrait\0xB9E99531_g00.png,projects\combat_portrait\0xB9E99531\g00\composition.json,
ingame_navigator,0xBA700E07,g00,mapped,0xBA700E07/g00/00000,packages\0xBA700E07\png\g00_00000_260x180_bc7.png,260,180,2,12,previews\ingame_navigator\0xBA700E07_g00.png,projects\ingame_navigator\0xBA700E07\g00\composition.json,
combat_portrait,0xBC074E99,g00,mapped,0xBC074E99/g00/00001,packages\0xBC074E99\png\g00_00001_572x572_bc7.png,572,572,1,2,previews\combat_portrait\0xBC074E99_g00.png,projects\combat_portrait\0xBC074E99\g00\composition.json,
combat_portrait,0xBC1F8BD1,g00,mapped,0xBC1F8BD1/g00/00001,packages\0xBC1F8BD1\png\g00_00001_572x572_bc7.png,572,572,1,2,previews\combat_portrait\0xBC1F8BD1_g00.png,projects\combat_portrait\0xBC1F8BD1\g00\composition.json,
combat_portrait,0xBC333911,g00,mapped,0xBC333911/g00/00001,packages\0xBC333911\png\g00_00001_572x572_bc7.png,572,572,1,2,previews\combat_portrait\0xBC333911_g00.png,projects\combat_portrait\0xBC333911\g00\composition.json,
combat_portrait,0xBD0A9272,g00,mapped,0xBD0A9272/g00/00001,packages\0xBD0A9272\png\g00_00001_572x572_bc7.png,572,572,1,2,previews\combat_portrait\0xBD0A9272_g00.png,projects\combat_portrait\0xBD0A9272\g00\composition.json,
combat_portrait,0xBD23DDAA,g00,mapped,0xBD23DDAA/g00/00001,packages\0xBD23DDAA\png\g00_00001_572x572_bc7.png,572,572,1,2,previews\combat_portrait\0xBD23DDAA_g00.png,projects\combat_portrait\0xBD23DDAA\g00\composition.json,
combat_portrait,0xBD2620B2,g00,mapped,0xBD2620B2/g00/00001,packages\0xBD2620B2\png\g00_00001_572x572_bc7.png,572,572,1,2,previews\combat_portrait\0xBD2620B2_g00.png,projects\combat_portrait\0xBD2620B2\g00\composition.json,
combat_portrait,0xBD3B18E2,g00,mapped,0xBD3B18E2/g00/00001,packages\0xBD3B18E2\png\g00_00001_572x572_bc7.png,572,572,1,2,previews\combat_portrait\0xBD3B18E2_g00.png,projects\combat_portrait\0xBD3B18E2\g00\composition.json,
ingame_navigator,0xBEA1F375,g00,mapped_with_warning,0xBEA1F375/g00/00000,packages\0xBEA1F375\png\g00_00000_260x180_bc7.png,260,180,1,9,previews\ingame_navigator\0xBEA1F375_g00.png,projects\ingame_navigator\0xBEA1F375\g00\composition.json,unmapped overlay family 84x36
combat_portrait,0xBEBDD59D,g00,mapped,0xBEBDD59D/g00/00001,packages\0xBEBDD59D\png\g00_00001_572x572_bc7.png,572,572,1,2,previews\combat_portrait\0xBEBDD59D_g00.png,projects\combat_portrait\0xBEBDD59D\g00\composition.json,
outgame_navigator,0xBFE6AFD0,g00,mapped,0xBFE6AFD0/g00/00000,packages\0xBFE6AFD0\png\g00_00000_872x960_bc7.png,872,960,2,21,previews\outgame_navigator\0xBFE6AFD0_g00.png,projects\outgame_navigator\0xBFE6AFD0\g00\composition.json,
outgame_navigator,0xBFE6AFD0,g01,mapped,0xBFE6AFD0/g01/00000,packages\0xBFE6AFD0\png\g01_00000_872x960_bc7.png,872,960,2,21,previews\outgame_navigator\0xBFE6AFD0_g01.png,projects\outgame_navigator\0xBFE6AFD0\g01\composition.json,
outgame_navigator,0xBFE6AFD0,g02,mapped,0xBFE6AFD0/g02/00000,packages\0xBFE6AFD0\png\g02_00000_872x960_bc7.png,872,960,2,12,previews\outgame_navigator\0xBFE6AFD0_g02.png,projects\outgame_navigator\0xBFE6AFD0\g02\composition.json,
outgame_navigator,0xBFE6AFD0,g03,mapped,0xBFE6AFD0/g03/00000,packages\0xBFE6AFD0\png\g03_00000_872x960_bc7.png,872,960,2,12,previews\outgame_navigator\0xBFE6AFD0_g03.png,projects\outgame_navigator\0xBFE6AFD0\g03\composition.json,
outgame_navigator,0xBFE6AFD0,g04,mapped,0xBFE6AFD0/g04/00000,packages\0xBFE6AFD0\png\g04_00000_872x960_bc7.png,872,960,2,12,previews\outgame_navigator\0xBFE6AFD0_g04.png,projects\outgame_navigator\0xBFE6AFD0\g04\composition.json,
outgame_navigator,0xBFE6AFD0,g05,mapped,0xBFE6AFD0/g05/00000,packages\0xBFE6AFD0\png\g05_00000_872x960_bc7.png,872,960,2,12,previews\outgame_navigator\0xBFE6AFD0_g05.png,projects\outgame_navigator\0xBFE6AFD0\g05\composition.json,
outgame_navigator,0xBFE6AFD0,g06,mapped,0xBFE6AFD0/g06/00000,packages\0xBFE6AFD0\png\g06_00000_872x960_bc7.png,872,960,2,12,previews\outgame_navigator\0xBFE6AFD0_g06.png,projects\outgame_navigator\0xBFE6AFD0\g06\composition.json,
outgame_navigator,0xBFE6AFD0,g07,mapped,0xBFE6AFD0/g07/00000,packages\0xBFE6AFD0\png\g07_00000_872x960_bc7.png,872,960,2,12,previews\outgame_navigator\0xBFE6AFD0_g07.png,projects\outgame_navigator\0xBFE6AFD0\g07\composition.json,
combat_portrait,0xC0AA49E4,g00,mapped,0xC0AA49E4/g00/00001,packages\0xC0AA49E4\png\g00_00001_572x572_bc7.png,572,572,1,2,previews\combat_portrait\0xC0AA49E4_g00.png,projects\combat_portrait\0xC0AA49E4\g00\composition.json,
combat_portrait,0xC224EEAE,g00,mapped,0xC224EEAE/g00/00001,packages\0xC224EEAE\png\g00_00001_572x572_bc7.png,572,572,1,2,previews\combat_portrait\0xC224EEAE_g00.png,projects\combat_portrait\0xC224EEAE\g00\composition.json,
combat_portrait,0xC22A088C,g00,mapped,0xC22A088C/g00/00001,packages\0xC22A088C\png\g00_00001_572x572_bc7.png,572,572,1,2,previews\combat_portrait\0xC22A088C_g00.png,projects\combat_portrait\0xC22A088C\g00\composition.json,
ingame_navigator,0xC24A33AC,g00,mapped,0xC24A33AC/g00/00000,packages\0xC24A33AC\png\g00_00000_260x180_bc7.png,260,180,2,21,previews\ingame_navigator\0xC24A33AC_g00.png,projects\ingame_navigator\0xC24A33AC\g00\composition.json,
outgame_navigator,0xC3950E8A,g00,mapped,0xC3950E8A/g00/00000,packages\0xC3950E8A\png\g00_00000_872x960_bc7.png,872,960,2,15,previews\outgame_navigator\0xC3950E8A_g00.png,projects\outgame_navigator\0xC3950E8A\g00\composition.json,
outgame_navigator,0xC3950E8A,g01,mapped,0xC3950E8A/g01/00000,packages\0xC3950E8A\png\g01_00000_872x960_bc7.png,872,960,2,15,previews\outgame_navigator\0xC3950E8A_g01.png,projects\outgame_navigator\0xC3950E8A\g01\composition.json,
outgame_navigator,0xC3950E8A,g02,mapped,0xC3950E8A/g02/00000,packages\0xC3950E8A\png\g02_00000_872x960_bc7.png,872,960,2,15,previews\outgame_navigator\0xC3950E8A_g02.png,projects\outgame_navigator\0xC3950E8A\g02\composition.json,
outgame_navigator,0xC3950E8A,g03,mapped,0xC3950E8A/g03/00000,packages\0xC3950E8A\png\g03_00000_872x960_bc7.png,872,960,2,15,previews\outgame_navigator\0xC3950E8A_g03.png,projects\outgame_navigator\0xC3950E8A\g03\composition.json,
outgame_navigator,0xC3950E8A,g04,mapped,0xC3950E8A/g04/00000,packages\0xC3950E8A\png\g04_00000_872x960_bc7.png,872,960,2,15,previews\outgame_navigator\0xC3950E8A_g04.png,projects\outgame_navigator\0xC3950E8A\g04\composition.json,
outgame_navigator,0xC3950E8A,g05,mapped,0xC3950E8A/g05/00000,packages\0xC3950E8A\png\g05_00000_872x960_bc7.png,872,960,2,15,previews\outgame_navigator\0xC3950E8A_g05.png,projects\outgame_navigator\0xC3950E8A\g05\composition.json,
combat_portrait,0xC47D86FD,g00,mapped,0xC47D86FD/g00/00001,packages\0xC47D86FD\png\g00_00001_572x572_bc7.png,572,572,1,2,previews\combat_portrait\0xC47D86FD_g00.png,projects\combat_portrait\0xC47D86FD\g00\composition.json,
combat_portrait,0xC6D13E93,g00,mapped,0xC6D13E93/g00/00001,packages\0xC6D13E93\png\g00_00001_572x572_bc7.png,572,572,1,2,previews\combat_portrait\0xC6D13E93_g00.png,projects\combat_portrait\0xC6D13E93\g00\composition.json,
combat_portrait,0xC6DFD8B1,g00,mapped,0xC6DFD8B1/g00/00001,packages\0xC6DFD8B1\png\g00_00001_572x572_bc7.png,572,572,1,2,previews\combat_portrait\0xC6DFD8B1_g00.png,projects\combat_portrait\0xC6DFD8B1\g00\composition.json,
combat_portrait,0xC6F69769,g00,mapped,0xC6F69769/g00/00001,packages\0xC6F69769\png\g00_00001_572x572_bc7.png,572,572,1,2,previews\combat_portrait\0xC6F69769_g00.png,projects\combat_portrait\0xC6F69769\g00\composition.json,
combat_portrait,0xC6F8714B,g00,mapped,0xC6F8714B/g00/00001,packages\0xC6F8714B\png\g00_00001_572x572_bc7.png,572,572,1,2,previews\combat_portrait\0xC6F8714B_g00.png,projects\combat_portrait\0xC6F8714B\g00\composition.json,
combat_portrait,0xC7E673D2,g00,mapped,0xC7E673D2/g00/00001,packages\0xC7E673D2\png\g00_00001_572x572_bc7.png,572,572,1,2,previews\combat_portrait\0xC7E673D2_g00.png,projects\combat_portrait\0xC7E673D2\g00\composition.json,
combat_portrait,0xC7FB4B82,g00,mapped,0xC7FB4B82/g00/00001,packages\0xC7FB4B82\png\g00_00001_572x572_bc7.png,572,572,1,2,previews\combat_portrait\0xC7FB4B82_g00.png,projects\combat_portrait\0xC7FB4B82\g00\composition.json,
combat_portrait,0xCA211024,g00,mapped,0xCA211024/g00/00001,packages\0xCA211024\png\g00_00001_572x572_bc7.png,572,572,1,2,previews\combat_portrait\0xCA211024_g00.png,projects\combat_portrait\0xCA211024\g00\composition.json,
combat_portrait,0xCAC2923F,g00,mapped,0xCAC2923F/g00/00001,packages\0xCAC2923F\png\g00_00001_572x572_bc7.png,572,572,1,2,previews\combat_portrait\0xCAC2923F_g00.png,projects\combat_portrait\0xCAC2923F\g00\composition.json,
combat_portrait,0xCAD4B155,g00,mapped,0xCAD4B155/g00/00001,packages\0xCAD4B155\png\g00_00001_572x572_bc7.png,572,572,1,2,previews\combat_portrait\0xCAD4B155_g00.png,projects\combat_portrait\0xCAD4B155\g00\composition.json,
ingame_navigator,0xCB969B50,g00,mapped,0xCB969B50/g00/00000,packages\0xCB969B50\png\g00_00000_260x180_bc7.png,260,180,2,24,previews\ingame_navigator\0xCB969B50_g00.png,projects\ingame_navigator\0xCB969B50\g00\composition.json,
combat_portrait,0xCBCFBAC0,g00,mapped,0xCBCFBAC0/g00/00001,packages\0xCBCFBAC0\png\g00_00001_572x572_bc7.png,572,572,1,2,previews\combat_portrait\0xCBCFBAC0_g00.png,projects\combat_portrait\0xCBCFBAC0\g00\composition.json,
combat_portrait,0xCBE6010C,g00,mapped,0xCBE6010C/g00/00001,packages\0xCBE6010C\png\g00_00001_572x572_bc7.png,572,572,1,2,previews\combat_portrait\0xCBE6010C_g00.png,projects\combat_portrait\0xCBE6010C\g00\composition.json,
combat_portrait,0xCBED1A36,g00,mapped,0xCBED1A36/g00/00001,packages\0xCBED1A36\png\g00_00001_572x572_bc7.png,572,572,1,2,previews\combat_portrait\0xCBED1A36_g00.png,projects\combat_portrait\0xCBED1A36\g00\composition.json,
combat_portrait,0xCBF02266,g00,mapped,0xCBF02266/g00/00001,packages\0xCBF02266\png\g00_00001_572x572_bc7.png,572,572,1,2,previews\combat_portrait\0xCBF02266_g00.png,projects\combat_portrait\0xCBF02266\g00\composition.json,
combat_portrait,0xCBFEC444,g00,mapped,0xCBFEC444/g00/00001,packages\0xCBFEC444\png\g00_00001_572x572_bc7.png,572,572,1,2,previews\combat_portrait\0xCBFEC444_g00.png,projects\combat_portrait\0xCBFEC444\g00\composition.json,
combat_portrait,0xCCB6098B,g00,mapped,0xCCB6098B/g00/00001,packages\0xCCB6098B\png\g00_00001_572x572_bc7.png,572,572,1,2,previews\combat_portrait\0xCCB6098B_g00.png,projects\combat_portrait\0xCCB6098B\g00\composition.json,
combat_portrait,0xCCB748AC,g00,mapped,0xCCB748AC/g00/00001,packages\0xCCB748AC\png\g00_00001_572x572_bc7.png,572,572,1,2,previews\combat_portrait\0xCCB748AC_g00.png,projects\combat_portrait\0xCCB748AC\g00\composition.json,
outgame_navigator,0xCCDD569C,g00,mapped,0xCCDD569C/g00/00000,packages\0xCCDD569C\png\g00_00000_872x960_bc7.png,872,960,2,36,previews\outgame_navigator\0xCCDD569C_g00.png,projects\outgame_navigator\0xCCDD569C\g00\composition.json,
outgame_navigator,0xCCDD569C,g01,mapped,0xCCDD569C/g01/00000,packages\0xCCDD569C\png\g01_00000_872x960_bc7.png,872,960,2,36,previews\outgame_navigator\0xCCDD569C_g01.png,projects\outgame_navigator\0xCCDD569C\g01\composition.json,
outgame_navigator,0xCCDD569C,g02,mapped,0xCCDD569C/g02/00000,packages\0xCCDD569C\png\g02_00000_872x960_bc7.png,872,960,2,36,previews\outgame_navigator\0xCCDD569C_g02.png,projects\outgame_navigator\0xCCDD569C\g02\composition.json,
outgame_navigator,0xCCDD569C,g03,mapped,0xCCDD569C/g03/00000,packages\0xCCDD569C\png\g03_00000_872x960_bc7.png,872,960,2,24,previews\outgame_navigator\0xCCDD569C_g03.png,projects\outgame_navigator\0xCCDD569C\g03\composition.json,
outgame_navigator,0xCCDD569C,g04,mapped,0xCCDD569C/g04/00000,packages\0xCCDD569C\png\g04_00000_872x960_bc7.png,872,960,2,24,previews\outgame_navigator\0xCCDD569C_g04.png,projects\outgame_navigator\0xCCDD569C\g04\composition.json,
outgame_navigator,0xCCDD569C,g05,mapped,0xCCDD569C/g05/00000,packages\0xCCDD569C\png\g05_00000_872x960_bc7.png,872,960,2,24,previews\outgame_navigator\0xCCDD569C_g05.png,projects\outgame_navigator\0xCCDD569C\g05\composition.json,
outgame_navigator,0xCCDD569C,g06,mapped,0xCCDD569C/g06/00000,packages\0xCCDD569C\png\g06_00000_872x960_bc7.png,872,960,2,24,previews\outgame_navigator\0xCCDD569C_g06.png,projects\outgame_navigator\0xCCDD569C\g06\composition.json,
outgame_navigator,0xCCDD569C,g07,mapped,0xCCDD569C/g07/00000,packages\0xCCDD569C\png\g07_00000_872x960_bc7.png,872,960,2,24,previews\outgame_navigator\0xCCDD569C_g07.png,projects\outgame_navigator\0xCCDD569C\g07\composition.json,
outgame_navigator,0xCCDD569C,g08,mapped,0xCCDD569C/g08/00000,packages\0xCCDD569C\png\g08_00000_872x960_bc7.png,872,960,2,6,previews\outgame_navigator\0xCCDD569C_g08.png,projects\outgame_navigator\0xCCDD569C\g08\composition.json,
outgame_navigator,0xCDB24880,g00,mapped,0xCDB24880/g00/00000,packages\0xCDB24880\png\g00_00000_872x960_bc7.png,872,960,2,27,previews\outgame_navigator\0xCDB24880_g00.png,projects\outgame_navigator\0xCDB24880\g00\composition.json,
outgame_navigator,0xCDB24880,g01,mapped,0xCDB24880/g01/00000,packages\0xCDB24880\png\g01_00000_872x960_bc7.png,872,960,2,27,previews\outgame_navigator\0xCDB24880_g01.png,projects\outgame_navigator\0xCDB24880\g01\composition.json,
outgame_navigator,0xCDB24880,g02,mapped,0xCDB24880/g02/00000,packages\0xCDB24880\png\g02_00000_872x960_bc7.png,872,960,2,27,previews\outgame_navigator\0xCDB24880_g02.png,projects\outgame_navigator\0xCDB24880\g02\composition.json,
outgame_navigator,0xCDB24880,g03,mapped,0xCDB24880/g03/00000,packages\0xCDB24880\png\g03_00000_872x960_bc7.png,872,960,2,22,previews\outgame_navigator\0xCDB24880_g03.png,projects\outgame_navigator\0xCDB24880\g03\composition.json,
outgame_navigator,0xCDB24880,g04,mapped,0xCDB24880/g04/00000,packages\0xCDB24880\png\g04_00000_872x960_bc7.png,872,960,2,22,previews\outgame_navigator\0xCDB24880_g04.png,projects\outgame_navigator\0xCDB24880\g04\composition.json,
outgame_navigator,0xCDB24880,g05,mapped,0xCDB24880/g05/00000,packages\0xCDB24880\png\g05_00000_872x960_bc7.png,872,960,2,22,previews\outgame_navigator\0xCDB24880_g05.png,projects\outgame_navigator\0xCDB24880\g05\composition.json,
outgame_navigator,0xCDB24880,g06,mapped,0xCDB24880/g06/00000,packages\0xCDB24880\png\g06_00000_872x960_bc7.png,872,960,2,21,previews\outgame_navigator\0xCDB24880_g06.png,projects\outgame_navigator\0xCDB24880\g06\composition.json,
outgame_navigator,0xCDB24880,g07,mapped,0xCDB24880/g07/00000,packages\0xCDB24880\png\g07_00000_872x960_bc7.png,872,960,2,21,previews\outgame_navigator\0xCDB24880_g07.png,projects\outgame_navigator\0xCDB24880\g07\composition.json,
outgame_navigator,0xCDB24880,g08,mapped,0xCDB24880/g08/00000,packages\0xCDB24880\png\g08_00000_872x960_bc7.png,872,960,2,6,previews\outgame_navigator\0xCDB24880_g08.png,projects\outgame_navigator\0xCDB24880\g08\composition.json,
outgame_navigator,0xCDB24880,g09,mapped,0xCDB24880/g09/00000,packages\0xCDB24880\png\g09_00000_872x960_bc7.png,872,960,2,6,previews\outgame_navigator\0xCDB24880_g09.png,projects\outgame_navigator\0xCDB24880\g09\composition.json,
combat_portrait,0xCE1E0DDA,g00,mapped,0xCE1E0DDA/g00/00001,packages\0xCE1E0DDA\png\g00_00001_572x572_bc7.png,572,572,1,2,previews\combat_portrait\0xCE1E0DDA_g00.png,projects\combat_portrait\0xCE1E0DDA\g00\composition.json,
combat_portrait,0xCE216168,g00,mapped,0xCE216168/g00/00001,packages\0xCE216168\png\g00_00001_572x572_bc7.png,572,572,1,2,previews\combat_portrait\0xCE216168_g00.png,projects\combat_portrait\0xCE216168\g00\composition.json,
combat_portrait,0xCE374202,g00,mapped,0xCE374202/g00/00001,packages\0xCE374202\png\g00_00001_572x572_bc7.png,572,572,1,2,previews\combat_portrait\0xCE374202_g00.png,projects\combat_portrait\0xCE374202\g00\composition.json,
combat_portrait,0xCE39A420,g00,mapped,0xCE39A420/g00/00001,packages\0xCE39A420\png\g00_00001_572x572_bc7.png,572,572,1,2,previews\combat_portrait\0xCE39A420_g00.png,projects\combat_portrait\0xCE39A420\g00\composition.json,
combat_portrait,0xCF0B1479,g00,mapped,0xCF0B1479/g00/00001,packages\0xCF0B1479\png\g00_00001_572x572_bc7.png,572,572,1,2,previews\combat_portrait\0xCF0B1479_g00.png,projects\combat_portrait\0xCF0B1479\g00\composition.json,
combat_portrait,0xCF13D131,g00,mapped,0xCF13D131/g00/00001,packages\0xCF13D131\png\g00_00001_572x572_bc7.png,572,572,1,2,previews\combat_portrait\0xCF13D131_g00.png,projects\combat_portrait\0xCF13D131\g00\composition.json,
combat_portrait,0xCF1D3713,g00,mapped,0xCF1D3713/g00/00001,packages\0xCF1D3713\png\g00_00001_572x572_bc7.png,572,572,1,2,previews\combat_portrait\0xCF1D3713_g00.png,projects\combat_portrait\0xCF1D3713\g00\composition.json,
combat_portrait,0xCF3F63F1,g00,mapped,0xCF3F63F1/g00/00001,packages\0xCF3F63F1\png\g00_00001_572x572_bc7.png,572,572,1,2,previews\combat_portrait\0xCF3F63F1_g00.png,projects\combat_portrait\0xCF3F63F1\g00\composition.json,
outgame_navigator,0xCFDFB15C,g00,mapped,0xCFDFB15C/g00/00000,packages\0xCFDFB15C\png\g00_00000_872x960_bc7.png,872,960,2,28,previews\outgame_navigator\0xCFDFB15C_g00.png,projects\outgame_navigator\0xCFDFB15C\g00\composition.json,
outgame_navigator,0xCFDFB15C,g01,mapped,0xCFDFB15C/g01/00000,packages\0xCFDFB15C\png\g01_00000_872x960_bc7.png,872,960,2,28,previews\outgame_navigator\0xCFDFB15C_g01.png,projects\outgame_navigator\0xCFDFB15C\g01\composition.json,
outgame_navigator,0xCFDFB15C,g02,mapped,0xCFDFB15C/g02/00000,packages\0xCFDFB15C\png\g02_00000_872x960_bc7.png,872,960,2,6,previews\outgame_navigator\0xCFDFB15C_g02.png,projects\outgame_navigator\0xCFDFB15C\g02\composition.json,
outgame_navigator,0xCFDFB15C,g03,mapped,0xCFDFB15C/g03/00000,packages\0xCFDFB15C\png\g03_00000_872x960_bc7.png,872,960,2,6,previews\outgame_navigator\0xCFDFB15C_g03.png,projects\outgame_navigator\0xCFDFB15C\g03\composition.json,
outgame_navigator,0xCFDFB15C,g04,mapped,0xCFDFB15C/g04/00000,packages\0xCFDFB15C\png\g04_00000_872x960_bc7.png,872,960,2,17,previews\outgame_navigator\0xCFDFB15C_g04.png,projects\outgame_navigator\0xCFDFB15C\g04\composition.json,
outgame_navigator,0xCFDFB15C,g05,mapped,0xCFDFB15C/g05/00000,packages\0xCFDFB15C\png\g05_00000_872x960_bc7.png,872,960,2,17,previews\outgame_navigator\0xCFDFB15C_g05.png,projects\outgame_navigator\0xCFDFB15C\g05\composition.json,
outgame_navigator,0xCFDFB15C,g06,mapped,0xCFDFB15C/g06/00000,packages\0xCFDFB15C\png\g06_00000_872x960_bc7.png,872,960,2,17,previews\outgame_navigator\0xCFDFB15C_g06.png,projects\outgame_navigator\0xCFDFB15C\g06\composition.json,
outgame_navigator,0xCFDFB15C,g07,mapped,0xCFDFB15C/g07/00000,packages\0xCFDFB15C\png\g07_00000_872x960_bc7.png,872,960,2,17,previews\outgame_navigator\0xCFDFB15C_g07.png,projects\outgame_navigator\0xCFDFB15C\g07\composition.json,
outgame_navigator,0xCFDFB15C,g08,mapped,0xCFDFB15C/g08/00017,packages\0xCFDFB15C\png\g08_00017_872x960_bc7.png,872,960,2,17,previews\outgame_navigator\0xCFDFB15C_g08.png,projects\outgame_navigator\0xCFDFB15C\g08\composition.json,
outgame_navigator,0xCFDFB15C,g09,mapped,0xCFDFB15C/g09/00000,packages\0xCFDFB15C\png\g09_00000_872x960_bc7.png,872,960,2,17,previews\outgame_navigator\0xCFDFB15C_g09.png,projects\outgame_navigator\0xCFDFB15C\g09\composition.json,
outgame_navigator,0xCFDFB15C,g10,mapped,0xCFDFB15C/g10/00000,packages\0xCFDFB15C\png\g10_00000_872x960_bc7.png,872,960,2,6,previews\outgame_navigator\0xCFDFB15C_g10.png,projects\outgame_navigator\0xCFDFB15C\g10\composition.json,
outgame_navigator,0xCFDFB15C,g11,mapped,0xCFDFB15C/g11/00000,packages\0xCFDFB15C\png\g11_00000_872x960_bc7.png,872,960,0,0,previews\outgame_navigator\0xCFDFB15C_g11.png,projects\outgame_navigator\0xCFDFB15C\g11\composition.json,
combat_portrait,0xD0805FC1,g00,mapped,0xD0805FC1/g00/00001,packages\0xD0805FC1\png\g00_00001_572x572_bc7.png,572,572,1,2,previews\combat_portrait\0xD0805FC1_g00.png,projects\combat_portrait\0xD0805FC1\g00\composition.json,
combat_portrait,0xD0967CAB,g00,mapped,0xD0967CAB/g00/00001,packages\0xD0967CAB\png\g00_00001_572x572_bc7.png,572,572,1,2,previews\combat_portrait\0xD0967CAB_g00.png,projects\combat_portrait\0xD0967CAB\g00\composition.json,
outgame_navigator,0xD0989A1A,g00,mapped,0xD0989A1A/g00/00000,packages\0xD0989A1A\png\g00_00000_872x960_bc7.png,872,960,2,22,previews\outgame_navigator\0xD0989A1A_g00.png,projects\outgame_navigator\0xD0989A1A\g00\composition.json,
outgame_navigator,0xD0989A1A,g01,mapped,0xD0989A1A/g01/00000,packages\0xD0989A1A\png\g01_00000_872x960_bc7.png,872,960,2,22,previews\outgame_navigator\0xD0989A1A_g01.png,projects\outgame_navigator\0xD0989A1A\g01\composition.json,
outgame_navigator,0xD0989A1A,g02,mapped,0xD0989A1A/g02/00000,packages\0xD0989A1A\png\g02_00000_872x960_bc7.png,872,960,2,12,previews\outgame_navigator\0xD0989A1A_g02.png,projects\outgame_navigator\0xD0989A1A\g02\composition.json,
outgame_navigator,0xD0989A1A,g03,mapped,0xD0989A1A/g03/00000,packages\0xD0989A1A\png\g03_00000_872x960_bc7.png,872,960,2,12,previews\outgame_navigator\0xD0989A1A_g03.png,projects\outgame_navigator\0xD0989A1A\g03\composition.json,
outgame_navigator,0xD0989A1A,g04,mapped,0xD0989A1A/g04/00000,packages\0xD0989A1A\png\g04_00000_872x960_bc7.png,872,960,2,12,previews\outgame_navigator\0xD0989A1A_g04.png,projects\outgame_navigator\0xD0989A1A\g04\composition.json,
outgame_navigator,0xD0989A1A,g05,mapped,0xD0989A1A/g05/00000,packages\0xD0989A1A\png\g05_00000_872x960_bc7.png,872,960,2,12,previews\outgame_navigator\0xD0989A1A_g05.png,projects\outgame_navigator\0xD0989A1A\g05\composition.json,
outgame_navigator,0xD0989A1A,g06,mapped,0xD0989A1A/g06/00000,packages\0xD0989A1A\png\g06_00000_872x960_bc7.png,872,960,2,4,previews\outgame_navigator\0xD0989A1A_g06.png,projects\outgame_navigator\0xD0989A1A\g06\composition.json,
outgame_navigator,0xD0989A1A,g07,mapped,0xD0989A1A/g07/00000,packages\0xD0989A1A\png\g07_00000_872x960_bc7.png,872,960,2,6,previews\outgame_navigator\0xD0989A1A_g07.png,projects\outgame_navigator\0xD0989A1A\g07\composition.json,
combat_portrait,0xD09D6791,g00,mapped,0xD09D6791/g00/00001,packages\0xD09D6791\png\g00_00001_572x572_bc7.png,572,572,1,2,previews\combat_portrait\0xD09D6791_g00.png,projects\combat_portrait\0xD09D6791\g00\composition.json,
outgame_navigator,0xD0B5CEEC,g00,mapped,0xD0B5CEEC/g00/00000,packages\0xD0B5CEEC\png\g00_00000_872x960_bc7.png,872,960,2,24,previews\outgame_navigator\0xD0B5CEEC_g00.png,projects\outgame_navigator\0xD0B5CEEC\g00\composition.json,
outgame_navigator,0xD0B5CEEC,g01,mapped,0xD0B5CEEC/g01/00000,packages\0xD0B5CEEC\png\g01_00000_872x960_bc7.png,872,960,2,24,previews\outgame_navigator\0xD0B5CEEC_g01.png,projects\outgame_navigator\0xD0B5CEEC\g01\composition.json,
outgame_navigator,0xD0B5CEEC,g02,mapped,0xD0B5CEEC/g02/00000,packages\0xD0B5CEEC\png\g02_00000_872x960_bc7.png,872,960,2,18,previews\outgame_navigator\0xD0B5CEEC_g02.png,projects\outgame_navigator\0xD0B5CEEC\g02\composition.json,
outgame_navigator,0xD0B5CEEC,g03,mapped,0xD0B5CEEC/g03/00000,packages\0xD0B5CEEC\png\g03_00000_872x960_bc7.png,872,960,2,6,previews\outgame_navigator\0xD0B5CEEC_g03.png,projects\outgame_navigator\0xD0B5CEEC\g03\composition.json,
outgame_navigator,0xD0B5CEEC,g04,mapped,0xD0B5CEEC/g04/00000,packages\0xD0B5CEEC\png\g04_00000_872x960_bc7.png,872,960,2,19,previews\outgame_navigator\0xD0B5CEEC_g04.png,projects\outgame_navigator\0xD0B5CEEC\g04\composition.json,
outgame_navigator,0xD0B5CEEC,g05,mapped,0xD0B5CEEC/g05/00000,packages\0xD0B5CEEC\png\g05_00000_872x960_bc7.png,872,960,2,19,previews\outgame_navigator\0xD0B5CEEC_g05.png,projects\outgame_navigator\0xD0B5CEEC\g05\composition.json,
combat_portrait,0xD18D832A,g00,mapped,0xD18D832A/g00/00001,packages\0xD18D832A\png\g00_00001_572x572_bc7.png,572,572,1,2,previews\combat_portrait\0xD18D832A_g00.png,projects\combat_portrait\0xD18D832A\g00\composition.json,
combat_portrait,0xD20EB34D,g00,mapped,0xD20EB34D/g00/00001,packages\0xD20EB34D\png\g00_00001_572x572_bc7.png,572,572,1,2,previews\combat_portrait\0xD20EB34D_g00.png,projects\combat_portrait\0xD20EB34D\g00\composition.json,
outgame_navigator,0xD2E6ECAB,g00,mapped,0xD2E6ECAB/g00/00000,packages\0xD2E6ECAB\png\g00_00000_872x960_bc7.png,872,960,2,24,previews\outgame_navigator\0xD2E6ECAB_g00.png,projects\outgame_navigator\0xD2E6ECAB\g00\composition.json,
outgame_navigator,0xD2E6ECAB,g01,mapped,0xD2E6ECAB/g01/00000,packages\0xD2E6ECAB\png\g01_00000_872x960_bc7.png,872,960,2,24,previews\outgame_navigator\0xD2E6ECAB_g01.png,projects\outgame_navigator\0xD2E6ECAB\g01\composition.json,
outgame_navigator,0xD2E6ECAB,g02,mapped,0xD2E6ECAB/g02/00000,packages\0xD2E6ECAB\png\g02_00000_872x960_bc7.png,872,960,2,24,previews\outgame_navigator\0xD2E6ECAB_g02.png,projects\outgame_navigator\0xD2E6ECAB\g02\composition.json,
outgame_navigator,0xD2E6ECAB,g03,mapped,0xD2E6ECAB/g03/00000,packages\0xD2E6ECAB\png\g03_00000_872x960_bc7.png,872,960,2,18,previews\outgame_navigator\0xD2E6ECAB_g03.png,projects\outgame_navigator\0xD2E6ECAB\g03\composition.json,
outgame_navigator,0xD2E6ECAB,g04,mapped,0xD2E6ECAB/g04/00000,packages\0xD2E6ECAB\png\g04_00000_872x960_bc7.png,872,960,2,18,previews\outgame_navigator\0xD2E6ECAB_g04.png,projects\outgame_navigator\0xD2E6ECAB\g04\composition.json,
outgame_navigator,0xD2E6ECAB,g05,mapped,0xD2E6ECAB/g05/00000,packages\0xD2E6ECAB\png\g05_00000_872x960_bc7.png,872,960,2,12,previews\outgame_navigator\0xD2E6ECAB_g05.png,projects\outgame_navigator\0xD2E6ECAB\g05\composition.json,
outgame_navigator,0xD2E6ECAB,g06,mapped,0xD2E6ECAB/g06/00000,packages\0xD2E6ECAB\png\g06_00000_872x960_bc7.png,872,960,2,12,previews\outgame_navigator\0xD2E6ECAB_g06.png,projects\outgame_navigator\0xD2E6ECAB\g06\composition.json,
outgame_navigator,0xD2E6ECAB,g07,mapped,0xD2E6ECAB/g07/00000,packages\0xD2E6ECAB\png\g07_00000_872x960_bc7.png,872,960,2,12,previews\outgame_navigator\0xD2E6ECAB_g07.png,projects\outgame_navigator\0xD2E6ECAB\g07\composition.json,
outgame_navigator,0xD39E3D1A,g00,mapped,0xD39E3D1A/g00/00000,packages\0xD39E3D1A\png\g00_00000_872x960_bc7.png,872,960,2,13,previews\outgame_navigator\0xD39E3D1A_g00.png,projects\outgame_navigator\0xD39E3D1A\g00\composition.json,
outgame_navigator,0xD39E3D1A,g01,mapped,0xD39E3D1A/g01/00000,packages\0xD39E3D1A\png\g01_00000_872x960_bc7.png,872,960,2,13,previews\outgame_navigator\0xD39E3D1A_g01.png,projects\outgame_navigator\0xD39E3D1A\g01\composition.json,
outgame_navigator,0xD39E3D1A,g02,mapped,0xD39E3D1A/g02/00000,packages\0xD39E3D1A\png\g02_00000_872x960_bc7.png,872,960,2,13,previews\outgame_navigator\0xD39E3D1A_g02.png,projects\outgame_navigator\0xD39E3D1A\g02\composition.json,
outgame_navigator,0xD39E3D1A,g03,mapped,0xD39E3D1A/g03/00000,packages\0xD39E3D1A\png\g03_00000_872x960_bc7.png,872,960,2,12,previews\outgame_navigator\0xD39E3D1A_g03.png,projects\outgame_navigator\0xD39E3D1A\g03\composition.json,
outgame_navigator,0xD39E3D1A,g04,mapped,0xD39E3D1A/g04/00000,packages\0xD39E3D1A\png\g04_00000_872x960_bc7.png,872,960,2,12,previews\outgame_navigator\0xD39E3D1A_g04.png,projects\outgame_navigator\0xD39E3D1A\g04\composition.json,
outgame_navigator,0xD4377CAC,g00,mapped,0xD4377CAC/g00/00000,packages\0xD4377CAC\png\g00_00000_872x960_bc7.png,872,960,2,30,previews\outgame_navigator\0xD4377CAC_g00.png,projects\outgame_navigator\0xD4377CAC\g00\composition.json,
outgame_navigator,0xD4377CAC,g01,mapped,0xD4377CAC/g01/00000,packages\0xD4377CAC\png\g01_00000_872x960_bc7.png,872,960,2,30,previews\outgame_navigator\0xD4377CAC_g01.png,projects\outgame_navigator\0xD4377CAC\g01\composition.json,
outgame_navigator,0xD4377CAC,g02,mapped,0xD4377CAC/g02/00000,packages\0xD4377CAC\png\g02_00000_872x960_bc7.png,872,960,2,30,previews\outgame_navigator\0xD4377CAC_g02.png,projects\outgame_navigator\0xD4377CAC\g02\composition.json,
outgame_navigator,0xD4377CAC,g03,mapped,0xD4377CAC/g03/00000,packages\0xD4377CAC\png\g03_00000_872x960_bc7.png,872,960,2,24,previews\outgame_navigator\0xD4377CAC_g03.png,projects\outgame_navigator\0xD4377CAC\g03\composition.json,
outgame_navigator,0xD4377CAC,g04,mapped,0xD4377CAC/g04/00000,packages\0xD4377CAC\png\g04_00000_872x960_bc7.png,872,960,2,24,previews\outgame_navigator\0xD4377CAC_g04.png,projects\outgame_navigator\0xD4377CAC\g04\composition.json,
outgame_navigator,0xD4377CAC,g05,mapped,0xD4377CAC/g05/00000,packages\0xD4377CAC\png\g05_00000_872x960_bc7.png,872,960,2,21,previews\outgame_navigator\0xD4377CAC_g05.png,projects\outgame_navigator\0xD4377CAC\g05\composition.json,
outgame_navigator,0xD4377CAC,g06,mapped,0xD4377CAC/g06/00000,packages\0xD4377CAC\png\g06_00000_872x960_bc7.png,872,960,2,21,previews\outgame_navigator\0xD4377CAC_g06.png,projects\outgame_navigator\0xD4377CAC\g06\composition.json,
outgame_navigator,0xD4377CAC,g07,mapped,0xD4377CAC/g07/00000,packages\0xD4377CAC\png\g07_00000_872x960_bc7.png,872,960,2,15,previews\outgame_navigator\0xD4377CAC_g07.png,projects\outgame_navigator\0xD4377CAC\g07\composition.json,
outgame_navigator,0xD4377CAC,g08,mapped,0xD4377CAC/g08/00000,packages\0xD4377CAC\png\g08_00000_872x960_bc7.png,872,960,2,15,previews\outgame_navigator\0xD4377CAC_g08.png,projects\outgame_navigator\0xD4377CAC\g08\composition.json,
combat_portrait,0xD466A59A,g00,mapped,0xD466A59A/g00/00001,packages\0xD466A59A\png\g00_00001_572x572_bc7.png,572,572,1,2,previews\combat_portrait\0xD466A59A_g00.png,projects\combat_portrait\0xD466A59A\g00\composition.json,
combat_portrait,0xD5511CCF,g00,mapped,0xD5511CCF/g00/00001,packages\0xD5511CCF\png\g00_00001_572x572_bc7.png,572,572,1,2,previews\combat_portrait\0xD5511CCF_g00.png,projects\combat_portrait\0xD5511CCF\g00\composition.json,
ingame_navigator,0xD5E53817,g00,mapped,0xD5E53817/g00/00000,packages\0xD5E53817\png\g00_00000_260x180_bc7.png,260,180,2,18,previews\ingame_navigator\0xD5E53817_g00.png,projects\ingame_navigator\0xD5E53817\g00\composition.json,
combat_portrait,0xD6E3EDFE,g00,mapped,0xD6E3EDFE/g00/00001,packages\0xD6E3EDFE\png\g00_00001_572x572_bc7.png,572,572,1,2,previews\combat_portrait\0xD6E3EDFE_g00.png,projects\combat_portrait\0xD6E3EDFE\g00\composition.json,
outgame_navigator,0xD73FC154,g00,mapped,0xD73FC154/g00/00000,packages\0xD73FC154\png\g00_00000_872x960_bc7.png,872,960,2,15,previews\outgame_navigator\0xD73FC154_g00.png,projects\outgame_navigator\0xD73FC154\g00\composition.json,
outgame_navigator,0xD73FC154,g01,mapped,0xD73FC154/g01/00000,packages\0xD73FC154\png\g01_00000_872x960_bc7.png,872,960,2,15,previews\outgame_navigator\0xD73FC154_g01.png,projects\outgame_navigator\0xD73FC154\g01\composition.json,
outgame_navigator,0xD73FC154,g02,mapped,0xD73FC154/g02/00000,packages\0xD73FC154\png\g02_00000_872x960_bc7.png,872,960,2,12,previews\outgame_navigator\0xD73FC154_g02.png,projects\outgame_navigator\0xD73FC154\g02\composition.json,
outgame_navigator,0xD73FC154,g03,mapped,0xD73FC154/g03/00000,packages\0xD73FC154\png\g03_00000_872x960_bc7.png,872,960,2,12,previews\outgame_navigator\0xD73FC154_g03.png,projects\outgame_navigator\0xD73FC154\g03\composition.json,
outgame_navigator,0xD73FC154,g04,mapped,0xD73FC154/g04/00000,packages\0xD73FC154\png\g04_00000_872x960_bc7.png,872,960,2,10,previews\outgame_navigator\0xD73FC154_g04.png,projects\outgame_navigator\0xD73FC154\g04\composition.json,
outgame_navigator,0xD73FC154,g05,mapped,0xD73FC154/g05/00000,packages\0xD73FC154\png\g05_00000_872x960_bc7.png,872,960,2,10,previews\outgame_navigator\0xD73FC154_g05.png,projects\outgame_navigator\0xD73FC154\g05\composition.json,
outgame_navigator,0xD73FC154,g06,mapped,0xD73FC154/g06/00000,packages\0xD73FC154\png\g06_00000_872x960_bc7.png,872,960,2,28,previews\outgame_navigator\0xD73FC154_g06.png,projects\outgame_navigator\0xD73FC154\g06\composition.json,
outgame_navigator,0xD73FC154,g07,mapped,0xD73FC154/g07/00000,packages\0xD73FC154\png\g07_00000_872x960_bc7.png,872,960,2,28,previews\outgame_navigator\0xD73FC154_g07.png,projects\outgame_navigator\0xD73FC154\g07\composition.json,
outgame_navigator,0xD7DC87A1,g00,mapped,0xD7DC87A1/g00/00000,packages\0xD7DC87A1\png\g00_00000_872x960_bc7.png,872,960,2,15,previews\outgame_navigator\0xD7DC87A1_g00.png,projects\outgame_navigator\0xD7DC87A1\g00\composition.json,
outgame_navigator,0xD7DC87A1,g01,mapped,0xD7DC87A1/g01/00000,packages\0xD7DC87A1\png\g01_00000_872x960_bc7.png,872,960,2,15,previews\outgame_navigator\0xD7DC87A1_g01.png,projects\outgame_navigator\0xD7DC87A1\g01\composition.json,
outgame_navigator,0xD7DC87A1,g02,mapped,0xD7DC87A1/g02/00000,packages\0xD7DC87A1\png\g02_00000_872x960_bc7.png,872,960,2,18,previews\outgame_navigator\0xD7DC87A1_g02.png,projects\outgame_navigator\0xD7DC87A1\g02\composition.json,
outgame_navigator,0xD7DC87A1,g03,mapped,0xD7DC87A1/g03/00000,packages\0xD7DC87A1\png\g03_00000_872x960_bc7.png,872,960,2,18,previews\outgame_navigator\0xD7DC87A1_g03.png,projects\outgame_navigator\0xD7DC87A1\g03\composition.json,
outgame_navigator,0xD7DC87A1,g04,mapped,0xD7DC87A1/g04/00000,packages\0xD7DC87A1\png\g04_00000_872x960_bc7.png,872,960,2,6,previews\outgame_navigator\0xD7DC87A1_g04.png,projects\outgame_navigator\0xD7DC87A1\g04\composition.json,
combat_portrait,0xD863DE48,g00,mapped,0xD863DE48/g00/00001,packages\0xD863DE48\png\g00_00001_572x572_bc7.png,572,572,2,4,previews\combat_portrait\0xD863DE48_g00.png,projects\combat_portrait\0xD863DE48\g00\composition.json,
combat_portrait,0xD8662350,g00,mapped,0xD8662350/g00/00001,packages\0xD8662350\png\g00_00001_572x572_bc7.png,572,572,1,2,previews\combat_portrait\0xD8662350_g00.png,projects\combat_portrait\0xD8662350\g00\composition.json,
combat_portrait,0xD868C572,g00,mapped,0xD868C572/g00/00001,packages\0xD868C572\png\g00_00001_572x572_bc7.png,572,572,1,2,previews\combat_portrait\0xD868C572_g00.png,projects\combat_portrait\0xD868C572\g00\composition.json,
combat_portrait,0xD870003A,g00,mapped,0xD870003A/g00/00001,packages\0xD870003A\png\g00_00001_572x572_bc7.png,572,572,1,2,previews\combat_portrait\0xD870003A_g00.png,projects\combat_portrait\0xD870003A\g00\composition.json,
combat_portrait,0xD87EE618,g00,mapped,0xD87EE618/g00/00001,packages\0xD87EE618\png\g00_00001_572x572_bc7.png,572,572,1,2,previews\combat_portrait\0xD87EE618_g00.png,projects\combat_portrait\0xD87EE618\g00\composition.json,
ingame_navigator,0xD8FA21A4,g00,mapped,0xD8FA21A4/g00/00000,packages\0xD8FA21A4\png\g00_00000_260x180_bc7.png,260,180,2,13,previews\ingame_navigator\0xD8FA21A4_g00.png,projects\ingame_navigator\0xD8FA21A4\g00\composition.json,
combat_portrait,0xD942B063,g00,mapped,0xD942B063/g00/00001,packages\0xD942B063\png\g00_00001_572x572_bc7.png,572,572,1,2,previews\combat_portrait\0xD942B063_g00.png,projects\combat_portrait\0xD942B063\g00\composition.json,
combat_portrait,0xD9549309,g00,mapped,0xD9549309/g00/00001,packages\0xD9549309\png\g00_00001_572x572_bc7.png,572,572,1,2,previews\combat_portrait\0xD9549309_g00.png,projects\combat_portrait\0xD9549309\g00\composition.json,
combat_portrait,0xD976C7EB,g00,mapped,0xD976C7EB/g00/00001,packages\0xD976C7EB\png\g00_00001_572x572_bc7.png,572,572,1,2,previews\combat_portrait\0xD976C7EB_g00.png,projects\combat_portrait\0xD976C7EB\g00\composition.json,
ingame_navigator,0xDA12EDA5,g00,mapped,0xDA12EDA5/g00/00000,packages\0xDA12EDA5\png\g00_00000_260x180_bc7.png,260,180,2,15,previews\ingame_navigator\0xDA12EDA5_g00.png,projects\ingame_navigator\0xDA12EDA5\g00\composition.json,
ingame_navigator,0xDADEEDA3,g00,mapped,0xDADEEDA3/g00/00000,packages\0xDADEEDA3\png\g00_00000_260x180_bc7.png,260,180,2,24,previews\ingame_navigator\0xDADEEDA3_g00.png,projects\ingame_navigator\0xDADEEDA3\g00\composition.json,
combat_portrait,0xDBCC5CEF,g00,mapped,0xDBCC5CEF/g00/00001,packages\0xDBCC5CEF\png\g00_00001_572x572_bc7.png,572,572,1,2,previews\combat_portrait\0xDBCC5CEF_g00.png,projects\combat_portrait\0xDBCC5CEF\g00\composition.json,
combat_portrait,0xDC8B3625,g00,mapped,0xDC8B3625/g00/00001,packages\0xDC8B3625\png\g00_00001_572x572_bc7.png,572,572,1,2,previews\combat_portrait\0xDC8B3625_g00.png,projects\combat_portrait\0xDC8B3625\g00\composition.json,
combat_portrait,0xDC9D154F,g00,mapped,0xDC9D154F/g00/00001,packages\0xDC9D154F\png\g00_00001_572x572_bc7.png,572,572,1,2,previews\combat_portrait\0xDC9D154F_g00.png,projects\combat_portrait\0xDC9D154F\g00\composition.json,
combat_portrait,0xDCBABCB5,g00,mapped,0xDCBABCB5/g00/00001,packages\0xDCBABCB5\png\g00_00001_572x572_bc7.png,572,572,1,2,previews\combat_portrait\0xDCBABCB5_g00.png,projects\combat_portrait\0xDCBABCB5\g00\composition.json,
ingame_navigator,0xDCCA219A,g00,mapped,0xDCCA219A/g00/00000,packages\0xDCCA219A\png\g00_00000_260x180_bc7.png,260,180,2,12,previews\ingame_navigator\0xDCCA219A_g00.png,projects\ingame_navigator\0xDCCA219A\g00\composition.json,
outgame_navigator,0xDCEA3D7D,g00,mapped,0xDCEA3D7D/g00/00000,packages\0xDCEA3D7D\png\g00_00000_872x960_bc7.png,872,960,2,24,previews\outgame_navigator\0xDCEA3D7D_g00.png,projects\outgame_navigator\0xDCEA3D7D\g00\composition.json,
outgame_navigator,0xDCEA3D7D,g01,mapped,0xDCEA3D7D/g01/00000,packages\0xDCEA3D7D\png\g01_00000_872x960_bc7.png,872,960,2,24,previews\outgame_navigator\0xDCEA3D7D_g01.png,projects\outgame_navigator\0xDCEA3D7D\g01\composition.json,
outgame_navigator,0xDCEA3D7D,g02,mapped,0xDCEA3D7D/g02/00000,packages\0xDCEA3D7D\png\g02_00000_872x960_bc7.png,872,960,2,24,previews\outgame_navigator\0xDCEA3D7D_g02.png,projects\outgame_navigator\0xDCEA3D7D\g02\composition.json,
outgame_navigator,0xDCEA3D7D,g03,mapped,0xDCEA3D7D/g03/00000,packages\0xDCEA3D7D\png\g03_00000_872x960_bc7.png,872,960,2,21,previews\outgame_navigator\0xDCEA3D7D_g03.png,projects\outgame_navigator\0xDCEA3D7D\g03\composition.json,
outgame_navigator,0xDCEA3D7D,g04,mapped,0xDCEA3D7D/g04/00000,packages\0xDCEA3D7D\png\g04_00000_872x960_bc7.png,872,960,2,21,previews\outgame_navigator\0xDCEA3D7D_g04.png,projects\outgame_navigator\0xDCEA3D7D\g04\composition.json,
outgame_navigator,0xDCEA3D7D,g05,mapped,0xDCEA3D7D/g05/00000,packages\0xDCEA3D7D\png\g05_00000_872x960_bc7.png,872,960,2,12,previews\outgame_navigator\0xDCEA3D7D_g05.png,projects\outgame_navigator\0xDCEA3D7D\g05\composition.json,
outgame_navigator,0xDCEA3D7D,g06,mapped,0xDCEA3D7D/g06/00000,packages\0xDCEA3D7D\png\g06_00000_872x960_bc7.png,872,960,2,12,previews\outgame_navigator\0xDCEA3D7D_g06.png,projects\outgame_navigator\0xDCEA3D7D\g06\composition.json,
combat_portrait,0xDDAFA516,g00,mapped,0xDDAFA516/g00/00001,packages\0xDDAFA516\png\g00_00001_572x572_bc7.png,572,572,1,2,previews\combat_portrait\0xDDAFA516_g00.png,projects\combat_portrait\0xDDAFA516\g00\composition.json,
combat_portrait,0xDDB9867C,g00,mapped,0xDDB9867C/g00/00001,packages\0xDDB9867C\png\g00_00001_572x572_bc7.png,572,572,1,2,previews\combat_portrait\0xDDB9867C_g00.png,projects\combat_portrait\0xDDB9867C\g00\composition.json,
outgame_navigator,0xDE431228,g00,mapped,0xDE431228/g00/00000,packages\0xDE431228\png\g00_00000_872x960_bc7.png,872,960,2,22,previews\outgame_navigator\0xDE431228_g00.png,projects\outgame_navigator\0xDE431228\g00\composition.json,
outgame_navigator,0xDE431228,g01,mapped,0xDE431228/g01/00000,packages\0xDE431228\png\g01_00000_872x960_bc7.png,872,960,2,22,previews\outgame_navigator\0xDE431228_g01.png,projects\outgame_navigator\0xDE431228\g01\composition.json,
outgame_navigator,0xDE431228,g02,mapped,0xDE431228/g02/00000,packages\0xDE431228\png\g02_00000_872x960_bc7.png,872,960,2,12,previews\outgame_navigator\0xDE431228_g02.png,projects\outgame_navigator\0xDE431228\g02\composition.json,
outgame_navigator,0xDE431228,g03,mapped,0xDE431228/g03/00000,packages\0xDE431228\png\g03_00000_872x960_bc7.png,872,960,2,12,previews\outgame_navigator\0xDE431228_g03.png,projects\outgame_navigator\0xDE431228\g03\composition.json,
outgame_navigator,0xDE431228,g04,mapped,0xDE431228/g04/00000,packages\0xDE431228\png\g04_00000_872x960_bc7.png,872,960,2,12,previews\outgame_navigator\0xDE431228_g04.png,projects\outgame_navigator\0xDE431228\g04\composition.json,
outgame_navigator,0xDE431228,g05,mapped,0xDE431228/g05/00000,packages\0xDE431228\png\g05_00000_872x960_bc7.png,872,960,2,12,previews\outgame_navigator\0xDE431228_g05.png,projects\outgame_navigator\0xDE431228\g05\composition.json,
outgame_navigator,0xDE431228,g06,mapped,0xDE431228/g06/00000,packages\0xDE431228\png\g06_00000_872x960_bc7.png,872,960,2,4,previews\outgame_navigator\0xDE431228_g06.png,projects\outgame_navigator\0xDE431228\g06\composition.json,
outgame_navigator,0xDE431228,g07,mapped,0xDE431228/g07/00000,packages\0xDE431228\png\g07_00000_872x960_bc7.png,872,960,2,6,previews\outgame_navigator\0xDE431228_g07.png,projects\outgame_navigator\0xDE431228\g07\composition.json,
outgame_navigator,0xE003E660,g00,mapped,0xE003E660/g00/00000,packages\0xE003E660\png\g00_00000_872x960_bc7.png,872,960,2,15,previews\outgame_navigator\0xE003E660_g00.png,projects\outgame_navigator\0xE003E660\g00\composition.json,
outgame_navigator,0xE003E660,g01,mapped,0xE003E660/g01/00000,packages\0xE003E660\png\g01_00000_872x960_bc7.png,872,960,2,15,previews\outgame_navigator\0xE003E660_g01.png,projects\outgame_navigator\0xE003E660\g01\composition.json,
outgame_navigator,0xE003E660,g02,mapped,0xE003E660/g02/00000,packages\0xE003E660\png\g02_00000_872x960_bc7.png,872,960,2,6,previews\outgame_navigator\0xE003E660_g02.png,projects\outgame_navigator\0xE003E660\g02\composition.json,
outgame_navigator,0xE003E660,g03,mapped,0xE003E660/g03/00000,packages\0xE003E660\png\g03_00000_872x960_bc7.png,872,960,2,18,previews\outgame_navigator\0xE003E660_g03.png,projects\outgame_navigator\0xE003E660\g03\composition.json,
outgame_navigator,0xE003E660,g04,mapped,0xE003E660/g04/00000,packages\0xE003E660\png\g04_00000_872x960_bc7.png,872,960,2,18,previews\outgame_navigator\0xE003E660_g04.png,projects\outgame_navigator\0xE003E660\g04\composition.json,
outgame_navigator,0xE003E660,g05,mapped,0xE003E660/g05/00000,packages\0xE003E660\png\g05_00000_872x960_bc7.png,872,960,2,12,previews\outgame_navigator\0xE003E660_g05.png,projects\outgame_navigator\0xE003E660\g05\composition.json,
combat_portrait,0xE0CF8CA6,g00,mapped,0xE0CF8CA6/g00/00001,packages\0xE0CF8CA6\png\g00_00001_572x572_bc7.png,572,572,1,2,previews\combat_portrait\0xE0CF8CA6_g00.png,projects\combat_portrait\0xE0CF8CA6\g00\composition.json,
combat_portrait,0xE1EB1F95,g00,mapped,0xE1EB1F95/g00/00001,packages\0xE1EB1F95\png\g00_00001_572x572_bc7.png,572,572,1,2,previews\combat_portrait\0xE1EB1F95_g00.png,projects\combat_portrait\0xE1EB1F95\g00\composition.json,
combat_portrait,0xE1FD3CFF,g00,mapped,0xE1FD3CFF/g00/00001,packages\0xE1FD3CFF\png\g00_00001_572x572_bc7.png,572,572,1,2,previews\combat_portrait\0xE1FD3CFF_g00.png,projects\combat_portrait\0xE1FD3CFF\g00\composition.json,
combat_portrait,0xE2574340,g00,mapped,0xE2574340/g00/00001,packages\0xE2574340\png\g00_00001_572x572_bc7.png,572,572,1,2,previews\combat_portrait\0xE2574340_g00.png,projects\combat_portrait\0xE2574340\g00\composition.json,
outgame_navigator,0xE3BF7D47,g00,mapped,0xE3BF7D47/g00/00000,packages\0xE3BF7D47\png\g00_00000_872x960_bc7.png,872,960,2,22,previews\outgame_navigator\0xE3BF7D47_g00.png,projects\outgame_navigator\0xE3BF7D47\g00\composition.json,
outgame_navigator,0xE3BF7D47,g01,mapped,0xE3BF7D47/g01/00000,packages\0xE3BF7D47\png\g01_00000_872x960_bc7.png,872,960,2,22,previews\outgame_navigator\0xE3BF7D47_g01.png,projects\outgame_navigator\0xE3BF7D47\g01\composition.json,
outgame_navigator,0xE3BF7D47,g02,mapped,0xE3BF7D47/g02/00000,packages\0xE3BF7D47\png\g02_00000_872x960_bc7.png,872,960,2,22,previews\outgame_navigator\0xE3BF7D47_g02.png,projects\outgame_navigator\0xE3BF7D47\g02\composition.json,
outgame_navigator,0xE3BF7D47,g03,mapped,0xE3BF7D47/g03/00000,packages\0xE3BF7D47\png\g03_00000_872x960_bc7.png,872,960,2,20,previews\outgame_navigator\0xE3BF7D47_g03.png,projects\outgame_navigator\0xE3BF7D47\g03\composition.json,
outgame_navigator,0xE3BF7D47,g04,mapped,0xE3BF7D47/g04/00000,packages\0xE3BF7D47\png\g04_00000_872x960_bc7.png,872,960,2,20,previews\outgame_navigator\0xE3BF7D47_g04.png,projects\outgame_navigator\0xE3BF7D47\g04\composition.json,
outgame_navigator,0xE3BF7D47,g05,mapped,0xE3BF7D47/g05/00000,packages\0xE3BF7D47\png\g05_00000_872x960_bc7.png,872,960,2,20,previews\outgame_navigator\0xE3BF7D47_g05.png,projects\outgame_navigator\0xE3BF7D47\g05\composition.json,
outgame_navigator,0xE3BF7D47,g06,mapped,0xE3BF7D47/g06/00000,packages\0xE3BF7D47\png\g06_00000_872x960_bc7.png,872,960,2,6,previews\outgame_navigator\0xE3BF7D47_g06.png,projects\outgame_navigator\0xE3BF7D47\g06\composition.json,
outgame_navigator,0xE3BF7D47,g07,mapped,0xE3BF7D47/g07/00000,packages\0xE3BF7D47\png\g07_00000_872x960_bc7.png,872,960,2,6,previews\outgame_navigator\0xE3BF7D47_g07.png,projects\outgame_navigator\0xE3BF7D47\g07\composition.json,
outgame_navigator,0xE3BF7D47,g08,mapped,0xE3BF7D47/g08/00000,packages\0xE3BF7D47\png\g08_00000_872x960_bc7.png,872,960,2,6,previews\outgame_navigator\0xE3BF7D47_g08.png,projects\outgame_navigator\0xE3BF7D47\g08\composition.json,
combat_portrait,0xE42299D3,g00,mapped,0xE42299D3/g00/00001,packages\0xE42299D3\png\g00_00001_572x572_bc7.png,572,572,1,2,previews\combat_portrait\0xE42299D3_g00.png,projects\combat_portrait\0xE42299D3\g00\composition.json,
combat_portrait,0xE43A5C9B,g00,mapped,0xE43A5C9B/g00/00001,packages\0xE43A5C9B\png\g00_00001_572x572_bc7.png,572,572,1,2,previews\combat_portrait\0xE43A5C9B_g00.png,projects\combat_portrait\0xE43A5C9B\g00\composition.json,
combat_portrait,0xE503F7F8,g00,mapped,0xE503F7F8/g00/00001,packages\0xE503F7F8\png\g00_00001_572x572_bc7.png,572,572,1,2,previews\combat_portrait\0xE503F7F8_g00.png,projects\combat_portrait\0xE503F7F8\g00\composition.json,
combat_portrait,0xE5060AE0,g00,mapped,0xE5060AE0/g00/00001,packages\0xE5060AE0\png\g00_00001_572x572_bc7.png,572,572,1,2,previews\combat_portrait\0xE5060AE0_g00.png,projects\combat_portrait\0xE5060AE0\g00\composition.json,
combat_portrait,0xE508ECC2,g00,mapped,0xE508ECC2/g00/00001,packages\0xE508ECC2\png\g00_00001_572x572_bc7.png,572,572,1,2,previews\combat_portrait\0xE508ECC2_g00.png,projects\combat_portrait\0xE508ECC2\g00\composition.json,
combat_portrait,0xE51ECFA8,g00,mapped,0xE51ECFA8/g00/00001,packages\0xE51ECFA8\png\g00_00001_572x572_bc7.png,572,572,1,2,previews\combat_portrait\0xE51ECFA8_g00.png,projects\combat_portrait\0xE51ECFA8\g00\composition.json,
combat_portrait,0xE5378070,g00,mapped,0xE5378070/g00/00001,packages\0xE5378070\png\g00_00001_572x572_bc7.png,572,572,2,4,previews\combat_portrait\0xE5378070_g00.png,projects\combat_portrait\0xE5378070\g00\composition.json,
combat_portrait,0xE5396652,g00,mapped,0xE5396652/g00/00001,packages\0xE5396652\png\g00_00001_572x572_bc7.png,572,572,1,2,previews\combat_portrait\0xE5396652_g00.png,projects\combat_portrait\0xE5396652\g00\composition.json,
combat_portrait,0xE6655997,g00,mapped,0xE6655997/g00/00001,packages\0xE6655997\png\g00_00001_572x572_bc7.png,572,572,1,2,previews\combat_portrait\0xE6655997_g00.png,projects\combat_portrait\0xE6655997\g00\composition.json,
combat_portrait,0xE6AC755F,g00,mapped,0xE6AC755F/g00/00001,packages\0xE6AC755F\png\g00_00001_572x572_bc7.png,572,572,1,2,previews\combat_portrait\0xE6AC755F_g00.png,projects\combat_portrait\0xE6AC755F\g00\composition.json,
outgame_navigator,0xE8034289,g00,mapped,0xE8034289/g00/00000,packages\0xE8034289\png\g00_00000_872x960_bc7.png,872,960,2,36,previews\outgame_navigator\0xE8034289_g00.png,projects\outgame_navigator\0xE8034289\g00\composition.json,
outgame_navigator,0xE8034289,g01,mapped,0xE8034289/g01/00000,packages\0xE8034289\png\g01_00000_872x960_bc7.png,872,960,2,36,previews\outgame_navigator\0xE8034289_g01.png,projects\outgame_navigator\0xE8034289\g01\composition.json,
outgame_navigator,0xE8034289,g02,mapped,0xE8034289/g02/00000,packages\0xE8034289\png\g02_00000_872x960_bc7.png,872,960,2,36,previews\outgame_navigator\0xE8034289_g02.png,projects\outgame_navigator\0xE8034289\g02\composition.json,
outgame_navigator,0xE8034289,g03,mapped,0xE8034289/g03/00000,packages\0xE8034289\png\g03_00000_872x960_bc7.png,872,960,2,24,previews\outgame_navigator\0xE8034289_g03.png,projects\outgame_navigator\0xE8034289\g03\composition.json,
outgame_navigator,0xE8034289,g04,mapped,0xE8034289/g04/00000,packages\0xE8034289\png\g04_00000_872x960_bc7.png,872,960,2,24,previews\outgame_navigator\0xE8034289_g04.png,projects\outgame_navigator\0xE8034289\g04\composition.json,
outgame_navigator,0xE8034289,g05,mapped,0xE8034289/g05/00000,packages\0xE8034289\png\g05_00000_872x960_bc7.png,872,960,2,18,previews\outgame_navigator\0xE8034289_g05.png,projects\outgame_navigator\0xE8034289\g05\composition.json,
outgame_navigator,0xE8034289,g06,mapped,0xE8034289/g06/00000,packages\0xE8034289\png\g06_00000_872x960_bc7.png,872,960,2,18,previews\outgame_navigator\0xE8034289_g06.png,projects\outgame_navigator\0xE8034289\g06\composition.json,
outgame_navigator,0xE8034289,g07,mapped,0xE8034289/g07/00000,packages\0xE8034289\png\g07_00000_872x960_bc7.png,872,960,2,18,previews\outgame_navigator\0xE8034289_g07.png,projects\outgame_navigator\0xE8034289\g07\composition.json,
outgame_navigator,0xE8034289,g08,mapped,0xE8034289/g08/00000,packages\0xE8034289\png\g08_00000_872x960_bc7.png,872,960,2,18,previews\outgame_navigator\0xE8034289_g08.png,projects\outgame_navigator\0xE8034289\g08\composition.json,
outgame_navigator,0xE8034289,g09,mapped,0xE8034289/g09/00000,packages\0xE8034289\png\g09_00000_872x960_bc7.png,872,960,2,18,previews\outgame_navigator\0xE8034289_g09.png,projects\outgame_navigator\0xE8034289\g09\composition.json,
outgame_navigator,0xE8034289,g10,mapped,0xE8034289/g10/00000,packages\0xE8034289\png\g10_00000_872x960_bc7.png,872,960,2,18,previews\outgame_navigator\0xE8034289_g10.png,projects\outgame_navigator\0xE8034289\g10\composition.json,
combat_portrait,0xE81D87BF,g00,mapped,0xE81D87BF/g00/00001,packages\0xE81D87BF\png\g00_00001_572x572_bc7.png,572,572,1,2,previews\combat_portrait\0xE81D87BF_g00.png,projects\combat_portrait\0xE81D87BF\g00\composition.json,
combat_portrait,0xE829F037,g00,mapped,0xE829F037/g00/00001,packages\0xE829F037\png\g00_00001_572x572_bc7.png,572,572,1,2,previews\combat_portrait\0xE829F037_g00.png,projects\combat_portrait\0xE829F037\g00\composition.json,
ingame_navigator,0xE84BA46E,g00,mapped,0xE84BA46E/g00/00000,packages\0xE84BA46E\png\g00_00000_260x180_bc7.png,260,180,2,12,previews\ingame_navigator\0xE84BA46E_g00.png,projects\ingame_navigator\0xE84BA46E\g00\composition.json,
combat_portrait,0xE90D6304,g00,mapped,0xE90D6304/g00/00001,packages\0xE90D6304\png\g00_00001_572x572_bc7.png,572,572,1,4,previews\combat_portrait\0xE90D6304_g00.png,projects\combat_portrait\0xE90D6304\g00\composition.json,
outgame_navigator,0xE9365A80,g00,mapped,0xE9365A80/g00/00000,packages\0xE9365A80\png\g00_00000_872x960_bc7.png,872,960,2,24,previews\outgame_navigator\0xE9365A80_g00.png,projects\outgame_navigator\0xE9365A80\g00\composition.json,
outgame_navigator,0xE9365A80,g01,mapped,0xE9365A80/g01/00000,packages\0xE9365A80\png\g01_00000_872x960_bc7.png,872,960,2,24,previews\outgame_navigator\0xE9365A80_g01.png,projects\outgame_navigator\0xE9365A80\g01\composition.json,
outgame_navigator,0xE9365A80,g02,mapped,0xE9365A80/g02/00000,packages\0xE9365A80\png\g02_00000_872x960_bc7.png,872,960,2,24,previews\outgame_navigator\0xE9365A80_g02.png,projects\outgame_navigator\0xE9365A80\g02\composition.json,
outgame_navigator,0xE9365A80,g03,mapped,0xE9365A80/g03/00000,packages\0xE9365A80\png\g03_00000_872x960_bc7.png,872,960,2,24,previews\outgame_navigator\0xE9365A80_g03.png,projects\outgame_navigator\0xE9365A80\g03\composition.json,
outgame_navigator,0xE9365A80,g04,mapped,0xE9365A80/g04/00000,packages\0xE9365A80\png\g04_00000_872x960_bc7.png,872,960,2,12,previews\outgame_navigator\0xE9365A80_g04.png,projects\outgame_navigator\0xE9365A80\g04\composition.json,
outgame_navigator,0xE9365A80,g05,mapped,0xE9365A80/g05/00000,packages\0xE9365A80\png\g05_00000_872x960_bc7.png,872,960,2,12,previews\outgame_navigator\0xE9365A80_g05.png,projects\outgame_navigator\0xE9365A80\g05\composition.json,
outgame_navigator,0xE973677E,g00,mapped,0xE973677E/g00/00000,packages\0xE973677E\png\g00_00000_872x960_bc7.png,872,960,2,18,previews\outgame_navigator\0xE973677E_g00.png,projects\outgame_navigator\0xE973677E\g00\composition.json,
outgame_navigator,0xE973677E,g01,mapped,0xE973677E/g01/00000,packages\0xE973677E\png\g01_00000_872x960_bc7.png,872,960,2,18,previews\outgame_navigator\0xE973677E_g01.png,projects\outgame_navigator\0xE973677E\g01\composition.json,
outgame_navigator,0xE973677E,g02,mapped,0xE973677E/g02/00000,packages\0xE973677E\png\g02_00000_872x960_bc7.png,872,960,2,6,previews\outgame_navigator\0xE973677E_g02.png,projects\outgame_navigator\0xE973677E\g02\composition.json,
outgame_navigator,0xE973677E,g03,mapped,0xE973677E/g03/00000,packages\0xE973677E\png\g03_00000_872x960_bc7.png,872,960,2,12,previews\outgame_navigator\0xE973677E_g03.png,projects\outgame_navigator\0xE973677E\g03\composition.json,
outgame_navigator,0xE973677E,g04,mapped,0xE973677E/g04/00000,packages\0xE973677E\png\g04_00000_872x960_bc7.png,872,960,2,12,previews\outgame_navigator\0xE973677E_g04.png,projects\outgame_navigator\0xE973677E\g04\composition.json,
outgame_navigator,0xEB4A81C5,g00,mapped,0xEB4A81C5/g00/00000,packages\0xEB4A81C5\png\g00_00000_872x960_bc7.png,872,960,2,36,previews\outgame_navigator\0xEB4A81C5_g00.png,projects\outgame_navigator\0xEB4A81C5\g00\composition.json,
outgame_navigator,0xEB4A81C5,g01,mapped,0xEB4A81C5/g01/00000,packages\0xEB4A81C5\png\g01_00000_872x960_bc7.png,872,960,2,36,previews\outgame_navigator\0xEB4A81C5_g01.png,projects\outgame_navigator\0xEB4A81C5\g01\composition.json,
outgame_navigator,0xEB4A81C5,g02,mapped,0xEB4A81C5/g02/00000,packages\0xEB4A81C5\png\g02_00000_872x960_bc7.png,872,960,2,17,previews\outgame_navigator\0xEB4A81C5_g02.png,projects\outgame_navigator\0xEB4A81C5\g02\composition.json,
outgame_navigator,0xEB4A81C5,g03,mapped,0xEB4A81C5/g03/00000,packages\0xEB4A81C5\png\g03_00000_872x960_bc7.png,872,960,2,17,previews\outgame_navigator\0xEB4A81C5_g03.png,projects\outgame_navigator\0xEB4A81C5\g03\composition.json,
outgame_navigator,0xEB4A81C5,g04,mapped,0xEB4A81C5/g04/00000,packages\0xEB4A81C5\png\g04_00000_872x960_bc7.png,872,960,2,17,previews\outgame_navigator\0xEB4A81C5_g04.png,projects\outgame_navigator\0xEB4A81C5\g04\composition.json,
outgame_navigator,0xEB4A81C5,g05,mapped,0xEB4A81C5/g05/00000,packages\0xEB4A81C5\png\g05_00000_872x960_bc7.png,872,960,2,17,previews\outgame_navigator\0xEB4A81C5_g05.png,projects\outgame_navigator\0xEB4A81C5\g05\composition.json,
outgame_navigator,0xEB4A81C5,g06,mapped,0xEB4A81C5/g06/00000,packages\0xEB4A81C5\png\g06_00000_872x960_bc7.png,872,960,2,35,previews\outgame_navigator\0xEB4A81C5_g06.png,projects\outgame_navigator\0xEB4A81C5\g06\composition.json,
outgame_navigator,0xEB4A81C5,g07,mapped,0xEB4A81C5/g07/00000,packages\0xEB4A81C5\png\g07_00000_872x960_bc7.png,872,960,2,35,previews\outgame_navigator\0xEB4A81C5_g07.png,projects\outgame_navigator\0xEB4A81C5\g07\composition.json,
outgame_navigator,0xEB4A81C5,g08,mapped,0xEB4A81C5/g08/00000,packages\0xEB4A81C5\png\g08_00000_872x960_bc7.png,872,960,2,13,previews\outgame_navigator\0xEB4A81C5_g08.png,projects\outgame_navigator\0xEB4A81C5\g08\composition.json,
outgame_navigator,0xEB4A81C5,g09,mapped,0xEB4A81C5/g09/00000,packages\0xEB4A81C5\png\g09_00000_872x960_bc7.png,872,960,2,4,previews\outgame_navigator\0xEB4A81C5_g09.png,projects\outgame_navigator\0xEB4A81C5\g09\composition.json,
outgame_navigator,0xEB4A81C5,g10,mapped,0xEB4A81C5/g10/00000,packages\0xEB4A81C5\png\g10_00000_872x960_bc7.png,872,960,2,10,previews\outgame_navigator\0xEB4A81C5_g10.png,projects\outgame_navigator\0xEB4A81C5\g10\composition.json,
combat_portrait,0xEB83C44E,g00,mapped,0xEB83C44E/g00/00001,packages\0xEB83C44E\png\g00_00001_572x572_bc7.png,572,572,1,2,previews\combat_portrait\0xEB83C44E_g00.png,projects\combat_portrait\0xEB83C44E\g00\composition.json,
outgame_navigator,0xEC2745DC,g00,mapped,0xEC2745DC/g00/00000,packages\0xEC2745DC\png\g00_00000_872x960_bc7.png,872,960,2,36,previews\outgame_navigator\0xEC2745DC_g00.png,projects\outgame_navigator\0xEC2745DC\g00\composition.json,
outgame_navigator,0xEC2745DC,g01,mapped,0xEC2745DC/g01/00000,packages\0xEC2745DC\png\g01_00000_872x960_bc7.png,872,960,2,36,previews\outgame_navigator\0xEC2745DC_g01.png,projects\outgame_navigator\0xEC2745DC\g01\composition.json,
outgame_navigator,0xEC2745DC,g02,mapped,0xEC2745DC/g02/00000,packages\0xEC2745DC\png\g02_00000_872x960_bc7.png,872,960,2,17,previews\outgame_navigator\0xEC2745DC_g02.png,projects\outgame_navigator\0xEC2745DC\g02\composition.json,
outgame_navigator,0xEC2745DC,g03,mapped,0xEC2745DC/g03/00000,packages\0xEC2745DC\png\g03_00000_872x960_bc7.png,872,960,2,17,previews\outgame_navigator\0xEC2745DC_g03.png,projects\outgame_navigator\0xEC2745DC\g03\composition.json,
outgame_navigator,0xEC2745DC,g04,mapped,0xEC2745DC/g04/00000,packages\0xEC2745DC\png\g04_00000_872x960_bc7.png,872,960,2,17,previews\outgame_navigator\0xEC2745DC_g04.png,projects\outgame_navigator\0xEC2745DC\g04\composition.json,
outgame_navigator,0xEC2745DC,g05,mapped,0xEC2745DC/g05/00000,packages\0xEC2745DC\png\g05_00000_872x960_bc7.png,872,960,2,17,previews\outgame_navigator\0xEC2745DC_g05.png,projects\outgame_navigator\0xEC2745DC\g05\composition.json,
outgame_navigator,0xEC2745DC,g06,mapped,0xEC2745DC/g06/00000,packages\0xEC2745DC\png\g06_00000_872x960_bc7.png,872,960,2,35,previews\outgame_navigator\0xEC2745DC_g06.png,projects\outgame_navigator\0xEC2745DC\g06\composition.json,
outgame_navigator,0xEC2745DC,g07,mapped,0xEC2745DC/g07/00000,packages\0xEC2745DC\png\g07_00000_872x960_bc7.png,872,960,2,35,previews\outgame_navigator\0xEC2745DC_g07.png,projects\outgame_navigator\0xEC2745DC\g07\composition.json,
outgame_navigator,0xEC2745DC,g08,mapped,0xEC2745DC/g08/00000,packages\0xEC2745DC\png\g08_00000_872x960_bc7.png,872,960,2,13,previews\outgame_navigator\0xEC2745DC_g08.png,projects\outgame_navigator\0xEC2745DC\g08\composition.json,
outgame_navigator,0xEC2745DC,g09,mapped,0xEC2745DC/g09/00000,packages\0xEC2745DC\png\g09_00000_872x960_bc7.png,872,960,2,4,previews\outgame_navigator\0xEC2745DC_g09.png,projects\outgame_navigator\0xEC2745DC\g09\composition.json,
outgame_navigator,0xEC2745DC,g10,mapped,0xEC2745DC/g10/00000,packages\0xEC2745DC\png\g10_00000_872x960_bc7.png,872,960,2,10,previews\outgame_navigator\0xEC2745DC_g10.png,projects\outgame_navigator\0xEC2745DC\g10\composition.json,
combat_portrait,0xECE34CB8,g00,mapped,0xECE34CB8/g00/00001,packages\0xECE34CB8\png\g00_00001_572x572_bc7.png,572,572,1,2,previews\combat_portrait\0xECE34CB8_g00.png,projects\combat_portrait\0xECE34CB8\g00\composition.json,
combat_portrait,0xECE85782,g00,mapped,0xECE85782/g00/00001,packages\0xECE85782\png\g00_00001_572x572_bc7.png,572,572,1,2,previews\combat_portrait\0xECE85782_g00.png,projects\combat_portrait\0xECE85782\g00\composition.json,
outgame_navigator,0xED73EDD4,g00,mapped,0xED73EDD4/g00/00000,packages\0xED73EDD4\png\g00_00000_872x960_bc7.png,872,960,2,12,previews\outgame_navigator\0xED73EDD4_g00.png,projects\outgame_navigator\0xED73EDD4\g00\composition.json,
outgame_navigator,0xED73EDD4,g01,mapped,0xED73EDD4/g01/00000,packages\0xED73EDD4\png\g01_00000_872x960_bc7.png,872,960,2,12,previews\outgame_navigator\0xED73EDD4_g01.png,projects\outgame_navigator\0xED73EDD4\g01\composition.json,
outgame_navigator,0xED73EDD4,g02,mapped,0xED73EDD4/g02/00000,packages\0xED73EDD4\png\g02_00000_872x960_bc7.png,872,960,2,12,previews\outgame_navigator\0xED73EDD4_g02.png,projects\outgame_navigator\0xED73EDD4\g02\composition.json,
outgame_navigator,0xED73EDD4,g03,mapped,0xED73EDD4/g03/00000,packages\0xED73EDD4\png\g03_00000_872x960_bc7.png,872,960,2,12,previews\outgame_navigator\0xED73EDD4_g03.png,projects\outgame_navigator\0xED73EDD4\g03\composition.json,
outgame_navigator,0xED73EDD4,g04,mapped,0xED73EDD4/g04/00000,packages\0xED73EDD4\png\g04_00000_872x960_bc7.png,872,960,2,12,previews\outgame_navigator\0xED73EDD4_g04.png,projects\outgame_navigator\0xED73EDD4\g04\composition.json,
outgame_navigator,0xED73EDD4,g05,mapped,0xED73EDD4/g05/00000,packages\0xED73EDD4\png\g05_00000_872x960_bc7.png,872,960,2,12,previews\outgame_navigator\0xED73EDD4_g05.png,projects\outgame_navigator\0xED73EDD4\g05\composition.json,
outgame_navigator,0xED73EDD4,g06,mapped,0xED73EDD4/g06/00000,packages\0xED73EDD4\png\g06_00000_872x960_bc7.png,872,960,2,4,previews\outgame_navigator\0xED73EDD4_g06.png,projects\outgame_navigator\0xED73EDD4\g06\composition.json,
outgame_navigator,0xED7FE236,g00,mapped,0xED7FE236/g00/00000,packages\0xED7FE236\png\g00_00000_872x960_bc7.png,872,960,2,30,previews\outgame_navigator\0xED7FE236_g00.png,projects\outgame_navigator\0xED7FE236\g00\composition.json,
outgame_navigator,0xED7FE236,g01,mapped,0xED7FE236/g01/00000,packages\0xED7FE236\png\g01_00000_872x960_bc7.png,872,960,2,30,previews\outgame_navigator\0xED7FE236_g01.png,projects\outgame_navigator\0xED7FE236\g01\composition.json,
outgame_navigator,0xED7FE236,g02,mapped,0xED7FE236/g02/00000,packages\0xED7FE236\png\g02_00000_872x960_bc7.png,872,960,2,30,previews\outgame_navigator\0xED7FE236_g02.png,projects\outgame_navigator\0xED7FE236\g02\composition.json,
outgame_navigator,0xED7FE236,g03,mapped,0xED7FE236/g03/00000,packages\0xED7FE236\png\g03_00000_872x960_bc7.png,872,960,2,30,previews\outgame_navigator\0xED7FE236_g03.png,projects\outgame_navigator\0xED7FE236\g03\composition.json,
outgame_navigator,0xED7FE236,g04,mapped,0xED7FE236/g04/00000,packages\0xED7FE236\png\g04_00000_872x960_bc7.png,872,960,2,42,previews\outgame_navigator\0xED7FE236_g04.png,projects\outgame_navigator\0xED7FE236\g04\composition.json,
outgame_navigator,0xED7FE236,g05,mapped,0xED7FE236/g05/00000,packages\0xED7FE236\png\g05_00000_872x960_bc7.png,872,960,2,42,previews\outgame_navigator\0xED7FE236_g05.png,projects\outgame_navigator\0xED7FE236\g05\composition.json,
outgame_navigator,0xED7FE236,g06,mapped,0xED7FE236/g06/00000,packages\0xED7FE236\png\g06_00000_872x960_bc7.png,872,960,2,18,previews\outgame_navigator\0xED7FE236_g06.png,projects\outgame_navigator\0xED7FE236\g06\composition.json,
outgame_navigator,0xED7FE236,g07,mapped,0xED7FE236/g07/00000,packages\0xED7FE236\png\g07_00000_872x960_bc7.png,872,960,2,18,previews\outgame_navigator\0xED7FE236_g07.png,projects\outgame_navigator\0xED7FE236\g07\composition.json,
outgame_navigator,0xED7FE236,g08,mapped,0xED7FE236/g08/00000,packages\0xED7FE236\png\g08_00000_872x960_bc7.png,872,960,2,6,previews\outgame_navigator\0xED7FE236_g08.png,projects\outgame_navigator\0xED7FE236\g08\composition.json,
outgame_navigator,0xED7FE236,g09,mapped,0xED7FE236/g09/00000,packages\0xED7FE236\png\g09_00000_872x960_bc7.png,872,960,1,3,previews\outgame_navigator\0xED7FE236_g09.png,projects\outgame_navigator\0xED7FE236\g09\composition.json,
combat_portrait,0xEDD1FCE1,g00,mapped,0xEDD1FCE1/g00/00001,packages\0xEDD1FCE1\png\g00_00001_572x572_bc7.png,572,572,1,2,previews\combat_portrait\0xEDD1FCE1_g00.png,projects\combat_portrait\0xEDD1FCE1\g00\composition.json,
outgame_navigator,0xEDEE1AD5,g00,mapped,0xEDEE1AD5/g00/00000,packages\0xEDEE1AD5\png\g00_00000_872x960_bc7.png,872,960,2,15,previews\outgame_navigator\0xEDEE1AD5_g00.png,projects\outgame_navigator\0xEDEE1AD5\g00\composition.json,
outgame_navigator,0xEDEE1AD5,g01,mapped,0xEDEE1AD5/g01/00000,packages\0xEDEE1AD5\png\g01_00000_872x960_bc7.png,872,960,2,15,previews\outgame_navigator\0xEDEE1AD5_g01.png,projects\outgame_navigator\0xEDEE1AD5\g01\composition.json,
outgame_navigator,0xEDEE1AD5,g02,mapped,0xEDEE1AD5/g02/00000,packages\0xEDEE1AD5\png\g02_00000_872x960_bc7.png,872,960,2,12,previews\outgame_navigator\0xEDEE1AD5_g02.png,projects\outgame_navigator\0xEDEE1AD5\g02\composition.json,
outgame_navigator,0xEDEE1AD5,g03,mapped,0xEDEE1AD5/g03/00000,packages\0xEDEE1AD5\png\g03_00000_872x960_bc7.png,872,960,2,12,previews\outgame_navigator\0xEDEE1AD5_g03.png,projects\outgame_navigator\0xEDEE1AD5\g03\composition.json,
outgame_navigator,0xEDEE1AD5,g04,mapped,0xEDEE1AD5/g04/00000,packages\0xEDEE1AD5\png\g04_00000_872x960_bc7.png,872,960,2,12,previews\outgame_navigator\0xEDEE1AD5_g04.png,projects\outgame_navigator\0xEDEE1AD5\g04\composition.json,
outgame_navigator,0xEDEE1AD5,g05,mapped,0xEDEE1AD5/g05/00000,packages\0xEDEE1AD5\png\g05_00000_872x960_bc7.png,872,960,2,12,previews\outgame_navigator\0xEDEE1AD5_g05.png,projects\outgame_navigator\0xEDEE1AD5\g05\composition.json,
outgame_navigator,0xEDEE1AD5,g06,mapped,0xEDEE1AD5/g06/00000,packages\0xEDEE1AD5\png\g06_00000_872x960_bc7.png,872,960,2,12,previews\outgame_navigator\0xEDEE1AD5_g06.png,projects\outgame_navigator\0xEDEE1AD5\g06\composition.json,
combat_portrait,0xEDF6551B,g00,mapped,0xEDF6551B/g00/00001,packages\0xEDF6551B\png\g00_00001_572x572_bc7.png,572,572,1,2,previews\combat_portrait\0xEDF6551B_g00.png,projects\combat_portrait\0xEDF6551B\g00\composition.json,
combat_portrait,0xEDF8B339,g00,mapped,0xEDF8B339/g00/00001,packages\0xEDF8B339\png\g00_00001_572x572_bc7.png,572,572,1,2,previews\combat_portrait\0xEDF8B339_g00.png,projects\combat_portrait\0xEDF8B339\g00\composition.json,
outgame_navigator,0xEE2C62C9,g00,mapped,0xEE2C62C9/g00/00000,packages\0xEE2C62C9\png\g00_00000_872x960_bc7.png,872,960,2,12,previews\outgame_navigator\0xEE2C62C9_g00.png,projects\outgame_navigator\0xEE2C62C9\g00\composition.json,
outgame_navigator,0xEE2C62C9,g01,mapped,0xEE2C62C9/g01/00000,packages\0xEE2C62C9\png\g01_00000_872x960_bc7.png,872,960,2,12,previews\outgame_navigator\0xEE2C62C9_g01.png,projects\outgame_navigator\0xEE2C62C9\g01\composition.json,
outgame_navigator,0xEE2C62C9,g02,mapped,0xEE2C62C9/g02/00000,packages\0xEE2C62C9\png\g02_00000_872x960_bc7.png,872,960,2,12,previews\outgame_navigator\0xEE2C62C9_g02.png,projects\outgame_navigator\0xEE2C62C9\g02\composition.json,
outgame_navigator,0xEE2C62C9,g03,mapped,0xEE2C62C9/g03/00000,packages\0xEE2C62C9\png\g03_00000_872x960_bc7.png,872,960,2,12,previews\outgame_navigator\0xEE2C62C9_g03.png,projects\outgame_navigator\0xEE2C62C9\g03\composition.json,
outgame_navigator,0xEE2C62C9,g04,mapped,0xEE2C62C9/g04/00000,packages\0xEE2C62C9\png\g04_00000_872x960_bc7.png,872,960,2,12,previews\outgame_navigator\0xEE2C62C9_g04.png,projects\outgame_navigator\0xEE2C62C9\g04\composition.json,
outgame_navigator,0xEE2C62C9,g05,mapped,0xEE2C62C9/g05/00000,packages\0xEE2C62C9\png\g05_00000_872x960_bc7.png,872,960,2,12,previews\outgame_navigator\0xEE2C62C9_g05.png,projects\outgame_navigator\0xEE2C62C9\g05\composition.json,
outgame_navigator,0xEE2C62C9,g06,mapped,0xEE2C62C9/g06/00000,packages\0xEE2C62C9\png\g06_00000_872x960_bc7.png,872,960,2,12,previews\outgame_navigator\0xEE2C62C9_g06.png,projects\outgame_navigator\0xEE2C62C9\g06\composition.json,
outgame_navigator,0xEE2C62C9,g07,mapped,0xEE2C62C9/g07/00000,packages\0xEE2C62C9\png\g07_00000_872x960_bc7.png,872,960,2,12,previews\outgame_navigator\0xEE2C62C9_g07.png,projects\outgame_navigator\0xEE2C62C9\g07\composition.json,
ingame_navigator,0xEF59E088,g00,mapped,0xEF59E088/g00/00000,packages\0xEF59E088\png\g00_00000_260x180_bc7.png,260,180,2,13,previews\ingame_navigator\0xEF59E088_g00.png,projects\ingame_navigator\0xEF59E088\g00\composition.json,
outgame_navigator,0xEF6E8690,g00,mapped,0xEF6E8690/g00/00000,packages\0xEF6E8690\png\g00_00000_872x960_bc7.png,872,960,2,36,previews\outgame_navigator\0xEF6E8690_g00.png,projects\outgame_navigator\0xEF6E8690\g00\composition.json,
outgame_navigator,0xEF6E8690,g01,mapped,0xEF6E8690/g01/00000,packages\0xEF6E8690\png\g01_00000_872x960_bc7.png,872,960,2,36,previews\outgame_navigator\0xEF6E8690_g01.png,projects\outgame_navigator\0xEF6E8690\g01\composition.json,
outgame_navigator,0xEF6E8690,g02,mapped,0xEF6E8690/g02/00000,packages\0xEF6E8690\png\g02_00000_872x960_bc7.png,872,960,2,36,previews\outgame_navigator\0xEF6E8690_g02.png,projects\outgame_navigator\0xEF6E8690\g02\composition.json,
outgame_navigator,0xEF6E8690,g03,mapped,0xEF6E8690/g03/00000,packages\0xEF6E8690\png\g03_00000_872x960_bc7.png,872,960,2,24,previews\outgame_navigator\0xEF6E8690_g03.png,projects\outgame_navigator\0xEF6E8690\g03\composition.json,
outgame_navigator,0xEF6E8690,g04,mapped,0xEF6E8690/g04/00000,packages\0xEF6E8690\png\g04_00000_872x960_bc7.png,872,960,2,24,previews\outgame_navigator\0xEF6E8690_g04.png,projects\outgame_navigator\0xEF6E8690\g04\composition.json,
outgame_navigator,0xEF6E8690,g05,mapped,0xEF6E8690/g05/00000,packages\0xEF6E8690\png\g05_00000_872x960_bc7.png,872,960,2,18,previews\outgame_navigator\0xEF6E8690_g05.png,projects\outgame_navigator\0xEF6E8690\g05\composition.json,
outgame_navigator,0xEF6E8690,g06,mapped,0xEF6E8690/g06/00000,packages\0xEF6E8690\png\g06_00000_872x960_bc7.png,872,960,2,18,previews\outgame_navigator\0xEF6E8690_g06.png,projects\outgame_navigator\0xEF6E8690\g06\composition.json,
outgame_navigator,0xEF6E8690,g07,mapped,0xEF6E8690/g07/00000,packages\0xEF6E8690\png\g07_00000_872x960_bc7.png,872,960,2,18,previews\outgame_navigator\0xEF6E8690_g07.png,projects\outgame_navigator\0xEF6E8690\g07\composition.json,
outgame_navigator,0xEF6E8690,g08,mapped,0xEF6E8690/g08/00000,packages\0xEF6E8690\png\g08_00000_872x960_bc7.png,872,960,2,18,previews\outgame_navigator\0xEF6E8690_g08.png,projects\outgame_navigator\0xEF6E8690\g08\composition.json,
outgame_navigator,0xEF6E8690,g09,mapped,0xEF6E8690/g09/00000,packages\0xEF6E8690\png\g09_00000_872x960_bc7.png,872,960,2,18,previews\outgame_navigator\0xEF6E8690_g09.png,projects\outgame_navigator\0xEF6E8690\g09\composition.json,
outgame_navigator,0xEF6E8690,g10,mapped,0xEF6E8690/g10/00000,packages\0xEF6E8690\png\g10_00000_872x960_bc7.png,872,960,2,18,previews\outgame_navigator\0xEF6E8690_g10.png,projects\outgame_navigator\0xEF6E8690\g10\composition.json,
ingame_navigator,0xF21BE3A0,g00,mapped,0xF21BE3A0/g00/00000,packages\0xF21BE3A0\png\g00_00000_260x180_bc7.png,260,180,2,21,previews\ingame_navigator\0xF21BE3A0_g00.png,projects\ingame_navigator\0xF21BE3A0\g00\composition.json,
combat_portrait,0xF26B3DC9,g00,mapped,0xF26B3DC9/g00/00001,packages\0xF26B3DC9\png\g00_00001_572x572_bc7.png,572,572,1,2,previews\combat_portrait\0xF26B3DC9_g00.png,projects\combat_portrait\0xF26B3DC9\g00\composition.json,
combat_portrait,0xF273F881,g00,mapped,0xF273F881/g00/00001,packages\0xF273F881\png\g00_00001_572x572_bc7.png,572,572,1,2,previews\combat_portrait\0xF273F881_g00.png,projects\combat_portrait\0xF273F881\g00\composition.json,
combat_portrait,0xF278E3BB,g00,mapped,0xF278E3BB/g00/00001,packages\0xF278E3BB\png\g00_00001_572x572_bc7.png,572,572,1,2,previews\combat_portrait\0xF278E3BB_g00.png,projects\combat_portrait\0xF278E3BB\g00\composition.json,
combat_portrait,0xF27D1EA3,g00,mapped,0xF27D1EA3/g00/00001,packages\0xF27D1EA3\png\g00_00001_572x572_bc7.png,572,572,1,2,previews\combat_portrait\0xF27D1EA3_g00.png,projects\combat_portrait\0xF27D1EA3\g00\composition.json,
combat_portrait,0xF34148D8,g00,mapped,0xF34148D8/g00/00001,packages\0xF34148D8\png\g00_00001_572x572_bc7.png,572,572,1,2,previews\combat_portrait\0xF34148D8_g00.png,projects\combat_portrait\0xF34148D8\g00\composition.json,
combat_portrait,0xF3576BB2,g00,mapped,0xF3576BB2/g00/00001,packages\0xF3576BB2\png\g00_00001_572x572_bc7.png,572,572,1,2,previews\combat_portrait\0xF3576BB2_g00.png,projects\combat_portrait\0xF3576BB2\g00\composition.json,
combat_portrait,0xF3598D90,g00,mapped,0xF3598D90/g00/00001,packages\0xF3598D90\png\g00_00001_572x572_bc7.png,572,572,1,2,previews\combat_portrait\0xF3598D90_g00.png,projects\combat_portrait\0xF3598D90\g00\composition.json,
outgame_navigator,0xF35CBF05,g00,mapped_with_warning,0xF35CBF05/g00/00000,packages\0xF35CBF05\png\g00_00000_872x960_bc7.png,872,960,1,9,previews\outgame_navigator\0xF35CBF05_g00.png,projects\outgame_navigator\0xF35CBF05\g00\composition.json,unmapped overlay family 136x56
outgame_navigator,0xF35CBF05,g01,mapped_with_warning,0xF35CBF05/g01/00000,packages\0xF35CBF05\png\g01_00000_872x960_bc7.png,872,960,1,9,previews\outgame_navigator\0xF35CBF05_g01.png,projects\outgame_navigator\0xF35CBF05\g01\composition.json,unmapped overlay family 136x56
outgame_navigator,0xF35CBF05,g02,mapped_with_warning,0xF35CBF05/g02/00000,packages\0xF35CBF05\png\g02_00000_872x960_bc7.png,872,960,1,9,previews\outgame_navigator\0xF35CBF05_g02.png,projects\outgame_navigator\0xF35CBF05\g02\composition.json,unmapped overlay family 136x56
outgame_navigator,0xF35CBF05,g03,mapped_with_warning,0xF35CBF05/g03/00000,packages\0xF35CBF05\png\g03_00000_872x960_bc7.png,872,960,1,6,previews\outgame_navigator\0xF35CBF05_g03.png,projects\outgame_navigator\0xF35CBF05\g03\composition.json,unmapped overlay family 128x56
outgame_navigator,0xF35CBF05,g04,mapped_with_warning,0xF35CBF05/g04/00000,packages\0xF35CBF05\png\g04_00000_872x960_bc7.png,872,960,1,6,previews\outgame_navigator\0xF35CBF05_g04.png,projects\outgame_navigator\0xF35CBF05\g04\composition.json,unmapped overlay family 128x56
outgame_navigator,0xF35CBF05,g05,mapped_with_warning,0xF35CBF05/g05/00000,packages\0xF35CBF05\png\g05_00000_872x960_bc7.png,872,960,1,6,previews\outgame_navigator\0xF35CBF05_g05.png,projects\outgame_navigator\0xF35CBF05\g05\composition.json,unmapped overlay family 140x64
outgame_navigator,0xF35CBF05,g06,mapped_with_warning,0xF35CBF05/g06/00000,packages\0xF35CBF05\png\g06_00000_872x960_bc7.png,872,960,1,6,previews\outgame_navigator\0xF35CBF05_g06.png,projects\outgame_navigator\0xF35CBF05\g06\composition.json,unmapped overlay family 140x64
combat_portrait,0xF3680700,g00,mapped,0xF3680700/g00/00001,packages\0xF3680700\png\g00_00001_572x572_bc7.png,572,572,1,2,previews\combat_portrait\0xF3680700_g00.png,projects\combat_portrait\0xF3680700\g00\composition.json,
combat_portrait,0xF522B121,g00,mapped,0xF522B121/g00/00001,packages\0xF522B121\png\g00_00001_572x572_bc7.png,572,572,1,2,previews\combat_portrait\0xF522B121_g00.png,projects\combat_portrait\0xF522B121\g00\composition.json,
combat_portrait,0xF68628BC,g00,mapped,0xF68628BC/g00/00001,packages\0xF68628BC\png\g00_00001_572x572_bc7.png,572,572,1,2,previews\combat_portrait\0xF68628BC_g00.png,projects\combat_portrait\0xF68628BC\g00\composition.json,
combat_portrait,0xF68D3386,g00,mapped,0xF68D3386/g00/00001,packages\0xF68D3386\png\g00_00001_572x572_bc7.png,572,572,1,2,previews\combat_portrait\0xF68D3386_g00.png,projects\combat_portrait\0xF68D3386\g00\composition.json,
combat_portrait,0xF6900BD6,g00,mapped,0xF6900BD6/g00/00001,packages\0xF6900BD6\png\g00_00001_572x572_bc7.png,572,572,1,2,previews\combat_portrait\0xF6900BD6_g00.png,projects\combat_portrait\0xF6900BD6\g00\composition.json,
combat_portrait,0xF69EEDF4,g00,mapped,0xF69EEDF4/g00/00001,packages\0xF69EEDF4\png\g00_00001_572x572_bc7.png,572,572,1,2,previews\combat_portrait\0xF69EEDF4_g00.png,projects\combat_portrait\0xF69EEDF4\g00\composition.json,
outgame_navigator,0xF6D08784,g00,mapped,0xF6D08784/g00/00000,packages\0xF6D08784\png\g00_00000_872x960_bc7.png,872,960,2,21,previews\outgame_navigator\0xF6D08784_g00.png,projects\outgame_navigator\0xF6D08784\g00\composition.json,
outgame_navigator,0xF6D08784,g01,mapped,0xF6D08784/g01/00000,packages\0xF6D08784\png\g01_00000_872x960_bc7.png,872,960,2,12,previews\outgame_navigator\0xF6D08784_g01.png,projects\outgame_navigator\0xF6D08784\g01\composition.json,
outgame_navigator,0xF6D08784,g02,mapped,0xF6D08784/g02/00000,packages\0xF6D08784\png\g02_00000_872x960_bc7.png,872,960,2,12,previews\outgame_navigator\0xF6D08784_g02.png,projects\outgame_navigator\0xF6D08784\g02\composition.json,
outgame_navigator,0xF6D08784,g03,mapped,0xF6D08784/g03/00000,packages\0xF6D08784\png\g03_00000_872x960_bc7.png,872,960,2,6,previews\outgame_navigator\0xF6D08784_g03.png,projects\outgame_navigator\0xF6D08784\g03\composition.json,
outgame_navigator,0xF6D08784,g04,mapped,0xF6D08784/g04/00000,packages\0xF6D08784\png\g04_00000_872x960_bc7.png,872,960,2,10,previews\outgame_navigator\0xF6D08784_g04.png,projects\outgame_navigator\0xF6D08784\g04\composition.json,
outgame_navigator,0xF6D08784,g05,mapped,0xF6D08784/g05/00000,packages\0xF6D08784\png\g05_00000_872x960_bc7.png,872,960,2,10,previews\outgame_navigator\0xF6D08784_g05.png,projects\outgame_navigator\0xF6D08784\g05\composition.json,
outgame_navigator,0xF6D08784,g06,mapped,0xF6D08784/g06/00000,packages\0xF6D08784\png\g06_00000_872x960_bc7.png,872,960,2,12,previews\outgame_navigator\0xF6D08784_g06.png,projects\outgame_navigator\0xF6D08784\g06\composition.json,
outgame_navigator,0xF6D08784,g07,mapped,0xF6D08784/g07/00000,packages\0xF6D08784\png\g07_00000_872x960_bc7.png,872,960,2,12,previews\outgame_navigator\0xF6D08784_g07.png,projects\outgame_navigator\0xF6D08784\g07\composition.json,
combat_portrait,0xF7413994,g00,mapped,0xF7413994/g00/00001,packages\0xF7413994\png\g00_00001_572x572_bc7.png,572,572,1,2,previews\combat_portrait\0xF7413994_g00.png,projects\combat_portrait\0xF7413994\g00\composition.json,
outgame_navigator,0xF74A35BA,g00,mapped,0xF74A35BA/g00/00000,packages\0xF74A35BA\png\g00_00000_872x960_bc7.png,872,960,2,15,previews\outgame_navigator\0xF74A35BA_g00.png,projects\outgame_navigator\0xF74A35BA\g00\composition.json,
outgame_navigator,0xF74A35BA,g01,mapped,0xF74A35BA/g01/00000,packages\0xF74A35BA\png\g01_00000_872x960_bc7.png,872,960,2,15,previews\outgame_navigator\0xF74A35BA_g01.png,projects\outgame_navigator\0xF74A35BA\g01\composition.json,
outgame_navigator,0xF74A35BA,g02,mapped,0xF74A35BA/g02/00000,packages\0xF74A35BA\png\g02_00000_872x960_bc7.png,872,960,2,12,previews\outgame_navigator\0xF74A35BA_g02.png,projects\outgame_navigator\0xF74A35BA\g02\composition.json,
outgame_navigator,0xF74A35BA,g03,mapped,0xF74A35BA/g03/00000,packages\0xF74A35BA\png\g03_00000_872x960_bc7.png,872,960,2,12,previews\outgame_navigator\0xF74A35BA_g03.png,projects\outgame_navigator\0xF74A35BA\g03\composition.json,
outgame_navigator,0xF74A35BA,g04,mapped,0xF74A35BA/g04/00000,packages\0xF74A35BA\png\g04_00000_872x960_bc7.png,872,960,2,18,previews\outgame_navigator\0xF74A35BA_g04.png,projects\outgame_navigator\0xF74A35BA\g04\composition.json,
outgame_navigator,0xF74A35BA,g05,mapped,0xF74A35BA/g05/00000,packages\0xF74A35BA\png\g05_00000_872x960_bc7.png,872,960,2,18,previews\outgame_navigator\0xF74A35BA_g05.png,projects\outgame_navigator\0xF74A35BA\g05\composition.json,
outgame_navigator,0xF74A35BA,g06,mapped,0xF74A35BA/g06/00000,packages\0xF74A35BA\png\g06_00000_872x960_bc7.png,872,960,2,18,previews\outgame_navigator\0xF74A35BA_g06.png,projects\outgame_navigator\0xF74A35BA\g06\composition.json,
outgame_navigator,0xF74A35BA,g07,mapped,0xF74A35BA/g07/00000,packages\0xF74A35BA\png\g07_00000_872x960_bc7.png,872,960,2,18,previews\outgame_navigator\0xF74A35BA_g07.png,projects\outgame_navigator\0xF74A35BA\g07\composition.json,
outgame_navigator,0xF78D4277,a1,mapped,0xF78D4277/a1/00000,packages\0xF78D4277\png\a1_00000_872x960_bc7.png,872,960,2,18,previews\outgame_navigator\0xF78D4277_a1.png,projects\outgame_navigator\0xF78D4277\a1\composition.json,
outgame_navigator,0xF78D4277,a2,mapped,0xF78D4277/a2/00000,packages\0xF78D4277\png\a2_00000_872x960_bc7.png,872,960,2,18,previews\outgame_navigator\0xF78D4277_a2.png,projects\outgame_navigator\0xF78D4277\a2\composition.json,
outgame_navigator,0xF78D4277,d1,mapped,0xF78D4277/d1/00000,packages\0xF78D4277\png\d1_00000_872x960_bc7.png,872,960,2,12,previews\outgame_navigator\0xF78D4277_d1.png,projects\outgame_navigator\0xF78D4277\d1\composition.json,
outgame_navigator,0xF78D4277,d2,mapped,0xF78D4277/d2/00000,packages\0xF78D4277\png\d2_00000_872x960_bc7.png,872,960,2,12,previews\outgame_navigator\0xF78D4277_d2.png,projects\outgame_navigator\0xF78D4277\d2\composition.json,
combat_portrait,0xF79DD73D,g00,mapped,0xF79DD73D/g00/00001,packages\0xF79DD73D\png\g00_00001_572x572_bc7.png,572,572,1,2,previews\combat_portrait\0xF79DD73D_g00.png,projects\combat_portrait\0xF79DD73D\g00\composition.json,
combat_portrait,0xF7A2BB8F,g00,mapped,0xF7A2BB8F/g00/00001,packages\0xF7A2BB8F\png\g00_00001_572x572_bc7.png,572,572,1,2,previews\combat_portrait\0xF7A2BB8F_g00.png,projects\combat_portrait\0xF7A2BB8F\g00\composition.json,
combat_portrait,0xF7B498E5,g00,mapped,0xF7B498E5/g00/00001,packages\0xF7B498E5\png\g00_00001_572x572_bc7.png,572,572,1,2,previews\combat_portrait\0xF7B498E5_g00.png,projects\combat_portrait\0xF7B498E5\g00\composition.json,
outgame_navigator,0xF8812363,g00,mapped,0xF8812363/g00/00000,packages\0xF8812363\png\g00_00000_872x960_bc7.png,872,960,2,24,previews\outgame_navigator\0xF8812363_g00.png,projects\outgame_navigator\0xF8812363\g00\composition.json,
outgame_navigator,0xF8812363,g01,mapped,0xF8812363/g01/00000,packages\0xF8812363\png\g01_00000_872x960_bc7.png,872,960,2,24,previews\outgame_navigator\0xF8812363_g01.png,projects\outgame_navigator\0xF8812363\g01\composition.json,
outgame_navigator,0xF8812363,g02,mapped,0xF8812363/g02/00000,packages\0xF8812363\png\g02_00000_872x960_bc7.png,872,960,2,27,previews\outgame_navigator\0xF8812363_g02.png,projects\outgame_navigator\0xF8812363\g02\composition.json,
outgame_navigator,0xF8812363,g03,mapped,0xF8812363/g03/00000,packages\0xF8812363\png\g03_00000_872x960_bc7.png,872,960,2,27,previews\outgame_navigator\0xF8812363_g03.png,projects\outgame_navigator\0xF8812363\g03\composition.json,
outgame_navigator,0xF8812363,g04,mapped,0xF8812363/g04/00000,packages\0xF8812363\png\g04_00000_872x960_bc7.png,872,960,2,27,previews\outgame_navigator\0xF8812363_g04.png,projects\outgame_navigator\0xF8812363\g04\composition.json,
outgame_navigator,0xF8812363,g05,mapped,0xF8812363/g05/00000,packages\0xF8812363\png\g05_00000_872x960_bc7.png,872,960,2,15,previews\outgame_navigator\0xF8812363_g05.png,projects\outgame_navigator\0xF8812363\g05\composition.json,
combat_portrait,0xF90E852B,g00,mapped,0xF90E852B/g00/00001,packages\0xF90E852B\png\g00_00001_572x572_bc7.png,572,572,1,2,previews\combat_portrait\0xF90E852B_g00.png,projects\combat_portrait\0xF90E852B\g00\composition.json,
combat_portrait,0xF91DAF4D,g00,mapped,0xF91DAF4D/g00/00001,packages\0xF91DAF4D\png\g00_00001_572x572_bc7.png,572,572,1,2,previews\combat_portrait\0xF91DAF4D_g00.png,projects\combat_portrait\0xF91DAF4D\g00\composition.json,
outgame_navigator,0xFAB4E80A,g00,mapped,0xFAB4E80A/g00/00000,packages\0xFAB4E80A\png\g00_00000_872x960_bc7.png,872,960,2,18,previews\outgame_navigator\0xFAB4E80A_g00.png,projects\outgame_navigator\0xFAB4E80A\g00\composition.json,
outgame_navigator,0xFAB4E80A,g01,mapped,0xFAB4E80A/g01/00000,packages\0xFAB4E80A\png\g01_00000_872x960_bc7.png,872,960,2,18,previews\outgame_navigator\0xFAB4E80A_g01.png,projects\outgame_navigator\0xFAB4E80A\g01\composition.json,
outgame_navigator,0xFAB4E80A,g02,mapped,0xFAB4E80A/g02/00000,packages\0xFAB4E80A\png\g02_00000_872x960_bc7.png,872,960,2,12,previews\outgame_navigator\0xFAB4E80A_g02.png,projects\outgame_navigator\0xFAB4E80A\g02\composition.json,
outgame_navigator,0xFAB4E80A,g03,mapped,0xFAB4E80A/g03/00000,packages\0xFAB4E80A\png\g03_00000_872x960_bc7.png,872,960,2,12,previews\outgame_navigator\0xFAB4E80A_g03.png,projects\outgame_navigator\0xFAB4E80A\g03\composition.json,
outgame_navigator,0xFAB4E80A,g04,mapped,0xFAB4E80A/g04/00000,packages\0xFAB4E80A\png\g04_00000_872x960_bc7.png,872,960,2,12,previews\outgame_navigator\0xFAB4E80A_g04.png,projects\outgame_navigator\0xFAB4E80A\g04\composition.json,
outgame_navigator,0xFAB4E80A,g05,mapped,0xFAB4E80A/g05/00000,packages\0xFAB4E80A\png\g05_00000_872x960_bc7.png,872,960,2,12,previews\outgame_navigator\0xFAB4E80A_g05.png,projects\outgame_navigator\0xFAB4E80A\g05\composition.json,
outgame_navigator,0xFAB4E80A,g06,mapped,0xFAB4E80A/g06/00000,packages\0xFAB4E80A\png\g06_00000_872x960_bc7.png,872,960,2,6,previews\outgame_navigator\0xFAB4E80A_g06.png,projects\outgame_navigator\0xFAB4E80A\g06\composition.json,
outgame_navigator,0xFB1BE598,g00,mapped,0xFB1BE598/g00/00000,packages\0xFB1BE598\png\g00_00000_872x960_bc7.png,872,960,2,24,previews\outgame_navigator\0xFB1BE598_g00.png,projects\outgame_navigator\0xFB1BE598\g00\composition.json,
outgame_navigator,0xFB1BE598,g01,mapped,0xFB1BE598/g01/00000,packages\0xFB1BE598\png\g01_00000_872x960_bc7.png,872,960,2,24,previews\outgame_navigator\0xFB1BE598_g01.png,projects\outgame_navigator\0xFB1BE598\g01\composition.json,
outgame_navigator,0xFB1BE598,g02,mapped,0xFB1BE598/g02/00000,packages\0xFB1BE598\png\g02_00000_872x960_bc7.png,872,960,2,24,previews\outgame_navigator\0xFB1BE598_g02.png,projects\outgame_navigator\0xFB1BE598\g02\composition.json,
outgame_navigator,0xFB1BE598,g03,mapped,0xFB1BE598/g03/00000,packages\0xFB1BE598\png\g03_00000_872x960_bc7.png,872,960,2,24,previews\outgame_navigator\0xFB1BE598_g03.png,projects\outgame_navigator\0xFB1BE598\g03\composition.json,
outgame_navigator,0xFB1BE598,g04,mapped,0xFB1BE598/g04/00000,packages\0xFB1BE598\png\g04_00000_872x960_bc7.png,872,960,2,18,previews\outgame_navigator\0xFB1BE598_g04.png,projects\outgame_navigator\0xFB1BE598\g04\composition.json,
outgame_navigator,0xFB1BE598,g05,mapped,0xFB1BE598/g05/00000,packages\0xFB1BE598\png\g05_00000_872x960_bc7.png,872,960,2,18,previews\outgame_navigator\0xFB1BE598_g05.png,projects\outgame_navigator\0xFB1BE598\g05\composition.json,
combat_portrait,0xFB9343C1,g00,mapped,0xFB9343C1/g00/00001,packages\0xFB9343C1\png\g00_00001_572x572_bc7.png,572,572,2,4,previews\combat_portrait\0xFB9343C1_g00.png,projects\combat_portrait\0xFB9343C1\g00\composition.json,
combat_portrait,0xFB96BED9,g00,mapped,0xFB96BED9/g00/00001,packages\0xFB96BED9\png\g00_00001_572x572_bc7.png,572,572,1,2,previews\combat_portrait\0xFB96BED9_g00.png,projects\combat_portrait\0xFB96BED9\g00\composition.json,
combat_portrait,0xFB9858FB,g00,mapped,0xFB9858FB/g00/00001,packages\0xFB9858FB\png\g00_00001_572x572_bc7.png,572,572,1,2,previews\combat_portrait\0xFB9858FB_g00.png,projects\combat_portrait\0xFB9858FB\g00\composition.json,
combat_portrait,0xFBA73449,g00,mapped,0xFBA73449/g00/00001,packages\0xFBA73449\png\g00_00001_572x572_bc7.png,572,572,1,2,previews\combat_portrait\0xFBA73449_g00.png,projects\combat_portrait\0xFBA73449\g00\composition.json,
combat_portrait,0xFCDFC625,g00,mapped,0xFCDFC625/g00/00001,packages\0xFCDFC625\png\g00_00001_572x572_bc7.png,572,572,1,2,previews\combat_portrait\0xFCDFC625_g00.png,projects\combat_portrait\0xFCDFC625\g00\composition.json,
outgame_navigator,0xFDE18B64,g00,mapped,0xFDE18B64/g00/00000,packages\0xFDE18B64\png\g00_00000_872x960_bc7.png,872,960,2,18,previews\outgame_navigator\0xFDE18B64_g00.png,projects\outgame_navigator\0xFDE18B64\g00\composition.json,
outgame_navigator,0xFDE18B64,g01,mapped,0xFDE18B64/g01/00000,packages\0xFDE18B64\png\g01_00000_872x960_bc7.png,872,960,2,18,previews\outgame_navigator\0xFDE18B64_g01.png,projects\outgame_navigator\0xFDE18B64\g01\composition.json,
outgame_navigator,0xFDE18B64,g02,mapped,0xFDE18B64/g02/00000,packages\0xFDE18B64\png\g02_00000_872x960_bc7.png,872,960,2,12,previews\outgame_navigator\0xFDE18B64_g02.png,projects\outgame_navigator\0xFDE18B64\g02\composition.json,
outgame_navigator,0xFDE18B64,g03,mapped,0xFDE18B64/g03/00000,packages\0xFDE18B64\png\g03_00000_872x960_bc7.png,872,960,2,12,previews\outgame_navigator\0xFDE18B64_g03.png,projects\outgame_navigator\0xFDE18B64\g03\composition.json,
outgame_navigator,0xFDE18B64,g04,mapped,0xFDE18B64/g04/00000,packages\0xFDE18B64\png\g04_00000_872x960_bc7.png,872,960,2,9,previews\outgame_navigator\0xFDE18B64_g04.png,projects\outgame_navigator\0xFDE18B64\g04\composition.json,
outgame_navigator,0xFDE18B64,g05,mapped,0xFDE18B64/g05/00000,packages\0xFDE18B64\png\g05_00000_872x960_bc7.png,872,960,2,9,previews\outgame_navigator\0xFDE18B64_g05.png,projects\outgame_navigator\0xFDE18B64\g05\composition.json,
outgame_navigator,0xFDE18B64,g06,mapped,0xFDE18B64/g06/00000,packages\0xFDE18B64\png\g06_00000_872x960_bc7.png,872,960,2,6,previews\outgame_navigator\0xFDE18B64_g06.png,projects\outgame_navigator\0xFDE18B64\g06\composition.json,
combat_portrait,0xFF52E474,g00,mapped,0xFF52E474/g00/00001,packages\0xFF52E474\png\g00_00001_572x572_bc7.png,572,572,1,2,previews\combat_portrait\0xFF52E474_g00.png,projects\combat_portrait\0xFF52E474\g00\composition.json,
