category,package,group,status,body_texture_id,body_png,body_width,body_height,overlay_family_count,overlay_texture_count,preview,composition,notes
outgame_navigator,0x00806795,a1,mapped,0x00806795/a1/00000,packages\outgame_navigator\0x00806795\png\a1_00000_872x960_bc7.png,872,960,2,21,previews\outgame_navigator\0x00806795_a1.png,projects\outgame_navigator\0x00806795\a1\composition.json,
outgame_navigator,0x00806795,a2,mapped,0x00806795/a2/00000,packages\outgame_navigator\0x00806795\png\a2_00000_872x960_bc7.png,872,960,2,21,previews\outgame_navigator\0x00806795_a2.png,projects\outgame_navigator\0x00806795\a2\composition.json,
outgame_navigator,0x00806795,b1,mapped,0x00806795/b1/00000,packages\outgame_navigator\0x00806795\png\b1_00000_872x960_bc7.png,872,960,2,12,previews\outgame_navigator\0x00806795_b1.png,projects\outgame_navigator\0x00806795\b1\composition.json,
outgame_navigator,0x00806795,b2,mapped,0x00806795/b2/00000,packages\outgame_navigator\0x00806795\png\b2_00000_872x960_bc7.png,872,960,2,12,previews\outgame_navigator\0x00806795_b2.png,projects\outgame_navigator\0x00806795\b2\composition.json,
outgame_navigator,0x00806795,c1,mapped,0x00806795/c1/00000,packages\outgame_navigator\0x00806795\png\c1_00000_872x960_bc7.png,872,960,2,6,previews\outgame_navigator\0x00806795_c1.png,projects\outgame_navigator\0x00806795\c1\composition.json,
ingame_navigator,0x00C36166,a1,mapped,0x00C36166/a1/00000,packages\ingame_navigator\0x00C36166\png\a1_00000_260x180_bc7.png,260,180,2,24,previews\ingame_navigator\0x00C36166_a1.png,projects\ingame_navigator\0x00C36166\a1\composition.json,
outgame_navigator,0x022924F0,a1,mapped,0x022924F0/a1/00000,packages\outgame_navigator\0x022924F0\png\a1_00000_872x960_bc7.png,872,960,2,36,previews\outgame_navigator\0x022924F0_a1.png,projects\outgame_navigator\0x022924F0\a1\composition.json,
outgame_navigator,0x022924F0,a2,mapped,0x022924F0/a2/00000,packages\outgame_navigator\0x022924F0\png\a2_00000_872x960_bc7.png,872,960,2,36,previews\outgame_navigator\0x022924F0_a2.png,projects\outgame_navigator\0x022924F0\a2\composition.json,
outgame_navigator,0x022924F0,b1,mapped,0x022924F0/b1/00000,packages\outgame_navigator\0x022924F0\png\b1_00000_872x960_bc7.png,872,960,2,17,previews\outgame_navigator\0x022924F0_b1.png,projects\outgame_navigator\0x022924F0\b1\composition.json,
outgame_navigator,0x022924F0,b2,mapped,0x022924F0/b2/00000,packages\outgame_navigator\0x022924F0\png\b2_00000_872x960_bc7.png,872,960,2,17,previews\outgame_navigator\0x022924F0_b2.png,projects\outgame_navigator\0x022924F0\b2\composition.json,
outgame_navigator,0x022924F0,b3,mapped,0x022924F0/b3/00000,packages\outgame_navigator\0x022924F0\png\b3_00000_872x960_bc7.png,872,960,2,17,previews\outgame_navigator\0x022924F0_b3.png,projects\outgame_navigator\0x022924F0\b3\composition.json,
outgame_navigator,0x022924F0,b4,mapped,0x022924F0/b4/00000,packages\outgame_navigator\0x022924F0\png\b4_00000_872x960_bc7.png,872,960,2,17,previews\outgame_navigator\0x022924F0_b4.png,projects\outgame_navigator\0x022924F0\b4\composition.json,
outgame_navigator,0x022924F0,c1,mapped,0x022924F0/c1/00000,packages\outgame_navigator\0x022924F0\png\c1_00000_872x960_bc7.png,872,960,2,35,previews\outgame_navigator\0x022924F0_c1.png,projects\outgame_navigator\0x022924F0\c1\composition.json,
outgame_navigator,0x022924F0,c2,mapped,0x022924F0/c2/00000,packages\outgame_navigator\0x022924F0\png\c2_00000_872x960_bc7.png,872,960,2,35,previews\outgame_navigator\0x022924F0_c2.png,projects\outgame_navigator\0x022924F0\c2\composition.json,
outgame_navigator,0x022924F0,d1,mapped,0x022924F0/d1/00000,packages\outgame_navigator\0x022924F0\png\d1_00000_872x960_bc7.png,872,960,2,13,previews\outgame_navigator\0x022924F0_d1.png,projects\outgame_navigator\0x022924F0\d1\composition.json,
outgame_navigator,0x022924F0,e1,mapped,0x022924F0/e1/00000,packages\outgame_navigator\0x022924F0\png\e1_00000_872x960_bc7.png,872,960,2,4,previews\outgame_navigator\0x022924F0_e1.png,projects\outgame_navigator\0x022924F0\e1\composition.json,
outgame_navigator,0x022924F0,f1,mapped,0x022924F0/f1/00000,packages\outgame_navigator\0x022924F0\png\f1_00000_872x960_bc7.png,872,960,2,10,previews\outgame_navigator\0x022924F0_f1.png,projects\outgame_navigator\0x022924F0\f1\composition.json,
combat_portrait,0x03089C4A,g00,mapped,0x03089C4A/g00/00001,packages\combat_portrait\0x03089C4A\png\g00_00001_572x572_bc7.png,572,572,1,2,previews\combat_portrait\0x03089C4A_g00.png,projects\combat_portrait\0x03089C4A\g00\composition.json,
combat_portrait,0x030D9546,g00,mapped,0x030D9546/g00/00001,packages\combat_portrait\0x030D9546\png\g00_00001_572x572_bc7.png,572,572,1,2,previews\combat_portrait\0x030D9546_g00.png,projects\combat_portrait\0x030D9546\g00\composition.json,
combat_portrait,0x0310AD16,g00,mapped,0x0310AD16/g00/00001,packages\combat_portrait\0x0310AD16\png\g00_00001_572x572_bc7.png,572,572,1,2,previews\combat_portrait\0x0310AD16_g00.png,projects\combat_portrait\0x0310AD16\g00\composition.json,
combat_portrait,0x031E4B34,g00,mapped,0x031E4B34/g00/00001,packages\combat_portrait\0x031E4B34\png\g00_00001_572x572_bc7.png,572,572,1,2,previews\combat_portrait\0x031E4B34_g00.png,projects\combat_portrait\0x031E4B34\g00\composition.json,
combat_portrait,0x03212786,g00,mapped,0x03212786/g00/00001,packages\combat_portrait\0x03212786\png\g00_00001_572x572_bc7.png,572,572,1,2,previews\combat_portrait\0x03212786_g00.png,projects\combat_portrait\0x03212786\g00\composition.json,
outgame_navigator,0x036A9459,a1,mapped,0x036A9459/a1/00000,packages\outgame_navigator\0x036A9459\png\a1_00000_872x960_bc7.png,872,960,2,22,previews\outgame_navigator\0x036A9459_a1.png,projects\outgame_navigator\0x036A9459\a1\composition.json,
outgame_navigator,0x036A9459,a2,mapped,0x036A9459/a2/00000,packages\outgame_navigator\0x036A9459\png\a2_00000_872x960_bc7.png,872,960,2,22,previews\outgame_navigator\0x036A9459_a2.png,projects\outgame_navigator\0x036A9459\a2\composition.json,
outgame_navigator,0x036A9459,a3,mapped,0x036A9459/a3/00000,packages\outgame_navigator\0x036A9459\png\a3_00000_872x960_bc7.png,872,960,2,22,previews\outgame_navigator\0x036A9459_a3.png,projects\outgame_navigator\0x036A9459\a3\composition.json,
outgame_navigator,0x036A9459,b1,mapped,0x036A9459/b1/00000,packages\outgame_navigator\0x036A9459\png\b1_00000_872x960_bc7.png,872,960,2,20,previews\outgame_navigator\0x036A9459_b1.png,projects\outgame_navigator\0x036A9459\b1\composition.json,
outgame_navigator,0x036A9459,b2,mapped,0x036A9459/b2/00000,packages\outgame_navigator\0x036A9459\png\b2_00000_872x960_bc7.png,872,960,2,20,previews\outgame_navigator\0x036A9459_b2.png,projects\outgame_navigator\0x036A9459\b2\composition.json,
outgame_navigator,0x036A9459,b3,mapped,0x036A9459/b3/00000,packages\outgame_navigator\0x036A9459\png\b3_00000_872x960_bc7.png,872,960,2,20,previews\outgame_navigator\0x036A9459_b3.png,projects\outgame_navigator\0x036A9459\b3\composition.json,
outgame_navigator,0x036A9459,c1,mapped,0x036A9459/c1/00000,packages\outgame_navigator\0x036A9459\png\c1_00000_872x960_bc7.png,872,960,2,6,previews\outgame_navigator\0x036A9459_c1.png,projects\outgame_navigator\0x036A9459\c1\composition.json,
outgame_navigator,0x036A9459,d1,mapped,0x036A9459/d1/00000,packages\outgame_navigator\0x036A9459\png\d1_00000_872x960_bc7.png,872,960,2,6,previews\outgame_navigator\0x036A9459_d1.png,projects\outgame_navigator\0x036A9459\d1\composition.json,
outgame_navigator,0x036A9459,e1,mapped,0x036A9459/e1/00000,packages\outgame_navigator\0x036A9459\png\e1_00000_872x960_bc7.png,872,960,2,6,previews\outgame_navigator\0x036A9459_e1.png,projects\outgame_navigator\0x036A9459\e1\composition.json,
ingame_navigator,0x03CBDC9E,a1,mapped,0x03CBDC9E/a1/00000,packages\ingame_navigator\0x03CBDC9E\png\a1_00000_260x180_bc7.png,260,180,2,10,previews\ingame_navigator\0x03CBDC9E_a1.png,projects\ingame_navigator\0x03CBDC9E\a1\composition.json,
outgame_navigator,0x0544E0E9,a1,mapped,0x0544E0E9/a1/00000,packages\outgame_navigator\0x0544E0E9\png\a1_00000_872x960_bc7.png,872,960,2,36,previews\outgame_navigator\0x0544E0E9_a1.png,projects\outgame_navigator\0x0544E0E9\a1\composition.json,
outgame_navigator,0x0544E0E9,a2,mapped,0x0544E0E9/a2/00000,packages\outgame_navigator\0x0544E0E9\png\a2_00000_872x960_bc7.png,872,960,2,36,previews\outgame_navigator\0x0544E0E9_a2.png,projects\outgame_navigator\0x0544E0E9\a2\composition.json,
outgame_navigator,0x0544E0E9,b1,mapped,0x0544E0E9/b1/00000,packages\outgame_navigator\0x0544E0E9\png\b1_00000_872x960_bc7.png,872,960,2,17,previews\outgame_navigator\0x0544E0E9_b1.png,projects\outgame_navigator\0x0544E0E9\b1\composition.json,
outgame_navigator,0x0544E0E9,b2,mapped,0x0544E0E9/b2/00000,packages\outgame_navigator\0x0544E0E9\png\b2_00000_872x960_bc7.png,872,960,2,17,previews\outgame_navigator\0x0544E0E9_b2.png,projects\outgame_navigator\0x0544E0E9\b2\composition.json,
outgame_navigator,0x0544E0E9,b3,mapped,0x0544E0E9/b3/00000,packages\outgame_navigator\0x0544E0E9\png\b3_00000_872x960_bc7.png,872,960,2,17,previews\outgame_navigator\0x0544E0E9_b3.png,projects\outgame_navigator\0x0544E0E9\b3\composition.json,
outgame_navigator,0x0544E0E9,b4,mapped,0x0544E0E9/b4/00000,packages\outgame_navigator\0x0544E0E9\png\b4_00000_872x960_bc7.png,872,960,2,17,previews\outgame_navigator\0x0544E0E9_b4.png,projects\outgame_navigator\0x0544E0E9\b4\composition.json,
outgame_navigator,0x0544E0E9,c1,mapped,0x0544E0E9/c1/00000,packages\outgame_navigator\0x0544E0E9\png\c1_00000_872x960_bc7.png,872,960,2,35,previews\outgame_navigator\0x0544E0E9_c1.png,projects\outgame_navigator\0x0544E0E9\c1\composition.json,
outgame_navigator,0x0544E0E9,c2,mapped,0x0544E0E9/c2/00000,packages\outgame_navigator\0x0544E0E9\png\c2_00000_872x960_bc7.png,872,960,2,35,previews\outgame_navigator\0x0544E0E9_c2.png,projects\outgame_navigator\0x0544E0E9\c2\composition.json,
outgame_navigator,0x0544E0E9,d1,mapped,0x0544E0E9/d1/00000,packages\outgame_navigator\0x0544E0E9\png\d1_00000_872x960_bc7.png,872,960,2,13,previews\outgame_navigator\0x0544E0E9_d1.png,projects\outgame_navigator\0x0544E0E9\d1\composition.json,
outgame_navigator,0x0544E0E9,e1,mapped,0x0544E0E9/e1/00000,packages\outgame_navigator\0x0544E0E9\png\e1_00000_872x960_bc7.png,872,960,2,4,previews\outgame_navigator\0x0544E0E9_e1.png,projects\outgame_navigator\0x0544E0E9\e1\composition.json,
outgame_navigator,0x0544E0E9,f1,mapped,0x0544E0E9/f1/00000,packages\outgame_navigator\0x0544E0E9\png\f1_00000_872x960_bc7.png,872,960,2,10,previews\outgame_navigator\0x0544E0E9_f1.png,projects\outgame_navigator\0x0544E0E9\f1\composition.json,
combat_portrait,0x05657785,g00,mapped,0x05657785/g00/00001,packages\combat_portrait\0x05657785\png\g00_00001_572x572_bc7.png,572,572,1,2,previews\combat_portrait\0x05657785_g00.png,projects\combat_portrait\0x05657785\g00\composition.json,
outgame_navigator,0x0593882D,a1,mapped,0x0593882D/a1/00000,packages\outgame_navigator\0x0593882D\png\a1_00000_872x960_bc7.png,872,960,2,24,previews\outgame_navigator\0x0593882D_a1.png,projects\outgame_navigator\0x0593882D\a1\composition.json,
outgame_navigator,0x0593882D,a2,mapped,0x0593882D/a2/00000,packages\outgame_navigator\0x0593882D\png\a2_00000_872x960_bc7.png,872,960,2,24,previews\outgame_navigator\0x0593882D_a2.png,projects\outgame_navigator\0x0593882D\a2\composition.json,
outgame_navigator,0x0593882D,b1,mapped,0x0593882D/b1/00000,packages\outgame_navigator\0x0593882D\png\b1_00000_872x960_bc7.png,872,960,2,24,previews\outgame_navigator\0x0593882D_b1.png,projects\outgame_navigator\0x0593882D\b1\composition.json,
outgame_navigator,0x0593882D,b2,mapped,0x0593882D/b2/00000,packages\outgame_navigator\0x0593882D\png\b2_00000_872x960_bc7.png,872,960,2,24,previews\outgame_navigator\0x0593882D_b2.png,projects\outgame_navigator\0x0593882D\b2\composition.json,
outgame_navigator,0x0593882D,b3,mapped,0x0593882D/b3/00000,packages\outgame_navigator\0x0593882D\png\b3_00000_872x960_bc7.png,872,960,2,24,previews\outgame_navigator\0x0593882D_b3.png,projects\outgame_navigator\0x0593882D\b3\composition.json,
outgame_navigator,0x0593882D,c1,mapped,0x0593882D/c1/00000,packages\outgame_navigator\0x0593882D\png\c1_00000_872x960_bc7.png,872,960,2,21,previews\outgame_navigator\0x0593882D_c1.png,projects\outgame_navigator\0x0593882D\c1\composition.json,
outgame_navigator,0x0593882D,c2,mapped,0x0593882D/c2/00000,packages\outgame_navigator\0x0593882D\png\c2_00000_872x960_bc7.png,872,960,2,21,previews\outgame_navigator\0x0593882D_c2.png,projects\outgame_navigator\0x0593882D\c2\composition.json,
outgame_navigator,0x0593882D,d1,mapped,0x0593882D/d1/00000,packages\outgame_navigator\0x0593882D\png\d1_00000_872x960_bc7.png,872,960,2,7,previews\outgame_navigator\0x0593882D_d1.png,projects\outgame_navigator\0x0593882D\d1\composition.json,
outgame_navigator,0x0593882D,e1,mapped,0x0593882D/e1/00000,packages\outgame_navigator\0x0593882D\png\e1_00000_872x960_bc7.png,872,960,2,6,previews\outgame_navigator\0x0593882D_e1.png,projects\outgame_navigator\0x0593882D\e1\composition.json,
outgame_navigator,0x0593882D,e2,mapped,0x0593882D/e2/00000,packages\outgame_navigator\0x0593882D\png\e2_00000_872x960_bc7.png,872,960,2,6,previews\outgame_navigator\0x0593882D_e2.png,projects\outgame_navigator\0x0593882D\e2\composition.json,
outgame_navigator,0x060D23A5,a1,mapped,0x060D23A5/a1/00000,packages\outgame_navigator\0x060D23A5\png\a1_00000_872x960_bc7.png,872,960,2,36,previews\outgame_navigator\0x060D23A5_a1.png,projects\outgame_navigator\0x060D23A5\a1\composition.json,
outgame_navigator,0x060D23A5,a2,mapped,0x060D23A5/a2/00000,packages\outgame_navigator\0x060D23A5\png\a2_00000_872x960_bc7.png,872,960,2,36,previews\outgame_navigator\0x060D23A5_a2.png,projects\outgame_navigator\0x060D23A5\a2\composition.json,
outgame_navigator,0x060D23A5,a3,mapped,0x060D23A5/a3/00000,packages\outgame_navigator\0x060D23A5\png\a3_00000_872x960_bc7.png,872,960,2,36,previews\outgame_navigator\0x060D23A5_a3.png,projects\outgame_navigator\0x060D23A5\a3\composition.json,
outgame_navigator,0x060D23A5,b1,mapped,0x060D23A5/b1/00000,packages\outgame_navigator\0x060D23A5\png\b1_00000_872x960_bc7.png,872,960,2,24,previews\outgame_navigator\0x060D23A5_b1.png,projects\outgame_navigator\0x060D23A5\b1\composition.json,
outgame_navigator,0x060D23A5,b2,mapped,0x060D23A5/b2/00000,packages\outgame_navigator\0x060D23A5\png\b2_00000_872x960_bc7.png,872,960,2,24,previews\outgame_navigator\0x060D23A5_b2.png,projects\outgame_navigator\0x060D23A5\b2\composition.json,
outgame_navigator,0x060D23A5,c1,mapped,0x060D23A5/c1/00000,packages\outgame_navigator\0x060D23A5\png\c1_00000_872x960_bc7.png,872,960,2,18,previews\outgame_navigator\0x060D23A5_c1.png,projects\outgame_navigator\0x060D23A5\c1\composition.json,
outgame_navigator,0x060D23A5,c2,mapped,0x060D23A5/c2/00000,packages\outgame_navigator\0x060D23A5\png\c2_00000_872x960_bc7.png,872,960,2,18,previews\outgame_navigator\0x060D23A5_c2.png,projects\outgame_navigator\0x060D23A5\c2\composition.json,
outgame_navigator,0x060D23A5,c3,mapped,0x060D23A5/c3/00000,packages\outgame_navigator\0x060D23A5\png\c3_00000_872x960_bc7.png,872,960,2,18,previews\outgame_navigator\0x060D23A5_c3.png,projects\outgame_navigator\0x060D23A5\c3\composition.json,
outgame_navigator,0x060D23A5,d1,mapped,0x060D23A5/d1/00000,packages\outgame_navigator\0x060D23A5\png\d1_00000_872x960_bc7.png,872,960,2,18,previews\outgame_navigator\0x060D23A5_d1.png,projects\outgame_navigator\0x060D23A5\d1\composition.json,
outgame_navigator,0x060D23A5,d2,mapped,0x060D23A5/d2/00000,packages\outgame_navigator\0x060D23A5\png\d2_00000_872x960_bc7.png,872,960,2,18,previews\outgame_navigator\0x060D23A5_d2.png,projects\outgame_navigator\0x060D23A5\d2\composition.json,
outgame_navigator,0x060D23A5,d3,mapped,0x060D23A5/d3/00000,packages\outgame_navigator\0x060D23A5\png\d3_00000_872x960_bc7.png,872,960,2,18,previews\outgame_navigator\0x060D23A5_d3.png,projects\outgame_navigator\0x060D23A5\d3\composition.json,
combat_portrait,0x06C1EE18,g00,mapped,0x06C1EE18/g00/00001,packages\combat_portrait\0x06C1EE18\png\g00_00001_572x572_bc7.png,572,572,1,2,previews\combat_portrait\0x06C1EE18_g00.png,projects\combat_portrait\0x06C1EE18\g00\composition.json,
combat_portrait,0x06CF083A,g00,mapped,0x06CF083A/g00/00001,packages\combat_portrait\0x06CF083A\png\g00_00001_572x572_bc7.png,572,572,1,2,previews\combat_portrait\0x06CF083A_g00.png,projects\combat_portrait\0x06CF083A\g00\composition.json,
combat_portrait,0x06FE82AA,g00,mapped,0x06FE82AA/g00/00001,packages\combat_portrait\0x06FE82AA\png\g00_00001_572x572_bc7.png,572,572,1,2,previews\combat_portrait\0x06FE82AA_g00.png,projects\combat_portrait\0x06FE82AA\g00\composition.json,
outgame_navigator,0x07644952,a1,mapped,0x07644952/a1/00000,packages\outgame_navigator\0x07644952\png\a1_00000_872x960_bc7.png,872,960,2,12,previews\outgame_navigator\0x07644952_a1.png,projects\outgame_navigator\0x07644952\a1\composition.json,
outgame_navigator,0x07644952,a2,mapped,0x07644952/a2/00000,packages\outgame_navigator\0x07644952\png\a2_00000_872x960_bc7.png,872,960,2,12,previews\outgame_navigator\0x07644952_a2.png,projects\outgame_navigator\0x07644952\a2\composition.json,
outgame_navigator,0x07644952,b1,mapped,0x07644952/b1/00000,packages\outgame_navigator\0x07644952\png\b1_00000_872x960_bc7.png,872,960,2,12,previews\outgame_navigator\0x07644952_b1.png,projects\outgame_navigator\0x07644952\b1\composition.json,
outgame_navigator,0x07644952,b2,mapped,0x07644952/b2/00000,packages\outgame_navigator\0x07644952\png\b2_00000_872x960_bc7.png,872,960,2,12,previews\outgame_navigator\0x07644952_b2.png,projects\outgame_navigator\0x07644952\b2\composition.json,
combat_portrait,0x07DFEC81,g00,mapped,0x07DFEC81/g00/00001,packages\combat_portrait\0x07DFEC81\png\g00_00001_572x572_bc7.png,572,572,1,2,previews\combat_portrait\0x07DFEC81_g00.png,projects\combat_portrait\0x07DFEC81\g00\composition.json,
combat_portrait,0x07EB9B09,g00,mapped,0x07EB9B09/g00/00001,packages\combat_portrait\0x07EB9B09\png\g00_00001_572x572_bc7.png,572,572,1,2,previews\combat_portrait\0x07EB9B09_g00.png,projects\combat_portrait\0x07EB9B09\g00\composition.json,
ingame_navigator,0x081E20B7,a1,mapped,0x081E20B7/a1/00000,packages\ingame_navigator\0x081E20B7\png\a1_00000_260x180_bc7.png,260,180,2,12,previews\ingame_navigator\0x081E20B7_a1.png,projects\ingame_navigator\0x081E20B7\a1\composition.json,
outgame_navigator,0x083E3C50,a1,mapped,0x083E3C50/a1/00000,packages\outgame_navigator\0x083E3C50\png\a1_00000_872x960_bc7.png,872,960,2,12,previews\outgame_navigator\0x083E3C50_a1.png,projects\outgame_navigator\0x083E3C50\a1\composition.json,
outgame_navigator,0x083E3C50,a2,mapped,0x083E3C50/a2/00000,packages\outgame_navigator\0x083E3C50\png\a2_00000_872x960_bc7.png,872,960,2,12,previews\outgame_navigator\0x083E3C50_a2.png,projects\outgame_navigator\0x083E3C50\a2\composition.json,
outgame_navigator,0x083E3C50,b1,mapped,0x083E3C50/b1/00000,packages\outgame_navigator\0x083E3C50\png\b1_00000_872x960_bc7.png,872,960,2,18,previews\outgame_navigator\0x083E3C50_b1.png,projects\outgame_navigator\0x083E3C50\b1\composition.json,
outgame_navigator,0x083E3C50,b2,mapped,0x083E3C50/b2/00000,packages\outgame_navigator\0x083E3C50\png\b2_00000_872x960_bc7.png,872,960,2,18,previews\outgame_navigator\0x083E3C50_b2.png,projects\outgame_navigator\0x083E3C50\b2\composition.json,
outgame_navigator,0x083E3C50,b3,mapped,0x083E3C50/b3/00000,packages\outgame_navigator\0x083E3C50\png\b3_00000_872x960_bc7.png,872,960,2,18,previews\outgame_navigator\0x083E3C50_b3.png,projects\outgame_navigator\0x083E3C50\b3\composition.json,
combat_portrait,0x0AC461DE,g00,mapped,0x0AC461DE/g00/00001,packages\combat_portrait\0x0AC461DE\png\g00_00001_572x572_bc7.png,572,572,1,2,previews\combat_portrait\0x0AC461DE_g00.png,projects\combat_portrait\0x0AC461DE\g00\composition.json,
combat_portrait,0x0ACA87FC,g00,mapped,0x0ACA87FC/g00/00001,packages\combat_portrait\0x0ACA87FC\png\g00_00001_572x572_bc7.png,572,572,1,2,previews\combat_portrait\0x0ACA87FC_g00.png,projects\combat_portrait\0x0ACA87FC\g00\composition.json,
combat_portrait,0x0ADCA496,g00,mapped,0x0ADCA496/g00/00001,packages\combat_portrait\0x0ADCA496\png\g00_00001_572x572_bc7.png,572,572,1,2,previews\combat_portrait\0x0ADCA496_g00.png,projects\combat_portrait\0x0ADCA496\g00\composition.json,
outgame_navigator,0x0C0E3C6E,a1,mapped,0x0C0E3C6E/a1/00000,packages\outgame_navigator\0x0C0E3C6E\png\a1_00000_872x960_bc7.png,872,960,2,18,previews\outgame_navigator\0x0C0E3C6E_a1.png,projects\outgame_navigator\0x0C0E3C6E\a1\composition.json,
outgame_navigator,0x0C0E3C6E,a2,mapped,0x0C0E3C6E/a2/00000,packages\outgame_navigator\0x0C0E3C6E\png\a2_00000_872x960_bc7.png,872,960,2,18,previews\outgame_navigator\0x0C0E3C6E_a2.png,projects\outgame_navigator\0x0C0E3C6E\a2\composition.json,
outgame_navigator,0x0C0E3C6E,b1,mapped,0x0C0E3C6E/b1/00000,packages\outgame_navigator\0x0C0E3C6E\png\b1_00000_872x960_bc7.png,872,960,2,24,previews\outgame_navigator\0x0C0E3C6E_b1.png,projects\outgame_navigator\0x0C0E3C6E\b1\composition.json,
outgame_navigator,0x0C0E3C6E,b2,mapped,0x0C0E3C6E/b2/00000,packages\outgame_navigator\0x0C0E3C6E\png\b2_00000_872x960_bc7.png,872,960,2,24,previews\outgame_navigator\0x0C0E3C6E_b2.png,projects\outgame_navigator\0x0C0E3C6E\b2\composition.json,
outgame_navigator,0x0C0E3C6E,c1,mapped,0x0C0E3C6E/c1/00000,packages\outgame_navigator\0x0C0E3C6E\png\c1_00000_872x960_bc7.png,872,960,2,12,previews\outgame_navigator\0x0C0E3C6E_c1.png,projects\outgame_navigator\0x0C0E3C6E\c1\composition.json,
outgame_navigator,0x0C0E3C6E,c2,mapped,0x0C0E3C6E/c2/00000,packages\outgame_navigator\0x0C0E3C6E\png\c2_00000_872x960_bc7.png,872,960,2,12,previews\outgame_navigator\0x0C0E3C6E_c2.png,projects\outgame_navigator\0x0C0E3C6E\c2\composition.json,
outgame_navigator,0x0C0E3C6E,c3,mapped,0x0C0E3C6E/c3/00000,packages\outgame_navigator\0x0C0E3C6E\png\c3_00000_872x960_bc7.png,872,960,2,12,previews\outgame_navigator\0x0C0E3C6E_c3.png,projects\outgame_navigator\0x0C0E3C6E\c3\composition.json,
outgame_navigator,0x0C0E3C6E,d1,mapped,0x0C0E3C6E/d1/00000,packages\outgame_navigator\0x0C0E3C6E\png\d1_00000_872x960_bc7.png,872,960,2,12,previews\outgame_navigator\0x0C0E3C6E_d1.png,projects\outgame_navigator\0x0C0E3C6E\d1\composition.json,
outgame_navigator,0x0CF2ACC2,a1,mapped,0x0CF2ACC2/a1/00000,packages\outgame_navigator\0x0CF2ACC2\png\a1_00000_872x960_bc7.png,872,960,2,36,previews\outgame_navigator\0x0CF2ACC2_a1.png,projects\outgame_navigator\0x0CF2ACC2\a1\composition.json,
outgame_navigator,0x0CF2ACC2,a2,mapped,0x0CF2ACC2/a2/00000,packages\outgame_navigator\0x0CF2ACC2\png\a2_00000_872x960_bc7.png,872,960,2,36,previews\outgame_navigator\0x0CF2ACC2_a2.png,projects\outgame_navigator\0x0CF2ACC2\a2\composition.json,
outgame_navigator,0x0CF2ACC2,b1,mapped,0x0CF2ACC2/b1/00000,packages\outgame_navigator\0x0CF2ACC2\png\b1_00000_872x960_bc7.png,872,960,2,17,previews\outgame_navigator\0x0CF2ACC2_b1.png,projects\outgame_navigator\0x0CF2ACC2\b1\composition.json,
outgame_navigator,0x0CF2ACC2,b2,mapped,0x0CF2ACC2/b2/00000,packages\outgame_navigator\0x0CF2ACC2\png\b2_00000_872x960_bc7.png,872,960,2,17,previews\outgame_navigator\0x0CF2ACC2_b2.png,projects\outgame_navigator\0x0CF2ACC2\b2\composition.json,
outgame_navigator,0x0CF2ACC2,b3,mapped,0x0CF2ACC2/b3/00000,packages\outgame_navigator\0x0CF2ACC2\png\b3_00000_872x960_bc7.png,872,960,2,17,previews\outgame_navigator\0x0CF2ACC2_b3.png,projects\outgame_navigator\0x0CF2ACC2\b3\composition.json,
outgame_navigator,0x0CF2ACC2,b4,mapped,0x0CF2ACC2/b4/00000,packages\outgame_navigator\0x0CF2ACC2\png\b4_00000_872x960_bc7.png,872,960,2,17,previews\outgame_navigator\0x0CF2ACC2_b4.png,projects\outgame_navigator\0x0CF2ACC2\b4\composition.json,
outgame_navigator,0x0CF2ACC2,c1,mapped,0x0CF2ACC2/c1/00000,packages\outgame_navigator\0x0CF2ACC2\png\c1_00000_872x960_bc7.png,872,960,2,35,previews\outgame_navigator\0x0CF2ACC2_c1.png,projects\outgame_navigator\0x0CF2ACC2\c1\composition.json,
outgame_navigator,0x0CF2ACC2,c2,mapped,0x0CF2ACC2/c2/00000,packages\outgame_navigator\0x0CF2ACC2\png\c2_00000_872x960_bc7.png,872,960,2,35,previews\outgame_navigator\0x0CF2ACC2_c2.png,projects\outgame_navigator\0x0CF2ACC2\c2\composition.json,
outgame_navigator,0x0CF2ACC2,d1,mapped,0x0CF2ACC2/d1/00000,packages\outgame_navigator\0x0CF2ACC2\png\d1_00000_872x960_bc7.png,872,960,2,13,previews\outgame_navigator\0x0CF2ACC2_d1.png,projects\outgame_navigator\0x0CF2ACC2\d1\composition.json,
outgame_navigator,0x0CF2ACC2,e1,mapped,0x0CF2ACC2/e1/00000,packages\outgame_navigator\0x0CF2ACC2\png\e1_00000_872x960_bc7.png,872,960,2,4,previews\outgame_navigator\0x0CF2ACC2_e1.png,projects\outgame_navigator\0x0CF2ACC2\e1\composition.json,
outgame_navigator,0x0CF2ACC2,f1,mapped,0x0CF2ACC2/f1/00000,packages\outgame_navigator\0x0CF2ACC2\png\f1_00000_872x960_bc7.png,872,960,2,10,previews\outgame_navigator\0x0CF2ACC2_f1.png,projects\outgame_navigator\0x0CF2ACC2\f1\composition.json,
combat_portrait,0x0D830B14,g00,mapped,0x0D830B14/g00/00001,packages\combat_portrait\0x0D830B14\png\g00_00001_572x572_bc7.png,572,572,1,2,previews\combat_portrait\0x0D830B14_g00.png,projects\combat_portrait\0x0D830B14\g00\composition.json,
outgame_navigator,0x0DB11C6B,a1,mapped,0x0DB11C6B/a1/00000,packages\outgame_navigator\0x0DB11C6B\png\a1_00000_872x960_bc7.png,872,960,2,22,previews\outgame_navigator\0x0DB11C6B_a1.png,projects\outgame_navigator\0x0DB11C6B\a1\composition.json,
outgame_navigator,0x0DB11C6B,a2,mapped,0x0DB11C6B/a2/00000,packages\outgame_navigator\0x0DB11C6B\png\a2_00000_872x960_bc7.png,872,960,2,22,previews\outgame_navigator\0x0DB11C6B_a2.png,projects\outgame_navigator\0x0DB11C6B\a2\composition.json,
outgame_navigator,0x0DB11C6B,a3,mapped,0x0DB11C6B/a3/00000,packages\outgame_navigator\0x0DB11C6B\png\a3_00000_872x960_bc7.png,872,960,2,22,previews\outgame_navigator\0x0DB11C6B_a3.png,projects\outgame_navigator\0x0DB11C6B\a3\composition.json,
outgame_navigator,0x0DB11C6B,b1,mapped,0x0DB11C6B/b1/00000,packages\outgame_navigator\0x0DB11C6B\png\b1_00000_872x960_bc7.png,872,960,2,20,previews\outgame_navigator\0x0DB11C6B_b1.png,projects\outgame_navigator\0x0DB11C6B\b1\composition.json,
outgame_navigator,0x0DB11C6B,b2,mapped,0x0DB11C6B/b2/00000,packages\outgame_navigator\0x0DB11C6B\png\b2_00000_872x960_bc7.png,872,960,2,20,previews\outgame_navigator\0x0DB11C6B_b2.png,projects\outgame_navigator\0x0DB11C6B\b2\composition.json,
outgame_navigator,0x0DB11C6B,b3,mapped,0x0DB11C6B/b3/00000,packages\outgame_navigator\0x0DB11C6B\png\b3_00000_872x960_bc7.png,872,960,2,20,previews\outgame_navigator\0x0DB11C6B_b3.png,projects\outgame_navigator\0x0DB11C6B\b3\composition.json,
outgame_navigator,0x0DB11C6B,c1,mapped,0x0DB11C6B/c1/00000,packages\outgame_navigator\0x0DB11C6B\png\c1_00000_872x960_bc7.png,872,960,2,6,previews\outgame_navigator\0x0DB11C6B_c1.png,projects\outgame_navigator\0x0DB11C6B\c1\composition.json,
outgame_navigator,0x0DB11C6B,d1,mapped,0x0DB11C6B/d1/00000,packages\outgame_navigator\0x0DB11C6B\png\d1_00000_872x960_bc7.png,872,960,2,6,previews\outgame_navigator\0x0DB11C6B_d1.png,projects\outgame_navigator\0x0DB11C6B\d1\composition.json,
outgame_navigator,0x0DB11C6B,e1,mapped,0x0DB11C6B/e1/00000,packages\outgame_navigator\0x0DB11C6B\png\e1_00000_872x960_bc7.png,872,960,2,6,previews\outgame_navigator\0x0DB11C6B_e1.png,projects\outgame_navigator\0x0DB11C6B\e1\composition.json,
combat_portrait,0x0E16EC0D,g00,mapped,0x0E16EC0D/g00/00001,packages\combat_portrait\0x0E16EC0D\png\g00_00001_572x572_bc7.png,572,572,1,2,previews\combat_portrait\0x0E16EC0D_g00.png,projects\combat_portrait\0x0E16EC0D\g00\composition.json,
combat_portrait,0x0E279289,g00,mapped,0x0E279289/g00/00001,packages\combat_portrait\0x0E279289\png\g00_00001_572x572_bc7.png,572,572,1,2,previews\combat_portrait\0x0E279289_g00.png,projects\combat_portrait\0x0E279289\g00\composition.json,
combat_portrait,0x0E2974AB,g00,mapped,0x0E2974AB/g00/00001,packages\combat_portrait\0x0E2974AB\png\g00_00001_572x572_bc7.png,572,572,1,2,previews\combat_portrait\0x0E2974AB_g00.png,projects\combat_portrait\0x0E2974AB\g00\composition.json,
combat_portrait,0x0E31B1E3,g00,mapped,0x0E31B1E3/g00/00001,packages\combat_portrait\0x0E31B1E3\png\g00_00001_572x572_bc7.png,572,572,1,2,previews\combat_portrait\0x0E31B1E3_g00.png,projects\combat_portrait\0x0E31B1E3\g00\composition.json,
outgame_navigator,0x0EAB55F3,a1,mapped,0x0EAB55F3/a1/00000,packages\outgame_navigator\0x0EAB55F3\png\a1_00000_872x960_bc7.png,872,960,2,24,previews\outgame_navigator\0x0EAB55F3_a1.png,projects\outgame_navigator\0x0EAB55F3\a1\composition.json,
outgame_navigator,0x0EAB55F3,a2,mapped,0x0EAB55F3/a2/00000,packages\outgame_navigator\0x0EAB55F3\png\a2_00000_872x960_bc7.png,872,960,2,24,previews\outgame_navigator\0x0EAB55F3_a2.png,projects\outgame_navigator\0x0EAB55F3\a2\composition.json,
outgame_navigator,0x0EAB55F3,a3,mapped,0x0EAB55F3/a3/00000,packages\outgame_navigator\0x0EAB55F3\png\a3_00000_872x960_bc7.png,872,960,2,24,previews\outgame_navigator\0x0EAB55F3_a3.png,projects\outgame_navigator\0x0EAB55F3\a3\composition.json,
outgame_navigator,0x0EAB55F3,b1,mapped,0x0EAB55F3/b1/00000,packages\outgame_navigator\0x0EAB55F3\png\b1_00000_872x960_bc7.png,872,960,2,18,previews\outgame_navigator\0x0EAB55F3_b1.png,projects\outgame_navigator\0x0EAB55F3\b1\composition.json,
outgame_navigator,0x0EAB55F3,b2,mapped,0x0EAB55F3/b2/00000,packages\outgame_navigator\0x0EAB55F3\png\b2_00000_872x960_bc7.png,872,960,2,18,previews\outgame_navigator\0x0EAB55F3_b2.png,projects\outgame_navigator\0x0EAB55F3\b2\composition.json,
outgame_navigator,0x0EAB55F3,b3,mapped,0x0EAB55F3/b3/00000,packages\outgame_navigator\0x0EAB55F3\png\b3_00000_872x960_bc7.png,872,960,2,18,previews\outgame_navigator\0x0EAB55F3_b3.png,projects\outgame_navigator\0x0EAB55F3\b3\composition.json,
outgame_navigator,0x0EAB55F3,c1,mapped,0x0EAB55F3/c1/00000,packages\outgame_navigator\0x0EAB55F3\png\c1_00000_872x960_bc7.png,872,960,2,12,previews\outgame_navigator\0x0EAB55F3_c1.png,projects\outgame_navigator\0x0EAB55F3\c1\composition.json,
outgame_navigator,0x0EAB55F3,c2,mapped,0x0EAB55F3/c2/00000,packages\outgame_navigator\0x0EAB55F3\png\c2_00000_872x960_bc7.png,872,960,2,12,previews\outgame_navigator\0x0EAB55F3_c2.png,projects\outgame_navigator\0x0EAB55F3\c2\composition.json,
outgame_navigator,0x0EE6F06F,a1,mapped,0x0EE6F06F/a1/00000,packages\outgame_navigator\0x0EE6F06F\png\a1_00000_872x960_bc7.png,872,960,2,15,previews\outgame_navigator\0x0EE6F06F_a1.png,projects\outgame_navigator\0x0EE6F06F\a1\composition.json,
outgame_navigator,0x0EE6F06F,a2,mapped,0x0EE6F06F/a2/00000,packages\outgame_navigator\0x0EE6F06F\png\a2_00000_872x960_bc7.png,872,960,2,15,previews\outgame_navigator\0x0EE6F06F_a2.png,projects\outgame_navigator\0x0EE6F06F\a2\composition.json,
outgame_navigator,0x0EE6F06F,b1,mapped,0x0EE6F06F/b1/00000,packages\outgame_navigator\0x0EE6F06F\png\b1_00000_872x960_bc7.png,872,960,2,15,previews\outgame_navigator\0x0EE6F06F_b1.png,projects\outgame_navigator\0x0EE6F06F\b1\composition.json,
outgame_navigator,0x0EE6F06F,b2,mapped,0x0EE6F06F/b2/00000,packages\outgame_navigator\0x0EE6F06F\png\b2_00000_872x960_bc7.png,872,960,2,15,previews\outgame_navigator\0x0EE6F06F_b2.png,projects\outgame_navigator\0x0EE6F06F\b2\composition.json,
outgame_navigator,0x0EE6F06F,c1,mapped,0x0EE6F06F/c1/00000,packages\outgame_navigator\0x0EE6F06F\png\c1_00000_872x960_bc7.png,872,960,2,18,previews\outgame_navigator\0x0EE6F06F_c1.png,projects\outgame_navigator\0x0EE6F06F\c1\composition.json,
outgame_navigator,0x0EE6F06F,c2,mapped,0x0EE6F06F/c2/00000,packages\outgame_navigator\0x0EE6F06F\png\c2_00000_872x960_bc7.png,872,960,2,18,previews\outgame_navigator\0x0EE6F06F_c2.png,projects\outgame_navigator\0x0EE6F06F\c2\composition.json,
combat_portrait,0x0F06FCA2,g00,mapped,0x0F06FCA2/g00/00001,packages\combat_portrait\0x0F06FCA2\png\g00_00001_572x572_bc7.png,572,572,1,2,previews\combat_portrait\0x0F06FCA2_g00.png,projects\combat_portrait\0x0F06FCA2\g00\composition.json,
combat_portrait,0x0F24A840,g00,mapped,0x0F24A840/g00/00001,packages\combat_portrait\0x0F24A840\png\g00_00001_572x572_bc7.png,572,572,1,2,previews\combat_portrait\0x0F24A840_g00.png,projects\combat_portrait\0x0F24A840\g00\composition.json,
ingame_navigator,0x0FB890D3,a1,mapped,0x0FB890D3/a1/00000,packages\ingame_navigator\0x0FB890D3\png\a1_00000_260x180_bc7.png,260,180,2,24,previews\ingame_navigator\0x0FB890D3_a1.png,projects\ingame_navigator\0x0FB890D3\a1\composition.json,
outgame_navigator,0x0FBB6F8E,a1,mapped,0x0FBB6F8E/a1/00000,packages\outgame_navigator\0x0FBB6F8E\png\a1_00000_872x960_bc7.png,872,960,2,36,previews\outgame_navigator\0x0FBB6F8E_a1.png,projects\outgame_navigator\0x0FBB6F8E\a1\composition.json,
outgame_navigator,0x0FBB6F8E,a2,mapped,0x0FBB6F8E/a2/00000,packages\outgame_navigator\0x0FBB6F8E\png\a2_00000_872x960_bc7.png,872,960,2,36,previews\outgame_navigator\0x0FBB6F8E_a2.png,projects\outgame_navigator\0x0FBB6F8E\a2\composition.json,
outgame_navigator,0x0FBB6F8E,a3,mapped,0x0FBB6F8E/a3/00000,packages\outgame_navigator\0x0FBB6F8E\png\a3_00000_872x960_bc7.png,872,960,2,36,previews\outgame_navigator\0x0FBB6F8E_a3.png,projects\outgame_navigator\0x0FBB6F8E\a3\composition.json,
outgame_navigator,0x0FBB6F8E,b1,mapped,0x0FBB6F8E/b1/00000,packages\outgame_navigator\0x0FBB6F8E\png\b1_00000_872x960_bc7.png,872,960,2,24,previews\outgame_navigator\0x0FBB6F8E_b1.png,projects\outgame_navigator\0x0FBB6F8E\b1\composition.json,
outgame_navigator,0x0FBB6F8E,b2,mapped,0x0FBB6F8E/b2/00000,packages\outgame_navigator\0x0FBB6F8E\png\b2_00000_872x960_bc7.png,872,960,2,24,previews\outgame_navigator\0x0FBB6F8E_b2.png,projects\outgame_navigator\0x0FBB6F8E\b2\composition.json,
outgame_navigator,0x0FBB6F8E,c1,mapped,0x0FBB6F8E/c1/00000,packages\outgame_navigator\0x0FBB6F8E\png\c1_00000_872x960_bc7.png,872,960,2,18,previews\outgame_navigator\0x0FBB6F8E_c1.png,projects\outgame_navigator\0x0FBB6F8E\c1\composition.json,
outgame_navigator,0x0FBB6F8E,c2,mapped,0x0FBB6F8E/c2/00000,packages\outgame_navigator\0x0FBB6F8E\png\c2_00000_872x960_bc7.png,872,960,2,18,previews\outgame_navigator\0x0FBB6F8E_c2.png,projects\outgame_navigator\0x0FBB6F8E\c2\composition.json,
outgame_navigator,0x0FBB6F8E,c3,mapped,0x0FBB6F8E/c3/00000,packages\outgame_navigator\0x0FBB6F8E\png\c3_00000_872x960_bc7.png,872,960,2,18,previews\outgame_navigator\0x0FBB6F8E_c3.png,projects\outgame_navigator\0x0FBB6F8E\c3\composition.json,
outgame_navigator,0x0FBB6F8E,d1,mapped,0x0FBB6F8E/d1/00000,packages\outgame_navigator\0x0FBB6F8E\png\d1_00000_872x960_bc7.png,872,960,2,18,previews\outgame_navigator\0x0FBB6F8E_d1.png,projects\outgame_navigator\0x0FBB6F8E\d1\composition.json,
outgame_navigator,0x0FBB6F8E,d2,mapped,0x0FBB6F8E/d2/00000,packages\outgame_navigator\0x0FBB6F8E\png\d2_00000_872x960_bc7.png,872,960,2,18,previews\outgame_navigator\0x0FBB6F8E_d2.png,projects\outgame_navigator\0x0FBB6F8E\d2\composition.json,
outgame_navigator,0x0FBB6F8E,d3,mapped,0x0FBB6F8E/d3/00000,packages\outgame_navigator\0x0FBB6F8E\png\d3_00000_872x960_bc7.png,872,960,2,18,previews\outgame_navigator\0x0FBB6F8E_d3.png,projects\outgame_navigator\0x0FBB6F8E\d3\composition.json,
combat_portrait,0x10908F4A,g00,mapped,0x10908F4A/g00/00001,packages\combat_portrait\0x10908F4A\png\g00_00001_572x572_bc7.png,572,572,1,2,previews\combat_portrait\0x10908F4A_g00.png,projects\combat_portrait\0x10908F4A\g00\composition.json,
combat_portrait,0x10A105DA,g00,mapped,0x10A105DA/g00/00001,packages\combat_portrait\0x10A105DA\png\g00_00001_572x572_bc7.png,572,572,1,2,previews\combat_portrait\0x10A105DA_g00.png,projects\combat_portrait\0x10A105DA\g00\composition.json,
combat_portrait,0x10B726B0,g00,mapped,0x10B726B0/g00/00001,packages\combat_portrait\0x10B726B0\png\g00_00001_572x572_bc7.png,572,572,2,4,previews\combat_portrait\0x10B726B0_g00.png,projects\combat_portrait\0x10B726B0\g00\composition.json,
combat_portrait,0x10B9C092,g00,mapped,0x10B9C092/g00/00001,packages\combat_portrait\0x10B9C092\png\g00_00001_572x572_bc7.png,572,572,1,2,previews\combat_portrait\0x10B9C092_g00.png,projects\combat_portrait\0x10B9C092\g00\composition.json,
combat_portrait,0x1196489B,g00,mapped,0x1196489B/g00/00001,packages\combat_portrait\0x1196489B\png\g00_00001_572x572_bc7.png,572,572,1,2,previews\combat_portrait\0x1196489B_g00.png,projects\combat_portrait\0x1196489B\g00\composition.json,
combat_portrait,0x11A23F13,g00,mapped,0x11A23F13/g00/00001,packages\combat_portrait\0x11A23F13\png\g00_00001_572x572_bc7.png,572,572,1,2,previews\combat_portrait\0x11A23F13_g00.png,projects\combat_portrait\0x11A23F13\g00\composition.json,
combat_portrait,0x11B41C79,g00,mapped,0x11B41C79/g00/00001,packages\combat_portrait\0x11B41C79\png\g00_00001_572x572_bc7.png,572,572,1,2,previews\combat_portrait\0x11B41C79_g00.png,projects\combat_portrait\0x11B41C79\g00\composition.json,
combat_portrait,0x121E63C6,g00,mapped,0x121E63C6/g00/00001,packages\combat_portrait\0x121E63C6\png\g00_00001_572x572_bc7.png,572,572,1,2,previews\combat_portrait\0x121E63C6_g00.png,projects\combat_portrait\0x121E63C6\g00\composition.json,
combat_portrait,0x132CD39F,g00,mapped,0x132CD39F/g00/00001,packages\combat_portrait\0x132CD39F\png\g00_00001_572x572_bc7.png,572,572,1,2,previews\combat_portrait\0x132CD39F_g00.png,projects\combat_portrait\0x132CD39F\g00\composition.json,
combat_portrait,0x133416D7,g00,mapped,0x133416D7/g00/00001,packages\combat_portrait\0x133416D7\png\g00_00001_572x572_bc7.png,572,572,1,2,previews\combat_portrait\0x133416D7_g00.png,projects\combat_portrait\0x133416D7\g00\composition.json,
outgame_navigator,0x13EFEA48,a1,mapped,0x13EFEA48/a1/00000,packages\outgame_navigator\0x13EFEA48\png\a1_00000_872x960_bc7.png,872,960,2,18,previews\outgame_navigator\0x13EFEA48_a1.png,projects\outgame_navigator\0x13EFEA48\a1\composition.json,
outgame_navigator,0x13EFEA48,a2,mapped,0x13EFEA48/a2/00000,packages\outgame_navigator\0x13EFEA48\png\a2_00000_872x960_bc7.png,872,960,2,18,previews\outgame_navigator\0x13EFEA48_a2.png,projects\outgame_navigator\0x13EFEA48\a2\composition.json,
outgame_navigator,0x13EFEA48,b1,mapped,0x13EFEA48/b1/00000,packages\outgame_navigator\0x13EFEA48\png\b1_00000_872x960_bc7.png,872,960,2,12,previews\outgame_navigator\0x13EFEA48_b1.png,projects\outgame_navigator\0x13EFEA48\b1\composition.json,
outgame_navigator,0x13EFEA48,b2,mapped,0x13EFEA48/b2/00000,packages\outgame_navigator\0x13EFEA48\png\b2_00000_872x960_bc7.png,872,960,2,12,previews\outgame_navigator\0x13EFEA48_b2.png,projects\outgame_navigator\0x13EFEA48\b2\composition.json,
outgame_navigator,0x13EFEA48,c1,mapped,0x13EFEA48/c1/00000,packages\outgame_navigator\0x13EFEA48\png\c1_00000_872x960_bc7.png,872,960,2,9,previews\outgame_navigator\0x13EFEA48_c1.png,projects\outgame_navigator\0x13EFEA48\c1\composition.json,
outgame_navigator,0x13EFEA48,c2,mapped,0x13EFEA48/c2/00000,packages\outgame_navigator\0x13EFEA48\png\c2_00000_872x960_bc7.png,872,960,2,9,previews\outgame_navigator\0x13EFEA48_c2.png,projects\outgame_navigator\0x13EFEA48\c2\composition.json,
outgame_navigator,0x13EFEA48,d1,mapped,0x13EFEA48/d1/00000,packages\outgame_navigator\0x13EFEA48\png\d1_00000_872x960_bc7.png,872,960,2,6,previews\outgame_navigator\0x13EFEA48_d1.png,projects\outgame_navigator\0x13EFEA48\d1\composition.json,
combat_portrait,0x1454D5E7,g00,mapped_with_warning,0x1454D5E7/g00/00001,packages\combat_portrait\0x1454D5E7\png\g00_00001_572x572_bc7.png,572,572,1,2,previews\combat_portrait\0x1454D5E7_g00.png,projects\combat_portrait\0x1454D5E7\g00\composition.json,mouth stable-border RMSE is high: 70.31
combat_portrait,0x146BB955,g00,mapped,0x146BB955/g00/00001,packages\combat_portrait\0x146BB955\png\g00_00001_572x572_bc7.png,572,572,1,2,previews\combat_portrait\0x146BB955_g00.png,projects\combat_portrait\0x146BB955\g00\composition.json,
combat_portrait,0x1568839C,g00,mapped,0x1568839C/g00/00001,packages\combat_portrait\0x1568839C\png\g00_00001_572x572_bc7.png,572,572,1,2,previews\combat_portrait\0x1568839C_g00.png,projects\combat_portrait\0x1568839C\g00\composition.json,
combat_portrait,0x18515A21,g00,mapped,0x18515A21/g00/00001,packages\combat_portrait\0x18515A21\png\g00_00001_572x572_bc7.png,572,572,1,4,previews\combat_portrait\0x18515A21_g00.png,projects\combat_portrait\0x18515A21\g00\composition.json,
combat_portrait,0x186E3693,g00,mapped,0x186E3693/g00/00001,packages\combat_portrait\0x186E3693\png\g00_00001_572x572_bc7.png,572,572,1,2,previews\combat_portrait\0x186E3693_g00.png,projects\combat_portrait\0x186E3693\g00\composition.json,
combat_portrait,0x1876F3DB,g00,mapped,0x1876F3DB/g00/00001,packages\combat_portrait\0x1876F3DB\png\g00_00001_572x572_bc7.png,572,572,1,2,previews\combat_portrait\0x1876F3DB_g00.png,projects\combat_portrait\0x1876F3DB\g00\composition.json,
combat_portrait,0x187815F9,g00,mapped,0x187815F9/g00/00001,packages\combat_portrait\0x187815F9\png\g00_00001_572x572_bc7.png,572,572,1,2,previews\combat_portrait\0x187815F9_g00.png,projects\combat_portrait\0x187815F9\g00\composition.json,
ingame_navigator,0x19257BBF,a1,mapped,0x19257BBF/a1/00000,packages\ingame_navigator\0x19257BBF\png\a1_00000_260x180_bc7.png,260,180,1,2,previews\ingame_navigator\0x19257BBF_a1.png,projects\ingame_navigator\0x19257BBF\a1\composition.json,
ingame_navigator,0x1946554A,a1,mapped,0x1946554A/a1/00000,packages\ingame_navigator\0x1946554A\png\a1_00000_260x180_bc7.png,260,180,2,21,previews\ingame_navigator\0x1946554A_a1.png,projects\ingame_navigator\0x1946554A\a1\composition.json,
combat_portrait,0x194F58B8,g00,mapped,0x194F58B8/g00/00001,packages\combat_portrait\0x194F58B8\png\g00_00001_572x572_bc7.png,572,572,1,2,previews\combat_portrait\0x194F58B8_g00.png,projects\combat_portrait\0x194F58B8\g00\composition.json,
combat_portrait,0x195260E8,g00,mapped,0x195260E8/g00/00001,packages\combat_portrait\0x195260E8\png\g00_00001_572x572_bc7.png,572,572,1,2,previews\combat_portrait\0x195260E8_g00.png,projects\combat_portrait\0x195260E8\g00\composition.json,
combat_portrait,0x196DF84E,g00,mapped,0x196DF84E/g00/00001,packages\combat_portrait\0x196DF84E\png\g00_00001_572x572_bc7.png,572,572,1,2,previews\combat_portrait\0x196DF84E_g00.png,projects\combat_portrait\0x196DF84E\g00\composition.json,
combat_portrait,0x1AD4AD97,g00,mapped,0x1AD4AD97/g00/00001,packages\combat_portrait\0x1AD4AD97\png\g00_00001_572x572_bc7.png,572,572,1,2,previews\combat_portrait\0x1AD4AD97_g00.png,projects\combat_portrait\0x1AD4AD97\g00\composition.json,
ingame_navigator,0x1B2BAC96,a1,mapped,0x1B2BAC96/a1/00000,packages\ingame_navigator\0x1B2BAC96\png\a1_00000_260x180_bc7.png,260,180,2,21,previews\ingame_navigator\0x1B2BAC96_a1.png,projects\ingame_navigator\0x1B2BAC96\a1\composition.json,
outgame_navigator,0x1D34627A,a1,mapped,0x1D34627A/a1/00000,packages\outgame_navigator\0x1D34627A\png\a1_00000_872x960_bc7.png,872,960,2,18,previews\outgame_navigator\0x1D34627A_a1.png,projects\outgame_navigator\0x1D34627A\a1\composition.json,
outgame_navigator,0x1D34627A,a2,mapped,0x1D34627A/a2/00000,packages\outgame_navigator\0x1D34627A\png\a2_00000_872x960_bc7.png,872,960,2,18,previews\outgame_navigator\0x1D34627A_a2.png,projects\outgame_navigator\0x1D34627A\a2\composition.json,
outgame_navigator,0x1D34627A,b1,mapped,0x1D34627A/b1/00000,packages\outgame_navigator\0x1D34627A\png\b1_00000_872x960_bc7.png,872,960,2,12,previews\outgame_navigator\0x1D34627A_b1.png,projects\outgame_navigator\0x1D34627A\b1\composition.json,
outgame_navigator,0x1D34627A,b2,mapped,0x1D34627A/b2/00000,packages\outgame_navigator\0x1D34627A\png\b2_00000_872x960_bc7.png,872,960,2,12,previews\outgame_navigator\0x1D34627A_b2.png,projects\outgame_navigator\0x1D34627A\b2\composition.json,
outgame_navigator,0x1D34627A,c1,mapped,0x1D34627A/c1/00000,packages\outgame_navigator\0x1D34627A\png\c1_00000_872x960_bc7.png,872,960,2,9,previews\outgame_navigator\0x1D34627A_c1.png,projects\outgame_navigator\0x1D34627A\c1\composition.json,
outgame_navigator,0x1D34627A,c2,mapped,0x1D34627A/c2/00000,packages\outgame_navigator\0x1D34627A\png\c2_00000_872x960_bc7.png,872,960,2,9,previews\outgame_navigator\0x1D34627A_c2.png,projects\outgame_navigator\0x1D34627A\c2\composition.json,
outgame_navigator,0x1D34627A,d1,mapped,0x1D34627A/d1/00000,packages\outgame_navigator\0x1D34627A\png\d1_00000_872x960_bc7.png,872,960,2,6,previews\outgame_navigator\0x1D34627A_d1.png,projects\outgame_navigator\0x1D34627A\d1\composition.json,
combat_portrait,0x1D80ED3B,g00,mapped,0x1D80ED3B/g00/00001,packages\combat_portrait\0x1D80ED3B\png\g00_00001_572x572_bc7.png,572,572,1,2,previews\combat_portrait\0x1D80ED3B_g00.png,projects\combat_portrait\0x1D80ED3B\g00\composition.json,
combat_portrait,0x1DA7B0D5,g00,mapped,0x1DA7B0D5/g00/00001,packages\combat_portrait\0x1DA7B0D5\png\g00_00001_572x572_bc7.png,572,572,1,2,previews\combat_portrait\0x1DA7B0D5_g00.png,projects\combat_portrait\0x1DA7B0D5\g00\composition.json,
combat_portrait,0x1DB193BF,g00,mapped,0x1DB193BF/g00/00001,packages\combat_portrait\0x1DB193BF\png\g00_00001_572x572_bc7.png,572,572,1,2,previews\combat_portrait\0x1DB193BF_g00.png,projects\combat_portrait\0x1DB193BF\g00\composition.json,
combat_portrait,0x1E03628E,g00,mapped,0x1E03628E/g00/00001,packages\combat_portrait\0x1E03628E\png\g00_00001_572x572_bc7.png,572,572,1,2,previews\combat_portrait\0x1E03628E_g00.png,projects\combat_portrait\0x1E03628E\g00\composition.json,
combat_portrait,0x20E0C48B,g00,mapped,0x20E0C48B/g00/00001,packages\combat_portrait\0x20E0C48B\png\g00_00001_572x572_bc7.png,572,572,1,2,previews\combat_portrait\0x20E0C48B_g00.png,projects\combat_portrait\0x20E0C48B\g00\composition.json,
ingame_navigator,0x22249A4E,a1,mapped,0x22249A4E/a1/00000,packages\ingame_navigator\0x22249A4E\png\a1_00000_260x180_bc7.png,260,180,2,13,previews\ingame_navigator\0x22249A4E_a1.png,projects\ingame_navigator\0x22249A4E\a1\composition.json,
ingame_navigator,0x23BE2870,a1,mapped,0x23BE2870/a1/00000,packages\ingame_navigator\0x23BE2870\png\a1_00000_260x180_bc7.png,260,180,2,9,previews\ingame_navigator\0x23BE2870_a1.png,projects\ingame_navigator\0x23BE2870\a1\composition.json,
combat_portrait,0x2403C3C8,g00,mapped,0x2403C3C8/g00/00001,packages\combat_portrait\0x2403C3C8\png\g00_00001_572x572_bc7.png,572,572,1,2,previews\combat_portrait\0x2403C3C8_g00.png,projects\combat_portrait\0x2403C3C8\g00\composition.json,
combat_portrait,0x242A8C10,g00,mapped,0x242A8C10/g00/00001,packages\combat_portrait\0x242A8C10\png\g00_00001_572x572_bc7.png,572,572,1,2,previews\combat_portrait\0x242A8C10_g00.png,projects\combat_portrait\0x242A8C10\g00\composition.json,
combat_portrait,0x242F7108,g00,mapped,0x242F7108/g00/00001,packages\combat_portrait\0x242F7108\png\g00_00001_572x572_bc7.png,572,572,1,2,previews\combat_portrait\0x242F7108_g00.png,projects\combat_portrait\0x242F7108\g00\composition.json,
combat_portrait,0x24324958,g00,mapped,0x24324958/g00/00001,packages\combat_portrait\0x24324958\png\g00_00001_572x572_bc7.png,572,572,1,2,previews\combat_portrait\0x24324958_g00.png,projects\combat_portrait\0x24324958\g00\composition.json,
outgame_navigator,0x24A4415A,a1,mapped,0x24A4415A/a1/00000,packages\outgame_navigator\0x24A4415A\png\a1_00000_872x960_bc7.png,872,960,2,6,previews\outgame_navigator\0x24A4415A_a1.png,projects\outgame_navigator\0x24A4415A\a1\composition.json,
outgame_navigator,0x24A4415A,b1,mapped,0x24A4415A/b1/00000,packages\outgame_navigator\0x24A4415A\png\b1_00000_872x960_bc7.png,872,960,2,6,previews\outgame_navigator\0x24A4415A_b1.png,projects\outgame_navigator\0x24A4415A\b1\composition.json,
combat_portrait,0x2516DA6B,g00,mapped,0x2516DA6B/g00/00001,packages\combat_portrait\0x2516DA6B\png\g00_00001_572x572_bc7.png,572,572,1,2,previews\combat_portrait\0x2516DA6B_g00.png,projects\combat_portrait\0x2516DA6B\g00\composition.json,
combat_portrait,0x253A68AB,g00,mapped,0x253A68AB/g00/00001,packages\combat_portrait\0x253A68AB\png\g00_00001_572x572_bc7.png,572,572,1,2,previews\combat_portrait\0x253A68AB_g00.png,projects\combat_portrait\0x253A68AB\g00\composition.json,
outgame_navigator,0x253FF7C5,a1,mapped,0x253FF7C5/a1/00000,packages\outgame_navigator\0x253FF7C5\png\a1_00000_872x960_bc7.png,872,960,2,21,previews\outgame_navigator\0x253FF7C5_a1.png,projects\outgame_navigator\0x253FF7C5\a1\composition.json,
outgame_navigator,0x253FF7C5,a2,mapped,0x253FF7C5/a2/00000,packages\outgame_navigator\0x253FF7C5\png\a2_00000_872x960_bc7.png,872,960,2,21,previews\outgame_navigator\0x253FF7C5_a2.png,projects\outgame_navigator\0x253FF7C5\a2\composition.json,
outgame_navigator,0x253FF7C5,b1,mapped,0x253FF7C5/b1/00000,packages\outgame_navigator\0x253FF7C5\png\b1_00000_872x960_bc7.png,872,960,2,18,previews\outgame_navigator\0x253FF7C5_b1.png,projects\outgame_navigator\0x253FF7C5\b1\composition.json,
outgame_navigator,0x253FF7C5,b2,mapped,0x253FF7C5/b2/00000,packages\outgame_navigator\0x253FF7C5\png\b2_00000_872x960_bc7.png,872,960,2,18,previews\outgame_navigator\0x253FF7C5_b2.png,projects\outgame_navigator\0x253FF7C5\b2\composition.json,
outgame_navigator,0x26C3ED3A,a1,mapped,0x26C3ED3A/a1/00000,packages\outgame_navigator\0x26C3ED3A\png\a1_00000_872x960_bc7.png,872,960,2,18,previews\outgame_navigator\0x26C3ED3A_a1.png,projects\outgame_navigator\0x26C3ED3A\a1\composition.json,
outgame_navigator,0x26C3ED3A,a2,mapped,0x26C3ED3A/a2/00000,packages\outgame_navigator\0x26C3ED3A\png\a2_00000_872x960_bc7.png,872,960,2,18,previews\outgame_navigator\0x26C3ED3A_a2.png,projects\outgame_navigator\0x26C3ED3A\a2\composition.json,
outgame_navigator,0x26C3ED3A,b1,mapped,0x26C3ED3A/b1/00000,packages\outgame_navigator\0x26C3ED3A\png\b1_00000_872x960_bc7.png,872,960,2,12,previews\outgame_navigator\0x26C3ED3A_b1.png,projects\outgame_navigator\0x26C3ED3A\b1\composition.json,
outgame_navigator,0x26C3ED3A,b2,mapped,0x26C3ED3A/b2/00000,packages\outgame_navigator\0x26C3ED3A\png\b2_00000_872x960_bc7.png,872,960,2,12,previews\outgame_navigator\0x26C3ED3A_b2.png,projects\outgame_navigator\0x26C3ED3A\b2\composition.json,
outgame_navigator,0x26C3ED3A,c1,mapped,0x26C3ED3A/c1/00000,packages\outgame_navigator\0x26C3ED3A\png\c1_00000_872x960_bc7.png,872,960,2,12,previews\outgame_navigator\0x26C3ED3A_c1.png,projects\outgame_navigator\0x26C3ED3A\c1\composition.json,
outgame_navigator,0x26C3ED3A,c2,mapped,0x26C3ED3A/c2/00000,packages\outgame_navigator\0x26C3ED3A\png\c2_00000_872x960_bc7.png,872,960,2,12,previews\outgame_navigator\0x26C3ED3A_c2.png,projects\outgame_navigator\0x26C3ED3A\c2\composition.json,
outgame_navigator,0x26EFFE6A,a1,mapped,0x26EFFE6A/a1/00000,packages\outgame_navigator\0x26EFFE6A\png\a1_00000_872x960_bc7.png,872,960,2,21,previews\outgame_navigator\0x26EFFE6A_a1.png,projects\outgame_navigator\0x26EFFE6A\a1\composition.json,
outgame_navigator,0x26EFFE6A,a2,mapped,0x26EFFE6A/a2/00000,packages\outgame_navigator\0x26EFFE6A\png\a2_00000_872x960_bc7.png,872,960,2,21,previews\outgame_navigator\0x26EFFE6A_a2.png,projects\outgame_navigator\0x26EFFE6A\a2\composition.json,
outgame_navigator,0x26EFFE6A,b1,mapped,0x26EFFE6A/b1/00000,packages\outgame_navigator\0x26EFFE6A\png\b1_00000_872x960_bc7.png,872,960,2,12,previews\outgame_navigator\0x26EFFE6A_b1.png,projects\outgame_navigator\0x26EFFE6A\b1\composition.json,
outgame_navigator,0x26EFFE6A,b2,mapped,0x26EFFE6A/b2/00000,packages\outgame_navigator\0x26EFFE6A\png\b2_00000_872x960_bc7.png,872,960,2,12,previews\outgame_navigator\0x26EFFE6A_b2.png,projects\outgame_navigator\0x26EFFE6A\b2\composition.json,
outgame_navigator,0x26EFFE6A,c1,mapped,0x26EFFE6A/c1/00000,packages\outgame_navigator\0x26EFFE6A\png\c1_00000_872x960_bc7.png,872,960,2,12,previews\outgame_navigator\0x26EFFE6A_c1.png,projects\outgame_navigator\0x26EFFE6A\c1\composition.json,
outgame_navigator,0x26EFFE6A,c2,mapped,0x26EFFE6A/c2/00000,packages\outgame_navigator\0x26EFFE6A\png\c2_00000_872x960_bc7.png,872,960,2,12,previews\outgame_navigator\0x26EFFE6A_c2.png,projects\outgame_navigator\0x26EFFE6A\c2\composition.json,
outgame_navigator,0x26EFFE6A,d1,mapped,0x26EFFE6A/d1/00000,packages\outgame_navigator\0x26EFFE6A\png\d1_00000_872x960_bc7.png,872,960,2,12,previews\outgame_navigator\0x26EFFE6A_d1.png,projects\outgame_navigator\0x26EFFE6A\d1\composition.json,
outgame_navigator,0x26EFFE6A,d2,mapped,0x26EFFE6A/d2/00000,packages\outgame_navigator\0x26EFFE6A\png\d2_00000_872x960_bc7.png,872,960,2,12,previews\outgame_navigator\0x26EFFE6A_d2.png,projects\outgame_navigator\0x26EFFE6A\d2\composition.json,
combat_portrait,0x27B48427,g00,mapped,0x27B48427/g00/00001,packages\combat_portrait\0x27B48427\png\g00_00001_572x572_bc7.png,572,572,1,2,previews\combat_portrait\0x27B48427_g00.png,projects\combat_portrait\0x27B48427\g00\composition.json,
combat_portrait,0x2808AA2C,g00,mapped,0x2808AA2C/g00/00001,packages\combat_portrait\0x2808AA2C\png\g00_00001_572x572_bc7.png,572,572,1,2,previews\combat_portrait\0x2808AA2C_g00.png,projects\combat_portrait\0x2808AA2C\g00\composition.json,
combat_portrait,0x283920BC,g00,mapped,0x283920BC/g00/00001,packages\combat_portrait\0x283920BC\png\g00_00001_572x572_bc7.png,572,572,1,2,previews\combat_portrait\0x283920BC_g00.png,projects\combat_portrait\0x283920BC\g00\composition.json,
combat_portrait,0x290B90E5,g00,mapped,0x290B90E5/g00/00001,packages\combat_portrait\0x290B90E5\png\g00_00001_572x572_bc7.png,572,572,1,2,previews\combat_portrait\0x290B90E5_g00.png,projects\combat_portrait\0x290B90E5\g00\composition.json,
combat_portrait,0x291DB38F,g00,mapped,0x291DB38F/g00/00001,packages\combat_portrait\0x291DB38F\png\g00_00001_572x572_bc7.png,572,572,1,2,previews\combat_portrait\0x291DB38F_g00.png,projects\combat_portrait\0x291DB38F\g00\composition.json,
combat_portrait,0x2934FC57,g00,mapped,0x2934FC57/g00/00001,packages\combat_portrait\0x2934FC57\png\g00_00001_572x572_bc7.png,572,572,1,2,previews\combat_portrait\0x2934FC57_g00.png,projects\combat_portrait\0x2934FC57\g00\composition.json,
ingame_navigator,0x2C753EA9,a1,mapped,0x2C753EA9/a1/00000,packages\ingame_navigator\0x2C753EA9\png\a1_00000_260x180_bc7.png,260,180,2,16,previews\ingame_navigator\0x2C753EA9_a1.png,projects\ingame_navigator\0x2C753EA9\a1\composition.json,
combat_portrait,0x2CC216A3,g00,mapped,0x2CC216A3/g00/00001,packages\combat_portrait\0x2CC216A3\png\g00_00001_572x572_bc7.png,572,572,1,2,previews\combat_portrait\0x2CC216A3_g00.png,projects\combat_portrait\0x2CC216A3\g00\composition.json,
combat_portrait,0x2DC12C6A,g00,mapped,0x2DC12C6A/g00/00001,packages\combat_portrait\0x2DC12C6A\png\g00_00001_572x572_bc7.png,572,572,1,2,previews\combat_portrait\0x2DC12C6A_g00.png,projects\combat_portrait\0x2DC12C6A\g00\composition.json,
combat_portrait,0x2DD70F00,g00,mapped,0x2DD70F00/g00/00001,packages\combat_portrait\0x2DD70F00\png\g00_00001_572x572_bc7.png,572,572,1,2,previews\combat_portrait\0x2DD70F00_g00.png,projects\combat_portrait\0x2DD70F00\g00\composition.json,
combat_portrait,0x2DD9E922,g00,mapped,0x2DD9E922/g00/00001,packages\combat_portrait\0x2DD9E922\png\g00_00001_572x572_bc7.png,572,572,1,2,previews\combat_portrait\0x2DD9E922_g00.png,projects\combat_portrait\0x2DD9E922\g00\composition.json,
combat_portrait,0x2DE863B2,g00,mapped,0x2DE863B2/g00/00001,packages\combat_portrait\0x2DE863B2\png\g00_00001_572x572_bc7.png,572,572,1,2,previews\combat_portrait\0x2DE863B2_g00.png,projects\combat_portrait\0x2DE863B2\g00\composition.json,
ingame_navigator,0x2E40F5C0,a1,mapped,0x2E40F5C0/a1/00000,packages\ingame_navigator\0x2E40F5C0\png\a1_00000_260x180_bc7.png,260,180,2,18,previews\ingame_navigator\0x2E40F5C0_a1.png,projects\ingame_navigator\0x2E40F5C0\a1\composition.json,
combat_portrait,0x2E85D6E7,g00,mapped,0x2E85D6E7/g00/00001,packages\combat_portrait\0x2E85D6E7\png\g00_00001_572x572_bc7.png,572,572,1,2,previews\combat_portrait\0x2E85D6E7_g00.png,projects\combat_portrait\0x2E85D6E7\g00\composition.json,
ingame_navigator,0x2FEFF852,a1,mapped,0x2FEFF852/a1/00000,packages\ingame_navigator\0x2FEFF852\png\a1_00000_260x180_bc7.png,260,180,2,16,previews\ingame_navigator\0x2FEFF852_a1.png,projects\ingame_navigator\0x2FEFF852\a1\composition.json,
combat_portrait,0x30E322A4,g00,mapped,0x30E322A4/g00/00001,packages\combat_portrait\0x30E322A4\png\g00_00001_572x572_bc7.png,572,572,1,2,previews\combat_portrait\0x30E322A4_g00.png,projects\combat_portrait\0x30E322A4\g00\composition.json,
combat_portrait,0x3252568E,g00,mapped,0x3252568E/g00/00001,packages\combat_portrait\0x3252568E\png\g00_00001_572x572_bc7.png,572,572,1,2,previews\combat_portrait\0x3252568E_g00.png,projects\combat_portrait\0x3252568E\g00\composition.json,
outgame_navigator,0x33213A23,a1,mapped,0x33213A23/a1/00000,packages\outgame_navigator\0x33213A23\png\a1_00000_872x960_bc7.png,872,960,2,12,previews\outgame_navigator\0x33213A23_a1.png,projects\outgame_navigator\0x33213A23\a1\composition.json,
outgame_navigator,0x33213A23,a2,mapped,0x33213A23/a2/00000,packages\outgame_navigator\0x33213A23\png\a2_00000_872x960_bc7.png,872,960,2,12,previews\outgame_navigator\0x33213A23_a2.png,projects\outgame_navigator\0x33213A23\a2\composition.json,
outgame_navigator,0x33213A23,b1,mapped,0x33213A23/b1/00000,packages\outgame_navigator\0x33213A23\png\b1_00000_872x960_bc7.png,872,960,2,12,previews\outgame_navigator\0x33213A23_b1.png,projects\outgame_navigator\0x33213A23\b1\composition.json,
outgame_navigator,0x33213A23,b2,mapped,0x33213A23/b2/00000,packages\outgame_navigator\0x33213A23\png\b2_00000_872x960_bc7.png,872,960,2,12,previews\outgame_navigator\0x33213A23_b2.png,projects\outgame_navigator\0x33213A23\b2\composition.json,
outgame_navigator,0x33213A23,c1,mapped,0x33213A23/c1/00000,packages\outgame_navigator\0x33213A23\png\c1_00000_872x960_bc7.png,872,960,2,12,previews\outgame_navigator\0x33213A23_c1.png,projects\outgame_navigator\0x33213A23\c1\composition.json,
outgame_navigator,0x33213A23,c2,mapped,0x33213A23/c2/00000,packages\outgame_navigator\0x33213A23\png\c2_00000_872x960_bc7.png,872,960,2,12,previews\outgame_navigator\0x33213A23_c2.png,projects\outgame_navigator\0x33213A23\c2\composition.json,
combat_portrait,0x3347BB39,g00,mapped,0x3347BB39/g00/00001,packages\combat_portrait\0x3347BB39\png\g00_00001_572x572_bc7.png,572,572,1,2,previews\combat_portrait\0x3347BB39_g00.png,projects\combat_portrait\0x3347BB39\g00\composition.json,
combat_portrait,0x33519853,g00,mapped,0x33519853/g00/00001,packages\combat_portrait\0x33519853\png\g00_00001_572x572_bc7.png,572,572,1,2,previews\combat_portrait\0x33519853_g00.png,projects\combat_portrait\0x33519853\g00\composition.json,
combat_portrait,0x335F7E71,g00,mapped,0x335F7E71/g00/00001,packages\combat_portrait\0x335F7E71\png\g00_00001_572x572_bc7.png,572,572,1,2,previews\combat_portrait\0x335F7E71_g00.png,projects\combat_portrait\0x335F7E71\g00\composition.json,
combat_portrait,0x336E00F5,g00,mapped,0x336E00F5/g00/00001,packages\combat_portrait\0x336E00F5\png\g00_00001_572x572_bc7.png,572,572,1,2,previews\combat_portrait\0x336E00F5_g00.png,projects\combat_portrait\0x336E00F5\g00\composition.json,
outgame_navigator,0x3375E044,a1,mapped,0x3375E044/a1/00000,packages\outgame_navigator\0x3375E044\png\a1_00000_872x960_bc7.png,872,960,2,18,previews\outgame_navigator\0x3375E044_a1.png,projects\outgame_navigator\0x3375E044\a1\composition.json,
outgame_navigator,0x3375E044,a2,mapped,0x3375E044/a2/00000,packages\outgame_navigator\0x3375E044\png\a2_00000_872x960_bc7.png,872,960,2,18,previews\outgame_navigator\0x3375E044_a2.png,projects\outgame_navigator\0x3375E044\a2\composition.json,
outgame_navigator,0x3375E044,b1,mapped,0x3375E044/b1/00000,packages\outgame_navigator\0x3375E044\png\b1_00000_872x960_bc7.png,872,960,2,24,previews\outgame_navigator\0x3375E044_b1.png,projects\outgame_navigator\0x3375E044\b1\composition.json,
outgame_navigator,0x3375E044,b2,mapped,0x3375E044/b2/00000,packages\outgame_navigator\0x3375E044\png\b2_00000_872x960_bc7.png,872,960,2,24,previews\outgame_navigator\0x3375E044_b2.png,projects\outgame_navigator\0x3375E044\b2\composition.json,
outgame_navigator,0x3375E044,b3,mapped,0x3375E044/b3/00000,packages\outgame_navigator\0x3375E044\png\b3_00000_872x960_bc7.png,872,960,2,24,previews\outgame_navigator\0x3375E044_b3.png,projects\outgame_navigator\0x3375E044\b3\composition.json,
outgame_navigator,0x3375E044,b4,mapped,0x3375E044/b4/00000,packages\outgame_navigator\0x3375E044\png\b4_00000_872x960_bc7.png,872,960,2,24,previews\outgame_navigator\0x3375E044_b4.png,projects\outgame_navigator\0x3375E044\b4\composition.json,
combat_portrait,0x3378D78B,g00,mapped,0x3378D78B/g00/00001,packages\combat_portrait\0x3378D78B\png\g00_00001_572x572_bc7.png,572,572,1,2,previews\combat_portrait\0x3378D78B_g00.png,projects\combat_portrait\0x3378D78B\g00\composition.json,
ingame_navigator,0x34F7FBAA,a1,mapped,0x34F7FBAA/a1/00000,packages\ingame_navigator\0x34F7FBAA\png\a1_00000_260x180_bc7.png,260,180,2,11,previews\ingame_navigator\0x34F7FBAA_a1.png,projects\ingame_navigator\0x34F7FBAA\a1\composition.json,
combat_portrait,0x378D07B6,g00,mapped,0x378D07B6/g00/00001,packages\combat_portrait\0x378D07B6\png\g00_00001_572x572_bc7.png,572,572,1,2,previews\combat_portrait\0x378D07B6_g00.png,projects\combat_portrait\0x378D07B6\g00\composition.json,
combat_portrait,0x379BD0C8,g00,mapped,0x379BD0C8/g00/00001,packages\combat_portrait\0x379BD0C8\png\g00_00001_572x572_bc7.png,572,572,1,2,previews\combat_portrait\0x379BD0C8_g00.png,projects\combat_portrait\0x379BD0C8\g00\composition.json,
combat_portrait,0x37A4486E,g00,mapped,0x37A4486E/g00/00001,packages\combat_portrait\0x37A4486E\png\g00_00001_572x572_bc7.png,572,572,1,2,previews\combat_portrait\0x37A4486E_g00.png,projects\combat_portrait\0x37A4486E\g00\composition.json,
combat_portrait,0x3937EE6C,g00,mapped,0x3937EE6C/g00/00001,packages\combat_portrait\0x3937EE6C\png\g00_00001_572x572_bc7.png,572,572,1,2,previews\combat_portrait\0x3937EE6C_g00.png,projects\combat_portrait\0x3937EE6C\g00\composition.json,
ingame_navigator,0x398BFFFC,a1,mapped,0x398BFFFC/a1/00000,packages\ingame_navigator\0x398BFFFC\png\a1_00000_260x180_bc7.png,260,180,2,21,previews\ingame_navigator\0x398BFFFC_a1.png,projects\ingame_navigator\0x398BFFFC\a1\composition.json,
outgame_navigator,0x39FB3F2F,a1,mapped,0x39FB3F2F/a1/00000,packages\outgame_navigator\0x39FB3F2F\png\a1_00000_872x960_bc7.png,872,960,2,22,previews\outgame_navigator\0x39FB3F2F_a1.png,projects\outgame_navigator\0x39FB3F2F\a1\composition.json,
outgame_navigator,0x39FB3F2F,a2,mapped,0x39FB3F2F/a2/00000,packages\outgame_navigator\0x39FB3F2F\png\a2_00000_872x960_bc7.png,872,960,2,22,previews\outgame_navigator\0x39FB3F2F_a2.png,projects\outgame_navigator\0x39FB3F2F\a2\composition.json,
outgame_navigator,0x39FB3F2F,b1,mapped,0x39FB3F2F/b1/00000,packages\outgame_navigator\0x39FB3F2F\png\b1_00000_872x960_bc7.png,872,960,2,12,previews\outgame_navigator\0x39FB3F2F_b1.png,projects\outgame_navigator\0x39FB3F2F\b1\composition.json,
outgame_navigator,0x39FB3F2F,b2,mapped,0x39FB3F2F/b2/00000,packages\outgame_navigator\0x39FB3F2F\png\b2_00000_872x960_bc7.png,872,960,2,12,previews\outgame_navigator\0x39FB3F2F_b2.png,projects\outgame_navigator\0x39FB3F2F\b2\composition.json,
outgame_navigator,0x39FB3F2F,c1,mapped,0x39FB3F2F/c1/00000,packages\outgame_navigator\0x39FB3F2F\png\c1_00000_872x960_bc7.png,872,960,2,12,previews\outgame_navigator\0x39FB3F2F_c1.png,projects\outgame_navigator\0x39FB3F2F\c1\composition.json,
outgame_navigator,0x39FB3F2F,c2,mapped,0x39FB3F2F/c2/00000,packages\outgame_navigator\0x39FB3F2F\png\c2_00000_872x960_bc7.png,872,960,2,12,previews\outgame_navigator\0x39FB3F2F_c2.png,projects\outgame_navigator\0x39FB3F2F\c2\composition.json,
outgame_navigator,0x39FB3F2F,d1,mapped,0x39FB3F2F/d1/00000,packages\outgame_navigator\0x39FB3F2F\png\d1_00000_872x960_bc7.png,872,960,2,4,previews\outgame_navigator\0x39FB3F2F_d1.png,projects\outgame_navigator\0x39FB3F2F\d1\composition.json,
outgame_navigator,0x39FB3F2F,e1,mapped,0x39FB3F2F/e1/00000,packages\outgame_navigator\0x39FB3F2F\png\e1_00000_872x960_bc7.png,872,960,2,6,previews\outgame_navigator\0x39FB3F2F_e1.png,projects\outgame_navigator\0x39FB3F2F\e1\composition.json,
combat_portrait,0x3A9377F1,g00,mapped,0x3A9377F1/g00/00001,packages\combat_portrait\0x3A9377F1\png\g00_00001_572x572_bc7.png,572,572,1,2,previews\combat_portrait\0x3A9377F1_g00.png,projects\combat_portrait\0x3A9377F1\g00\composition.json,
combat_portrait,0x3ABFC531,g00,mapped,0x3ABFC531/g00/00001,packages\combat_portrait\0x3ABFC531\png\g00_00001_572x572_bc7.png,572,572,1,2,previews\combat_portrait\0x3ABFC531_g00.png,projects\combat_portrait\0x3ABFC531\g00\composition.json,
ingame_navigator,0x3AD87F03,a1,mapped,0x3AD87F03/a1/00000,packages\ingame_navigator\0x3AD87F03\png\a1_00000_260x180_bc7.png,260,180,2,12,previews\ingame_navigator\0x3AD87F03_a1.png,projects\ingame_navigator\0x3AD87F03\a1\composition.json,
outgame_navigator,0x3B812E1C,a1,mapped,0x3B812E1C/a1/00000,packages\outgame_navigator\0x3B812E1C\png\a1_00000_872x960_bc7.png,872,960,2,9,previews\outgame_navigator\0x3B812E1C_a1.png,projects\outgame_navigator\0x3B812E1C\a1\composition.json,
outgame_navigator,0x3B812E1C,a2,mapped,0x3B812E1C/a2/00000,packages\outgame_navigator\0x3B812E1C\png\a2_00000_872x960_bc7.png,872,960,2,9,previews\outgame_navigator\0x3B812E1C_a2.png,projects\outgame_navigator\0x3B812E1C\a2\composition.json,
outgame_navigator,0x3B812E1C,b1,mapped,0x3B812E1C/b1/00000,packages\outgame_navigator\0x3B812E1C\png\b1_00000_872x960_bc7.png,872,960,2,6,previews\outgame_navigator\0x3B812E1C_b1.png,projects\outgame_navigator\0x3B812E1C\b1\composition.json,
outgame_navigator,0x3B812E1C,c1,mapped,0x3B812E1C/c1/00000,packages\outgame_navigator\0x3B812E1C\png\c1_00000_872x960_bc7.png,872,960,2,18,previews\outgame_navigator\0x3B812E1C_c1.png,projects\outgame_navigator\0x3B812E1C\c1\composition.json,
outgame_navigator,0x3B812E1C,c2,mapped,0x3B812E1C/c2/00000,packages\outgame_navigator\0x3B812E1C\png\c2_00000_872x960_bc7.png,872,960,2,18,previews\outgame_navigator\0x3B812E1C_c2.png,projects\outgame_navigator\0x3B812E1C\c2\composition.json,
ingame_navigator,0x3B9A9B5A,a1,mapped,0x3B9A9B5A/a1/00000,packages\ingame_navigator\0x3B9A9B5A\png\a1_00000_260x180_bc7.png,260,180,2,24,previews\ingame_navigator\0x3B9A9B5A_a1.png,projects\ingame_navigator\0x3B9A9B5A\a1\composition.json,
combat_portrait,0x3B9EAB1A,g00,mapped,0x3B9EAB1A/g00/00001,packages\combat_portrait\0x3B9EAB1A\png\g00_00001_572x572_bc7.png,572,572,1,2,previews\combat_portrait\0x3B9EAB1A_g00.png,projects\combat_portrait\0x3B9EAB1A\g00\composition.json,
combat_portrait,0x3BAADC92,g00,mapped,0x3BAADC92/g00/00001,packages\combat_portrait\0x3BAADC92\png\g00_00001_572x572_bc7.png,572,572,1,2,previews\combat_portrait\0x3BAADC92_g00.png,projects\combat_portrait\0x3BAADC92\g00\composition.json,
outgame_navigator,0x3BADFD42,a1,mapped,0x3BADFD42/a1/00000,packages\outgame_navigator\0x3BADFD42\png\a1_00000_872x960_bc7.png,872,960,2,30,previews\outgame_navigator\0x3BADFD42_a1.png,projects\outgame_navigator\0x3BADFD42\a1\composition.json,
outgame_navigator,0x3BADFD42,a2,mapped,0x3BADFD42/a2/00000,packages\outgame_navigator\0x3BADFD42\png\a2_00000_872x960_bc7.png,872,960,2,30,previews\outgame_navigator\0x3BADFD42_a2.png,projects\outgame_navigator\0x3BADFD42\a2\composition.json,
outgame_navigator,0x3BADFD42,a3,mapped,0x3BADFD42/a3/00000,packages\outgame_navigator\0x3BADFD42\png\a3_00000_872x960_bc7.png,872,960,2,30,previews\outgame_navigator\0x3BADFD42_a3.png,projects\outgame_navigator\0x3BADFD42\a3\composition.json,
outgame_navigator,0x3BADFD42,a4,mapped,0x3BADFD42/a4/00000,packages\outgame_navigator\0x3BADFD42\png\a4_00000_872x960_bc7.png,872,960,2,30,previews\outgame_navigator\0x3BADFD42_a4.png,projects\outgame_navigator\0x3BADFD42\a4\composition.json,
outgame_navigator,0x3BADFD42,b1,mapped,0x3BADFD42/b1/00000,packages\outgame_navigator\0x3BADFD42\png\b1_00000_872x960_bc7.png,872,960,0,0,previews\outgame_navigator\0x3BADFD42_b1.png,projects\outgame_navigator\0x3BADFD42\b1\composition.json,
outgame_navigator,0x3BADFD42,c1,mapped,0x3BADFD42/c1/00000,packages\outgame_navigator\0x3BADFD42\png\c1_00000_872x960_bc7.png,872,960,2,6,previews\outgame_navigator\0x3BADFD42_c1.png,projects\outgame_navigator\0x3BADFD42\c1\composition.json,
outgame_navigator,0x3BADFD42,d1,mapped,0x3BADFD42/d1/00000,packages\outgame_navigator\0x3BADFD42\png\d1_00000_872x960_bc7.png,872,960,2,18,previews\outgame_navigator\0x3BADFD42_d1.png,projects\outgame_navigator\0x3BADFD42\d1\composition.json,
outgame_navigator,0x3BADFD42,e1,mapped,0x3BADFD42/e1/00000,packages\outgame_navigator\0x3BADFD42\png\e1_00000_872x960_bc7.png,872,960,2,12,previews\outgame_navigator\0x3BADFD42_e1.png,projects\outgame_navigator\0x3BADFD42\e1\composition.json,
combat_portrait,0x3BB7E4C2,g00,mapped,0x3BB7E4C2/g00/00001,packages\combat_portrait\0x3BB7E4C2\png\g00_00001_572x572_bc7.png,572,572,1,2,previews\combat_portrait\0x3BB7E4C2_g00.png,projects\combat_portrait\0x3BB7E4C2\g00\composition.json,
combat_portrait,0x3BB902E0,g00,mapped,0x3BB902E0/g00/00001,packages\combat_portrait\0x3BB902E0\png\g00_00001_572x572_bc7.png,572,572,1,2,previews\combat_portrait\0x3BB902E0_g00.png,projects\combat_portrait\0x3BB902E0\g00\composition.json,
outgame_navigator,0x3CE88D87,a1,mapped,0x3CE88D87/a1/00000,packages\outgame_navigator\0x3CE88D87\png\a1_00000_872x960_bc7.png,872,960,2,24,previews\outgame_navigator\0x3CE88D87_a1.png,projects\outgame_navigator\0x3CE88D87\a1\composition.json,
outgame_navigator,0x3CE88D87,a2,mapped,0x3CE88D87/a2/00000,packages\outgame_navigator\0x3CE88D87\png\a2_00000_872x960_bc7.png,872,960,2,24,previews\outgame_navigator\0x3CE88D87_a2.png,projects\outgame_navigator\0x3CE88D87\a2\composition.json,
outgame_navigator,0x3CE88D87,a3,mapped,0x3CE88D87/a3/00000,packages\outgame_navigator\0x3CE88D87\png\a3_00000_872x960_bc7.png,872,960,2,24,previews\outgame_navigator\0x3CE88D87_a3.png,projects\outgame_navigator\0x3CE88D87\a3\composition.json,
outgame_navigator,0x3CE88D87,b1,mapped,0x3CE88D87/b1/00000,packages\outgame_navigator\0x3CE88D87\png\b1_00000_872x960_bc7.png,872,960,2,18,previews\outgame_navigator\0x3CE88D87_b1.png,projects\outgame_navigator\0x3CE88D87\b1\composition.json,
outgame_navigator,0x3CE88D87,b2,mapped,0x3CE88D87/b2/00000,packages\outgame_navigator\0x3CE88D87\png\b2_00000_872x960_bc7.png,872,960,2,18,previews\outgame_navigator\0x3CE88D87_b2.png,projects\outgame_navigator\0x3CE88D87\b2\composition.json,
outgame_navigator,0x3CE88D87,c1,mapped,0x3CE88D87/c1/00000,packages\outgame_navigator\0x3CE88D87\png\c1_00000_872x960_bc7.png,872,960,2,12,previews\outgame_navigator\0x3CE88D87_c1.png,projects\outgame_navigator\0x3CE88D87\c1\composition.json,
outgame_navigator,0x3CE88D87,c2,mapped,0x3CE88D87/c2/00000,packages\outgame_navigator\0x3CE88D87\png\c2_00000_872x960_bc7.png,872,960,2,12,previews\outgame_navigator\0x3CE88D87_c2.png,projects\outgame_navigator\0x3CE88D87\c2\composition.json,
outgame_navigator,0x3CE88D87,d1,mapped,0x3CE88D87/d1/00000,packages\outgame_navigator\0x3CE88D87\png\d1_00000_872x960_bc7.png,872,960,2,12,previews\outgame_navigator\0x3CE88D87_d1.png,projects\outgame_navigator\0x3CE88D87\d1\composition.json,
combat_portrait,0x3CFE682A,g00,mapped,0x3CFE682A/g00/00001,packages\combat_portrait\0x3CFE682A\png\g00_00001_572x572_bc7.png,572,572,1,2,previews\combat_portrait\0x3CFE682A_g00.png,projects\combat_portrait\0x3CFE682A\g00\composition.json,
ingame_navigator,0x3D877AB4,a1,mapped,0x3D877AB4/a1/00000,packages\ingame_navigator\0x3D877AB4\png\a1_00000_260x180_bc7.png,260,180,2,12,previews\ingame_navigator\0x3D877AB4_a1.png,projects\ingame_navigator\0x3D877AB4\a1\composition.json,
outgame_navigator,0x3D905C36,a1,mapped,0x3D905C36/a1/00000,packages\outgame_navigator\0x3D905C36\png\a1_00000_872x960_bc7.png,872,960,2,15,previews\outgame_navigator\0x3D905C36_a1.png,projects\outgame_navigator\0x3D905C36\a1\composition.json,
outgame_navigator,0x3D905C36,a2,mapped,0x3D905C36/a2/00000,packages\outgame_navigator\0x3D905C36\png\a2_00000_872x960_bc7.png,872,960,2,15,previews\outgame_navigator\0x3D905C36_a2.png,projects\outgame_navigator\0x3D905C36\a2\composition.json,
outgame_navigator,0x3D905C36,a3,mapped,0x3D905C36/a3/00000,packages\outgame_navigator\0x3D905C36\png\a3_00000_872x960_bc7.png,872,960,2,15,previews\outgame_navigator\0x3D905C36_a3.png,projects\outgame_navigator\0x3D905C36\a3\composition.json,
outgame_navigator,0x3D905C36,b1,mapped,0x3D905C36/b1/00000,packages\outgame_navigator\0x3D905C36\png\b1_00000_872x960_bc7.png,872,960,2,12,previews\outgame_navigator\0x3D905C36_b1.png,projects\outgame_navigator\0x3D905C36\b1\composition.json,
outgame_navigator,0x3D905C36,b2,mapped,0x3D905C36/b2/00000,packages\outgame_navigator\0x3D905C36\png\b2_00000_872x960_bc7.png,872,960,2,12,previews\outgame_navigator\0x3D905C36_b2.png,projects\outgame_navigator\0x3D905C36\b2\composition.json,
combat_portrait,0x3DC23E51,g00,mapped,0x3DC23E51/g00/00001,packages\combat_portrait\0x3DC23E51\png\g00_00001_572x572_bc7.png,572,572,1,2,previews\combat_portrait\0x3DC23E51_g00.png,projects\combat_portrait\0x3DC23E51\g00\composition.json,
combat_portrait,0x3E410E36,g00,mapped,0x3E410E36/g00/00001,packages\combat_portrait\0x3E410E36\png\g00_00001_572x572_bc7.png,572,572,1,2,previews\combat_portrait\0x3E410E36_g00.png,projects\combat_portrait\0x3E410E36\g00\composition.json,
combat_portrait,0x3E66A7CC,g00,mapped,0x3E66A7CC/g00/00001,packages\combat_portrait\0x3E66A7CC\png\g00_00001_572x572_bc7.png,572,572,1,2,previews\combat_portrait\0x3E66A7CC_g00.png,projects\combat_portrait\0x3E66A7CC\g00\composition.json,
combat_portrait,0x3F4234FF,g00,mapped,0x3F4234FF/g00/00001,packages\combat_portrait\0x3F4234FF\png\g00_00001_572x572_bc7.png,572,572,1,2,previews\combat_portrait\0x3F4234FF_g00.png,projects\combat_portrait\0x3F4234FF\g00\composition.json,
combat_portrait,0x3F7D584D,g00,mapped,0x3F7D584D/g00/00001,packages\combat_portrait\0x3F7D584D\png\g00_00001_572x572_bc7.png,572,572,1,2,previews\combat_portrait\0x3F7D584D_g00.png,projects\combat_portrait\0x3F7D584D\g00\composition.json,
combat_portrait,0x404BE1D9,g00,mapped,0x404BE1D9/g00/00001,packages\combat_portrait\0x404BE1D9\png\g00_00001_572x572_bc7.png,572,572,1,2,previews\combat_portrait\0x404BE1D9_g00.png,projects\combat_portrait\0x404BE1D9\g00\composition.json,
ingame_navigator,0x404C501B,a1,mapped,0x404C501B/a1/00000,packages\ingame_navigator\0x404C501B\png\a1_00000_260x180_bc7.png,260,180,2,12,previews\ingame_navigator\0x404C501B_a1.png,projects\ingame_navigator\0x404C501B\a1\composition.json,
combat_portrait,0x405DC2B3,g00,mapped,0x405DC2B3/g00/00001,packages\combat_portrait\0x405DC2B3\png\g00_00001_572x572_bc7.png,572,572,1,2,previews\combat_portrait\0x405DC2B3_g00.png,projects\combat_portrait\0x405DC2B3\g00\composition.json,
combat_portrait,0x407F9651,g00,mapped,0x407F9651/g00/00001,packages\combat_portrait\0x407F9651\png\g00_00001_572x572_bc7.png,572,572,1,2,previews\combat_portrait\0x407F9651_g00.png,projects\combat_portrait\0x407F9651\g00\composition.json,
combat_portrait,0x416A8FF2,g00,mapped,0x416A8FF2/g00/00001,packages\combat_portrait\0x416A8FF2\png\g00_00001_572x572_bc7.png,572,572,2,4,previews\combat_portrait\0x416A8FF2_g00.png,projects\combat_portrait\0x416A8FF2\g00\composition.json,
combat_portrait,0x416F72EA,g00,mapped,0x416F72EA/g00/00001,packages\combat_portrait\0x416F72EA\png\g00_00001_572x572_bc7.png,572,572,1,2,previews\combat_portrait\0x416F72EA_g00.png,projects\combat_portrait\0x416F72EA\g00\composition.json,
combat_portrait,0x4177B7A2,g00,mapped,0x4177B7A2/g00/00001,packages\combat_portrait\0x4177B7A2\png\g00_00001_572x572_bc7.png,572,572,1,2,previews\combat_portrait\0x4177B7A2_g00.png,projects\combat_portrait\0x4177B7A2\g00\composition.json,
combat_portrait,0x42C50D55,g00,mapped,0x42C50D55/g00/00001,packages\combat_portrait\0x42C50D55\png\g00_00001_572x572_bc7.png,572,572,1,2,previews\combat_portrait\0x42C50D55_g00.png,projects\combat_portrait\0x42C50D55\g00\composition.json,
ingame_navigator,0x43561983,a1,mapped,0x43561983/a1/00000,packages\ingame_navigator\0x43561983\png\a1_00000_260x180_bc7.png,260,180,2,24,previews\ingame_navigator\0x43561983_a1.png,projects\ingame_navigator\0x43561983\a1\composition.json,
combat_portrait,0x44A6F4AC,g00,mapped,0x44A6F4AC/g00/00001,packages\combat_portrait\0x44A6F4AC\png\g00_00001_572x572_bc7.png,572,572,1,2,previews\combat_portrait\0x44A6F4AC_g00.png,projects\combat_portrait\0x44A6F4AC\g00\composition.json,
combat_portrait,0x44ADEF96,g00,mapped,0x44ADEF96/g00/00001,packages\combat_portrait\0x44ADEF96\png\g00_00001_572x572_bc7.png,572,572,1,2,previews\combat_portrait\0x44ADEF96_g00.png,projects\combat_portrait\0x44ADEF96\g00\composition.json,
combat_portrait,0x44B0D7C6,g00,mapped,0x44B0D7C6/g00/00001,packages\combat_portrait\0x44B0D7C6\png\g00_00001_572x572_bc7.png,572,572,1,2,previews\combat_portrait\0x44B0D7C6_g00.png,projects\combat_portrait\0x44B0D7C6\g00\composition.json,
combat_portrait,0x44BE31E4,g00,mapped,0x44BE31E4/g00/00001,packages\combat_portrait\0x44BE31E4\png\g00_00001_572x572_bc7.png,572,572,1,2,previews\combat_portrait\0x44BE31E4_g00.png,projects\combat_portrait\0x44BE31E4\g00\composition.json,
combat_portrait,0x45464C7E,g00,mapped,0x45464C7E/g00/00001,packages\combat_portrait\0x45464C7E\png\g00_00001_572x572_bc7.png,572,572,1,2,previews\combat_portrait\0x45464C7E_g00.png,projects\combat_portrait\0x45464C7E\g00\composition.json,
combat_portrait,0x4582679F,g00,mapped_with_warning,0x4582679F/g00/00001,packages\combat_portrait\0x4582679F\png\g00_00001_572x572_bc7.png,572,572,1,2,previews\combat_portrait\0x4582679F_g00.png,projects\combat_portrait\0x4582679F\g00\composition.json,mouth stable-border RMSE is high: 74.64
outgame_navigator,0x45E36CC7,a1,mapped,0x45E36CC7/a1/00000,packages\outgame_navigator\0x45E36CC7\png\a1_00000_872x960_bc7.png,872,960,2,24,previews\outgame_navigator\0x45E36CC7_a1.png,projects\outgame_navigator\0x45E36CC7\a1\composition.json,
outgame_navigator,0x45E36CC7,a2,mapped,0x45E36CC7/a2/00000,packages\outgame_navigator\0x45E36CC7\png\a2_00000_872x960_bc7.png,872,960,2,24,previews\outgame_navigator\0x45E36CC7_a2.png,projects\outgame_navigator\0x45E36CC7\a2\composition.json,
outgame_navigator,0x45E36CC7,a3,mapped,0x45E36CC7/a3/00000,packages\outgame_navigator\0x45E36CC7\png\a3_00000_872x960_bc7.png,872,960,2,24,previews\outgame_navigator\0x45E36CC7_a3.png,projects\outgame_navigator\0x45E36CC7\a3\composition.json,
outgame_navigator,0x45E36CC7,b1,mapped,0x45E36CC7/b1/00000,packages\outgame_navigator\0x45E36CC7\png\b1_00000_872x960_bc7.png,872,960,2,21,previews\outgame_navigator\0x45E36CC7_b1.png,projects\outgame_navigator\0x45E36CC7\b1\composition.json,
outgame_navigator,0x45E36CC7,b2,mapped,0x45E36CC7/b2/00000,packages\outgame_navigator\0x45E36CC7\png\b2_00000_872x960_bc7.png,872,960,2,21,previews\outgame_navigator\0x45E36CC7_b2.png,projects\outgame_navigator\0x45E36CC7\b2\composition.json,
outgame_navigator,0x45E36CC7,c1,mapped,0x45E36CC7/c1/00000,packages\outgame_navigator\0x45E36CC7\png\c1_00000_872x960_bc7.png,872,960,2,12,previews\outgame_navigator\0x45E36CC7_c1.png,projects\outgame_navigator\0x45E36CC7\c1\composition.json,
outgame_navigator,0x45E36CC7,c2,mapped,0x45E36CC7/c2/00000,packages\outgame_navigator\0x45E36CC7\png\c2_00000_872x960_bc7.png,872,960,2,12,previews\outgame_navigator\0x45E36CC7_c2.png,projects\outgame_navigator\0x45E36CC7\c2\composition.json,
ingame_navigator,0x486EC45D,a1,mapped,0x486EC45D/a1/00000,packages\ingame_navigator\0x486EC45D\png\a1_00000_260x180_bc7.png,260,180,2,16,previews\ingame_navigator\0x486EC45D_a1.png,projects\ingame_navigator\0x486EC45D\a1\composition.json,
combat_portrait,0x4884D290,g00,mapped,0x4884D290/g00/00001,packages\combat_portrait\0x4884D290\png\g00_00001_572x572_bc7.png,572,572,1,2,previews\combat_portrait\0x4884D290_g00.png,projects\combat_portrait\0x4884D290\g00\composition.json,
combat_portrait,0x49890E7B,g00,mapped,0x49890E7B/g00/00001,packages\combat_portrait\0x49890E7B\png\g00_00001_572x572_bc7.png,572,572,1,2,previews\combat_portrait\0x49890E7B_g00.png,projects\combat_portrait\0x49890E7B\g00\composition.json,
combat_portrait,0x4994362B,g00,mapped,0x4994362B/g00/00001,packages\combat_portrait\0x4994362B\png\g00_00001_572x572_bc7.png,572,572,1,2,previews\combat_portrait\0x4994362B_g00.png,projects\combat_portrait\0x4994362B\g00\composition.json,
combat_portrait,0x499F2D11,g00,mapped,0x499F2D11/g00/00001,packages\combat_portrait\0x499F2D11\png\g00_00001_572x572_bc7.png,572,572,1,2,previews\combat_portrait\0x499F2D11_g00.png,projects\combat_portrait\0x499F2D11\g00\composition.json,
outgame_navigator,0x4A976CA0,a1,mapped,0x4A976CA0/a1/00000,packages\outgame_navigator\0x4A976CA0\png\a1_00000_872x960_bc7.png,872,960,2,15,previews\outgame_navigator\0x4A976CA0_a1.png,projects\outgame_navigator\0x4A976CA0\a1\composition.json,
outgame_navigator,0x4A976CA0,a2,mapped,0x4A976CA0/a2/00000,packages\outgame_navigator\0x4A976CA0\png\a2_00000_872x960_bc7.png,872,960,2,15,previews\outgame_navigator\0x4A976CA0_a2.png,projects\outgame_navigator\0x4A976CA0\a2\composition.json,
outgame_navigator,0x4A976CA0,a3,mapped,0x4A976CA0/a3/00000,packages\outgame_navigator\0x4A976CA0\png\a3_00000_872x960_bc7.png,872,960,2,15,previews\outgame_navigator\0x4A976CA0_a3.png,projects\outgame_navigator\0x4A976CA0\a3\composition.json,
outgame_navigator,0x4A976CA0,b1,mapped,0x4A976CA0/b1/00000,packages\outgame_navigator\0x4A976CA0\png\b1_00000_872x960_bc7.png,872,960,2,12,previews\outgame_navigator\0x4A976CA0_b1.png,projects\outgame_navigator\0x4A976CA0\b1\composition.json,
outgame_navigator,0x4A976CA0,b2,mapped,0x4A976CA0/b2/00000,packages\outgame_navigator\0x4A976CA0\png\b2_00000_872x960_bc7.png,872,960,2,12,previews\outgame_navigator\0x4A976CA0_b2.png,projects\outgame_navigator\0x4A976CA0\b2\composition.json,
ingame_navigator,0x4A990522,a1,mapped,0x4A990522/a1/00000,packages\ingame_navigator\0x4A990522\png\a1_00000_260x180_bc7.png,260,180,2,12,previews\ingame_navigator\0x4A990522_a1.png,projects\ingame_navigator\0x4A990522\a1\composition.json,
combat_portrait,0x4B07E2F7,g00,mapped,0x4B07E2F7/g00/00001,packages\combat_portrait\0x4B07E2F7\png\g00_00001_572x572_bc7.png,572,572,1,2,previews\combat_portrait\0x4B07E2F7_g00.png,projects\combat_portrait\0x4B07E2F7\g00\composition.json,
outgame_navigator,0x4BEFBD11,a1,mapped,0x4BEFBD11/a1/00000,packages\outgame_navigator\0x4BEFBD11\png\a1_00000_872x960_bc7.png,872,960,2,24,previews\outgame_navigator\0x4BEFBD11_a1.png,projects\outgame_navigator\0x4BEFBD11\a1\composition.json,
outgame_navigator,0x4BEFBD11,a2,mapped,0x4BEFBD11/a2/00000,packages\outgame_navigator\0x4BEFBD11\png\a2_00000_872x960_bc7.png,872,960,2,24,previews\outgame_navigator\0x4BEFBD11_a2.png,projects\outgame_navigator\0x4BEFBD11\a2\composition.json,
outgame_navigator,0x4BEFBD11,a3,mapped,0x4BEFBD11/a3/00000,packages\outgame_navigator\0x4BEFBD11\png\a3_00000_872x960_bc7.png,872,960,2,24,previews\outgame_navigator\0x4BEFBD11_a3.png,projects\outgame_navigator\0x4BEFBD11\a3\composition.json,
outgame_navigator,0x4BEFBD11,b1,mapped,0x4BEFBD11/b1/00000,packages\outgame_navigator\0x4BEFBD11\png\b1_00000_872x960_bc7.png,872,960,2,18,previews\outgame_navigator\0x4BEFBD11_b1.png,projects\outgame_navigator\0x4BEFBD11\b1\composition.json,
outgame_navigator,0x4BEFBD11,b2,mapped,0x4BEFBD11/b2/00000,packages\outgame_navigator\0x4BEFBD11\png\b2_00000_872x960_bc7.png,872,960,2,18,previews\outgame_navigator\0x4BEFBD11_b2.png,projects\outgame_navigator\0x4BEFBD11\b2\composition.json,
outgame_navigator,0x4BEFBD11,c1,mapped,0x4BEFBD11/c1/00000,packages\outgame_navigator\0x4BEFBD11\png\c1_00000_872x960_bc7.png,872,960,2,12,previews\outgame_navigator\0x4BEFBD11_c1.png,projects\outgame_navigator\0x4BEFBD11\c1\composition.json,
outgame_navigator,0x4BEFBD11,c2,mapped,0x4BEFBD11/c2/00000,packages\outgame_navigator\0x4BEFBD11\png\c2_00000_872x960_bc7.png,872,960,2,12,previews\outgame_navigator\0x4BEFBD11_c2.png,projects\outgame_navigator\0x4BEFBD11\c2\composition.json,
outgame_navigator,0x4BEFBD11,d1,mapped,0x4BEFBD11/d1/00000,packages\outgame_navigator\0x4BEFBD11\png\d1_00000_872x960_bc7.png,872,960,2,12,previews\outgame_navigator\0x4BEFBD11_d1.png,projects\outgame_navigator\0x4BEFBD11\d1\composition.json,
combat_portrait,0x4C584D75,g00,mapped,0x4C584D75/g00/00001,packages\combat_portrait\0x4C584D75\png\g00_00001_572x572_bc7.png,572,572,1,2,previews\combat_portrait\0x4C584D75_g00.png,projects\combat_portrait\0x4C584D75\g00\composition.json,
outgame_navigator,0x4CAACDD4,a1,mapped,0x4CAACDD4/a1/00000,packages\outgame_navigator\0x4CAACDD4\png\a1_00000_872x960_bc7.png,872,960,2,30,previews\outgame_navigator\0x4CAACDD4_a1.png,projects\outgame_navigator\0x4CAACDD4\a1\composition.json,
outgame_navigator,0x4CAACDD4,a2,mapped,0x4CAACDD4/a2/00000,packages\outgame_navigator\0x4CAACDD4\png\a2_00000_872x960_bc7.png,872,960,2,30,previews\outgame_navigator\0x4CAACDD4_a2.png,projects\outgame_navigator\0x4CAACDD4\a2\composition.json,
outgame_navigator,0x4CAACDD4,a3,mapped,0x4CAACDD4/a3/00000,packages\outgame_navigator\0x4CAACDD4\png\a3_00000_872x960_bc7.png,872,960,2,30,previews\outgame_navigator\0x4CAACDD4_a3.png,projects\outgame_navigator\0x4CAACDD4\a3\composition.json,
outgame_navigator,0x4CAACDD4,a4,mapped,0x4CAACDD4/a4/00000,packages\outgame_navigator\0x4CAACDD4\png\a4_00000_872x960_bc7.png,872,960,2,30,previews\outgame_navigator\0x4CAACDD4_a4.png,projects\outgame_navigator\0x4CAACDD4\a4\composition.json,
outgame_navigator,0x4CAACDD4,b1,mapped,0x4CAACDD4/b1/00000,packages\outgame_navigator\0x4CAACDD4\png\b1_00000_872x960_bc7.png,872,960,0,0,previews\outgame_navigator\0x4CAACDD4_b1.png,projects\outgame_navigator\0x4CAACDD4\b1\composition.json,
outgame_navigator,0x4CAACDD4,c1,mapped,0x4CAACDD4/c1/00000,packages\outgame_navigator\0x4CAACDD4\png\c1_00000_872x960_bc7.png,872,960,2,6,previews\outgame_navigator\0x4CAACDD4_c1.png,projects\outgame_navigator\0x4CAACDD4\c1\composition.json,
outgame_navigator,0x4CAACDD4,d1,mapped,0x4CAACDD4/d1/00000,packages\outgame_navigator\0x4CAACDD4\png\d1_00000_872x960_bc7.png,872,960,2,18,previews\outgame_navigator\0x4CAACDD4_d1.png,projects\outgame_navigator\0x4CAACDD4\d1\composition.json,
outgame_navigator,0x4CAACDD4,e1,mapped,0x4CAACDD4/e1/00000,packages\outgame_navigator\0x4CAACDD4\png\e1_00000_872x960_bc7.png,872,960,2,12,previews\outgame_navigator\0x4CAACDD4_e1.png,projects\outgame_navigator\0x4CAACDD4\e1\composition.json,
outgame_navigator,0x4D3E2D16,a1,mapped,0x4D3E2D16/a1/00000,packages\outgame_navigator\0x4D3E2D16\png\a1_00000_872x960_bc7.png,872,960,2,30,previews\outgame_navigator\0x4D3E2D16_a1.png,projects\outgame_navigator\0x4D3E2D16\a1\composition.json,
outgame_navigator,0x4D3E2D16,a2,mapped,0x4D3E2D16/a2/00000,packages\outgame_navigator\0x4D3E2D16\png\a2_00000_872x960_bc7.png,872,960,2,30,previews\outgame_navigator\0x4D3E2D16_a2.png,projects\outgame_navigator\0x4D3E2D16\a2\composition.json,
outgame_navigator,0x4D3E2D16,a3,mapped,0x4D3E2D16/a3/00000,packages\outgame_navigator\0x4D3E2D16\png\a3_00000_872x960_bc7.png,872,960,2,30,previews\outgame_navigator\0x4D3E2D16_a3.png,projects\outgame_navigator\0x4D3E2D16\a3\composition.json,
outgame_navigator,0x4D3E2D16,b1,mapped,0x4D3E2D16/b1/00000,packages\outgame_navigator\0x4D3E2D16\png\b1_00000_872x960_bc7.png,872,960,2,24,previews\outgame_navigator\0x4D3E2D16_b1.png,projects\outgame_navigator\0x4D3E2D16\b1\composition.json,
outgame_navigator,0x4D3E2D16,b2,mapped,0x4D3E2D16/b2/00000,packages\outgame_navigator\0x4D3E2D16\png\b2_00000_872x960_bc7.png,872,960,2,24,previews\outgame_navigator\0x4D3E2D16_b2.png,projects\outgame_navigator\0x4D3E2D16\b2\composition.json,
outgame_navigator,0x4D3E2D16,c1,mapped,0x4D3E2D16/c1/00000,packages\outgame_navigator\0x4D3E2D16\png\c1_00000_872x960_bc7.png,872,960,2,21,previews\outgame_navigator\0x4D3E2D16_c1.png,projects\outgame_navigator\0x4D3E2D16\c1\composition.json,
outgame_navigator,0x4D3E2D16,c2,mapped,0x4D3E2D16/c2/00000,packages\outgame_navigator\0x4D3E2D16\png\c2_00000_872x960_bc7.png,872,960,2,21,previews\outgame_navigator\0x4D3E2D16_c2.png,projects\outgame_navigator\0x4D3E2D16\c2\composition.json,
outgame_navigator,0x4D3E2D16,d1,mapped,0x4D3E2D16/d1/00000,packages\outgame_navigator\0x4D3E2D16\png\d1_00000_872x960_bc7.png,872,960,2,15,previews\outgame_navigator\0x4D3E2D16_d1.png,projects\outgame_navigator\0x4D3E2D16\d1\composition.json,
outgame_navigator,0x4D3E2D16,d2,mapped,0x4D3E2D16/d2/00000,packages\outgame_navigator\0x4D3E2D16\png\d2_00000_872x960_bc7.png,872,960,2,15,previews\outgame_navigator\0x4D3E2D16_d2.png,projects\outgame_navigator\0x4D3E2D16\d2\composition.json,
combat_portrait,0x4D6FF420,g00,mapped,0x4D6FF420/g00/00001,packages\combat_portrait\0x4D6FF420\png\g00_00001_572x572_bc7.png,572,572,1,2,previews\combat_portrait\0x4D6FF420_g00.png,projects\combat_portrait\0x4D6FF420\g00\composition.json,
combat_portrait,0x4D7CDE46,g00,mapped,0x4D7CDE46/g00/00001,packages\combat_portrait\0x4D7CDE46\png\g00_00001_572x572_bc7.png,572,572,1,2,previews\combat_portrait\0x4D7CDE46_g00.png,projects\combat_portrait\0x4D7CDE46\g00\composition.json,
ingame_navigator,0x4D7D2BE5,a1,mapped,0x4D7D2BE5/a1/00000,packages\ingame_navigator\0x4D7D2BE5\png\a1_00000_260x180_bc7.png,260,180,2,18,previews\ingame_navigator\0x4D7D2BE5_a1.png,projects\ingame_navigator\0x4D7D2BE5\a1\composition.json,
outgame_navigator,0x4E3690EE,a1,mapped,0x4E3690EE/a1/00000,packages\outgame_navigator\0x4E3690EE\png\a1_00000_872x960_bc7.png,872,960,2,15,previews\outgame_navigator\0x4E3690EE_a1.png,projects\outgame_navigator\0x4E3690EE\a1\composition.json,
outgame_navigator,0x4E3690EE,a2,mapped,0x4E3690EE/a2/00000,packages\outgame_navigator\0x4E3690EE\png\a2_00000_872x960_bc7.png,872,960,2,15,previews\outgame_navigator\0x4E3690EE_a2.png,projects\outgame_navigator\0x4E3690EE\a2\composition.json,
outgame_navigator,0x4E3690EE,b1,mapped,0x4E3690EE/b1/00000,packages\outgame_navigator\0x4E3690EE\png\b1_00000_872x960_bc7.png,872,960,2,12,previews\outgame_navigator\0x4E3690EE_b1.png,projects\outgame_navigator\0x4E3690EE\b1\composition.json,
outgame_navigator,0x4E3690EE,b2,mapped,0x4E3690EE/b2/00000,packages\outgame_navigator\0x4E3690EE\png\b2_00000_872x960_bc7.png,872,960,2,12,previews\outgame_navigator\0x4E3690EE_b2.png,projects\outgame_navigator\0x4E3690EE\b2\composition.json,
outgame_navigator,0x4E3690EE,c1,mapped,0x4E3690EE/c1/00000,packages\outgame_navigator\0x4E3690EE\png\c1_00000_872x960_bc7.png,872,960,2,10,previews\outgame_navigator\0x4E3690EE_c1.png,projects\outgame_navigator\0x4E3690EE\c1\composition.json,
outgame_navigator,0x4E3690EE,c2,mapped,0x4E3690EE/c2/00000,packages\outgame_navigator\0x4E3690EE\png\c2_00000_872x960_bc7.png,872,960,2,10,previews\outgame_navigator\0x4E3690EE_c2.png,projects\outgame_navigator\0x4E3690EE\c2\composition.json,
outgame_navigator,0x4E3690EE,d1,mapped,0x4E3690EE/d1/00000,packages\outgame_navigator\0x4E3690EE\png\d1_00000_872x960_bc7.png,872,960,2,28,previews\outgame_navigator\0x4E3690EE_d1.png,projects\outgame_navigator\0x4E3690EE\d1\composition.json,
outgame_navigator,0x4E3690EE,d2,mapped,0x4E3690EE/d2/00000,packages\outgame_navigator\0x4E3690EE\png\d2_00000_872x960_bc7.png,872,960,2,28,previews\outgame_navigator\0x4E3690EE_d2.png,projects\outgame_navigator\0x4E3690EE\d2\composition.json,
outgame_navigator,0x4ED5D61B,a1,mapped,0x4ED5D61B/a1/00000,packages\outgame_navigator\0x4ED5D61B\png\a1_00000_872x960_bc7.png,872,960,2,15,previews\outgame_navigator\0x4ED5D61B_a1.png,projects\outgame_navigator\0x4ED5D61B\a1\composition.json,
outgame_navigator,0x4ED5D61B,a2,mapped,0x4ED5D61B/a2/00000,packages\outgame_navigator\0x4ED5D61B\png\a2_00000_872x960_bc7.png,872,960,2,15,previews\outgame_navigator\0x4ED5D61B_a2.png,projects\outgame_navigator\0x4ED5D61B\a2\composition.json,
outgame_navigator,0x4ED5D61B,b1,mapped,0x4ED5D61B/b1/00000,packages\outgame_navigator\0x4ED5D61B\png\b1_00000_872x960_bc7.png,872,960,2,18,previews\outgame_navigator\0x4ED5D61B_b1.png,projects\outgame_navigator\0x4ED5D61B\b1\composition.json,
outgame_navigator,0x4ED5D61B,b2,mapped,0x4ED5D61B/b2/00000,packages\outgame_navigator\0x4ED5D61B\png\b2_00000_872x960_bc7.png,872,960,2,18,previews\outgame_navigator\0x4ED5D61B_b2.png,projects\outgame_navigator\0x4ED5D61B\b2\composition.json,
outgame_navigator,0x4ED5D61B,c1,mapped,0x4ED5D61B/c1/00000,packages\outgame_navigator\0x4ED5D61B\png\c1_00000_872x960_bc7.png,872,960,2,6,previews\outgame_navigator\0x4ED5D61B_c1.png,projects\outgame_navigator\0x4ED5D61B\c1\composition.json,
ingame_navigator,0x4FD46880,a1,mapped,0x4FD46880/a1/00000,packages\ingame_navigator\0x4FD46880\png\a1_00000_260x180_bc7.png,260,180,2,24,previews\ingame_navigator\0x4FD46880_a1.png,projects\ingame_navigator\0x4FD46880\a1\composition.json,
combat_portrait,0x4FEABC44,g00,mapped,0x4FEABC44/g00/00001,packages\combat_portrait\0x4FEABC44\png\g00_00001_572x572_bc7.png,572,572,1,2,previews\combat_portrait\0x4FEABC44_g00.png,projects\combat_portrait\0x4FEABC44\g00\composition.json,
combat_portrait,0x52E44B8C,g00,mapped,0x52E44B8C/g00/00001,packages\combat_portrait\0x52E44B8C\png\g00_00001_572x572_bc7.png,572,572,1,2,previews\combat_portrait\0x52E44B8C_g00.png,projects\combat_portrait\0x52E44B8C\g00\composition.json,
combat_portrait,0x52EF50B6,g00,mapped,0x52EF50B6/g00/00001,packages\combat_portrait\0x52EF50B6\png\g00_00001_572x572_bc7.png,572,572,1,2,previews\combat_portrait\0x52EF50B6_g00.png,projects\combat_portrait\0x52EF50B6\g00\composition.json,
combat_portrait,0x52F973DC,g00,mapped,0x52F973DC/g00/00001,packages\combat_portrait\0x52F973DC\png\g00_00001_572x572_bc7.png,572,572,1,2,previews\combat_portrait\0x52F973DC_g00.png,projects\combat_portrait\0x52F973DC\g00\composition.json,
combat_portrait,0x53CBC385,g00,mapped,0x53CBC385/g00/00001,packages\combat_portrait\0x53CBC385\png\g00_00001_572x572_bc7.png,572,572,1,2,previews\combat_portrait\0x53CBC385_g00.png,projects\combat_portrait\0x53CBC385\g00\composition.json,
combat_portrait,0x53DDE0EF,g00,mapped,0x53DDE0EF/g00/00001,packages\combat_portrait\0x53DDE0EF\png\g00_00001_572x572_bc7.png,572,572,1,2,previews\combat_portrait\0x53DDE0EF_g00.png,projects\combat_portrait\0x53DDE0EF\g00\composition.json,
combat_portrait,0x54458587,g00,mapped,0x54458587/g00/00001,packages\combat_portrait\0x54458587\png\g00_00001_572x572_bc7.png,572,572,1,2,previews\combat_portrait\0x54458587_g00.png,projects\combat_portrait\0x54458587\g00\composition.json,
outgame_navigator,0x54BB193A,a1,mapped,0x54BB193A/a1/00000,packages\outgame_navigator\0x54BB193A\png\a1_00000_872x960_bc7.png,872,960,2,27,previews\outgame_navigator\0x54BB193A_a1.png,projects\outgame_navigator\0x54BB193A\a1\composition.json,
outgame_navigator,0x54BB193A,a2,mapped,0x54BB193A/a2/00000,packages\outgame_navigator\0x54BB193A\png\a2_00000_872x960_bc7.png,872,960,2,27,previews\outgame_navigator\0x54BB193A_a2.png,projects\outgame_navigator\0x54BB193A\a2\composition.json,
outgame_navigator,0x54BB193A,a3,mapped,0x54BB193A/a3/00000,packages\outgame_navigator\0x54BB193A\png\a3_00000_872x960_bc7.png,872,960,2,27,previews\outgame_navigator\0x54BB193A_a3.png,projects\outgame_navigator\0x54BB193A\a3\composition.json,
outgame_navigator,0x54BB193A,b1,mapped,0x54BB193A/b1/00000,packages\outgame_navigator\0x54BB193A\png\b1_00000_872x960_bc7.png,872,960,2,22,previews\outgame_navigator\0x54BB193A_b1.png,projects\outgame_navigator\0x54BB193A\b1\composition.json,
outgame_navigator,0x54BB193A,b2,mapped,0x54BB193A/b2/00000,packages\outgame_navigator\0x54BB193A\png\b2_00000_872x960_bc7.png,872,960,2,22,previews\outgame_navigator\0x54BB193A_b2.png,projects\outgame_navigator\0x54BB193A\b2\composition.json,
outgame_navigator,0x54BB193A,b3,mapped,0x54BB193A/b3/00000,packages\outgame_navigator\0x54BB193A\png\b3_00000_872x960_bc7.png,872,960,2,22,previews\outgame_navigator\0x54BB193A_b3.png,projects\outgame_navigator\0x54BB193A\b3\composition.json,
outgame_navigator,0x54BB193A,c1,mapped,0x54BB193A/c1/00000,packages\outgame_navigator\0x54BB193A\png\c1_00000_872x960_bc7.png,872,960,2,21,previews\outgame_navigator\0x54BB193A_c1.png,projects\outgame_navigator\0x54BB193A\c1\composition.json,
outgame_navigator,0x54BB193A,c2,mapped,0x54BB193A/c2/00000,packages\outgame_navigator\0x54BB193A\png\c2_00000_872x960_bc7.png,872,960,2,21,previews\outgame_navigator\0x54BB193A_c2.png,projects\outgame_navigator\0x54BB193A\c2\composition.json,
outgame_navigator,0x54BB193A,d1,mapped,0x54BB193A/d1/00000,packages\outgame_navigator\0x54BB193A\png\d1_00000_872x960_bc7.png,872,960,2,6,previews\outgame_navigator\0x54BB193A_d1.png,projects\outgame_navigator\0x54BB193A\d1\composition.json,
outgame_navigator,0x54BB193A,e1,mapped,0x54BB193A/e1/00000,packages\outgame_navigator\0x54BB193A\png\e1_00000_872x960_bc7.png,872,960,2,6,previews\outgame_navigator\0x54BB193A_e1.png,projects\outgame_navigator\0x54BB193A\e1\composition.json,
combat_portrait,0x55BE1916,g00,mapped,0x55BE1916/g00/00001,packages\combat_portrait\0x55BE1916\png\g00_00001_572x572_bc7.png,572,572,1,2,previews\combat_portrait\0x55BE1916_g00.png,projects\combat_portrait\0x55BE1916\g00\composition.json,
combat_portrait,0x560245C3,g00,mapped,0x560245C3/g00/00001,packages\combat_portrait\0x560245C3\png\g00_00001_572x572_bc7.png,572,572,1,2,previews\combat_portrait\0x560245C3_g00.png,projects\combat_portrait\0x560245C3\g00\composition.json,
outgame_navigator,0x56D6E0E6,a1,mapped,0x56D6E0E6/a1/00000,packages\outgame_navigator\0x56D6E0E6\png\a1_00000_872x960_bc7.png,872,960,2,28,previews\outgame_navigator\0x56D6E0E6_a1.png,projects\outgame_navigator\0x56D6E0E6\a1\composition.json,
outgame_navigator,0x56D6E0E6,a2,mapped,0x56D6E0E6/a2/00000,packages\outgame_navigator\0x56D6E0E6\png\a2_00000_872x960_bc7.png,872,960,2,28,previews\outgame_navigator\0x56D6E0E6_a2.png,projects\outgame_navigator\0x56D6E0E6\a2\composition.json,
outgame_navigator,0x56D6E0E6,b1,mapped,0x56D6E0E6/b1/00000,packages\outgame_navigator\0x56D6E0E6\png\b1_00000_872x960_bc7.png,872,960,2,6,previews\outgame_navigator\0x56D6E0E6_b1.png,projects\outgame_navigator\0x56D6E0E6\b1\composition.json,
outgame_navigator,0x56D6E0E6,c1,mapped,0x56D6E0E6/c1/00000,packages\outgame_navigator\0x56D6E0E6\png\c1_00000_872x960_bc7.png,872,960,2,6,previews\outgame_navigator\0x56D6E0E6_c1.png,projects\outgame_navigator\0x56D6E0E6\c1\composition.json,
outgame_navigator,0x56D6E0E6,d1,mapped,0x56D6E0E6/d1/00000,packages\outgame_navigator\0x56D6E0E6\png\d1_00000_872x960_bc7.png,872,960,2,17,previews\outgame_navigator\0x56D6E0E6_d1.png,projects\outgame_navigator\0x56D6E0E6\d1\composition.json,
outgame_navigator,0x56D6E0E6,d2,mapped,0x56D6E0E6/d2/00000,packages\outgame_navigator\0x56D6E0E6\png\d2_00000_872x960_bc7.png,872,960,2,17,previews\outgame_navigator\0x56D6E0E6_d2.png,projects\outgame_navigator\0x56D6E0E6\d2\composition.json,
outgame_navigator,0x56D6E0E6,d3,mapped,0x56D6E0E6/d3/00000,packages\outgame_navigator\0x56D6E0E6\png\d3_00000_872x960_bc7.png,872,960,2,17,previews\outgame_navigator\0x56D6E0E6_d3.png,projects\outgame_navigator\0x56D6E0E6\d3\composition.json,
outgame_navigator,0x56D6E0E6,e1,mapped,0x56D6E0E6/e1/00000,packages\outgame_navigator\0x56D6E0E6\png\e1_00000_872x960_bc7.png,872,960,2,17,previews\outgame_navigator\0x56D6E0E6_e1.png,projects\outgame_navigator\0x56D6E0E6\e1\composition.json,
outgame_navigator,0x56D6E0E6,e2,mapped,0x56D6E0E6/e2/00017,packages\outgame_navigator\0x56D6E0E6\png\e2_00017_872x960_bc7.png,872,960,2,17,previews\outgame_navigator\0x56D6E0E6_e2.png,projects\outgame_navigator\0x56D6E0E6\e2\composition.json,
outgame_navigator,0x56D6E0E6,e3,mapped,0x56D6E0E6/e3/00000,packages\outgame_navigator\0x56D6E0E6\png\e3_00000_872x960_bc7.png,872,960,2,17,previews\outgame_navigator\0x56D6E0E6_e3.png,projects\outgame_navigator\0x56D6E0E6\e3\composition.json,
outgame_navigator,0x56D6E0E6,f1,mapped,0x56D6E0E6/f1/00000,packages\outgame_navigator\0x56D6E0E6\png\f1_00000_872x960_bc7.png,872,960,2,6,previews\outgame_navigator\0x56D6E0E6_f1.png,projects\outgame_navigator\0x56D6E0E6\f1\composition.json,
outgame_navigator,0x56D6E0E6,g1,mapped,0x56D6E0E6/g1/00000,packages\outgame_navigator\0x56D6E0E6\png\g1_00000_872x960_bc7.png,872,960,0,0,previews\outgame_navigator\0x56D6E0E6_g1.png,projects\outgame_navigator\0x56D6E0E6\g1\composition.json,
combat_portrait,0x57175C60,g00,mapped,0x57175C60/g00/00001,packages\combat_portrait\0x57175C60\png\g00_00001_572x572_bc7.png,572,572,1,2,previews\combat_portrait\0x57175C60_g00.png,projects\combat_portrait\0x57175C60\g00\composition.json,
combat_portrait,0x5726D6F0,g00,mapped,0x5726D6F0/g00/00001,packages\combat_portrait\0x5726D6F0\png\g00_00001_572x572_bc7.png,572,572,1,2,previews\combat_portrait\0x5726D6F0_g00.png,projects\combat_portrait\0x5726D6F0\g00\composition.json,
combat_portrait,0x572830D2,g00,mapped,0x572830D2/g00/00001,packages\combat_portrait\0x572830D2\png\g00_00001_572x572_bc7.png,572,572,1,2,previews\combat_portrait\0x572830D2_g00.png,projects\combat_portrait\0x572830D2\g00\composition.json,
combat_portrait,0x5730F59A,g00,mapped,0x5730F59A/g00/00001,packages\combat_portrait\0x5730F59A\png\g00_00001_572x572_bc7.png,572,572,1,2,previews\combat_portrait\0x5730F59A_g00.png,projects\combat_portrait\0x5730F59A\g00\composition.json,
combat_portrait,0x573E13B8,g00,mapped,0x573E13B8/g00/00001,packages\combat_portrait\0x573E13B8\png\g00_00001_572x572_bc7.png,572,572,1,2,previews\combat_portrait\0x573E13B8_g00.png,projects\combat_portrait\0x573E13B8\g00\composition.json,
combat_portrait,0x59A3185E,g00,mapped,0x59A3185E/g00/00001,packages\combat_portrait\0x59A3185E\png\g00_00001_572x572_bc7.png,572,572,1,2,previews\combat_portrait\0x59A3185E_g00.png,projects\combat_portrait\0x59A3185E\g00\composition.json,
combat_portrait,0x5A07CA05,g00,mapped,0x5A07CA05/g00/00001,packages\combat_portrait\0x5A07CA05\png\g00_00001_572x572_bc7.png,572,572,1,2,previews\combat_portrait\0x5A07CA05_g00.png,projects\combat_portrait\0x5A07CA05\g00\composition.json,
outgame_navigator,0x5A9C5F30,a1,mapped,0x5A9C5F30/a1/00000,packages\outgame_navigator\0x5A9C5F30\png\a1_00000_872x960_bc7.png,872,960,2,15,previews\outgame_navigator\0x5A9C5F30_a1.png,projects\outgame_navigator\0x5A9C5F30\a1\composition.json,
outgame_navigator,0x5A9C5F30,a2,mapped,0x5A9C5F30/a2/00000,packages\outgame_navigator\0x5A9C5F30\png\a2_00000_872x960_bc7.png,872,960,2,15,previews\outgame_navigator\0x5A9C5F30_a2.png,projects\outgame_navigator\0x5A9C5F30\a2\composition.json,
outgame_navigator,0x5A9C5F30,b1,mapped,0x5A9C5F30/b1/00000,packages\outgame_navigator\0x5A9C5F30\png\b1_00000_872x960_bc7.png,872,960,2,15,previews\outgame_navigator\0x5A9C5F30_b1.png,projects\outgame_navigator\0x5A9C5F30\b1\composition.json,
outgame_navigator,0x5A9C5F30,b2,mapped,0x5A9C5F30/b2/00000,packages\outgame_navigator\0x5A9C5F30\png\b2_00000_872x960_bc7.png,872,960,2,15,previews\outgame_navigator\0x5A9C5F30_b2.png,projects\outgame_navigator\0x5A9C5F30\b2\composition.json,
outgame_navigator,0x5A9C5F30,c1,mapped,0x5A9C5F30/c1/00000,packages\outgame_navigator\0x5A9C5F30\png\c1_00000_872x960_bc7.png,872,960,2,15,previews\outgame_navigator\0x5A9C5F30_c1.png,projects\outgame_navigator\0x5A9C5F30\c1\composition.json,
outgame_navigator,0x5A9C5F30,c2,mapped,0x5A9C5F30/c2/00000,packages\outgame_navigator\0x5A9C5F30\png\c2_00000_872x960_bc7.png,872,960,2,15,previews\outgame_navigator\0x5A9C5F30_c2.png,projects\outgame_navigator\0x5A9C5F30\c2\composition.json,
combat_portrait,0x5B2DBF14,g00,mapped,0x5B2DBF14/g00/00001,packages\combat_portrait\0x5B2DBF14\png\g00_00001_572x572_bc7.png,572,572,1,2,previews\combat_portrait\0x5B2DBF14_g00.png,projects\combat_portrait\0x5B2DBF14\g00\composition.json,
combat_portrait,0x5D74D747,g00,mapped,0x5D74D747/g00/00001,packages\combat_portrait\0x5D74D747\png\g00_00001_572x572_bc7.png,572,572,1,2,previews\combat_portrait\0x5D74D747_g00.png,projects\combat_portrait\0x5D74D747\g00\composition.json,
ingame_navigator,0x5E12A638,a1,mapped,0x5E12A638/a1/00000,packages\ingame_navigator\0x5E12A638\png\a1_00000_260x180_bc7.png,260,180,2,12,previews\ingame_navigator\0x5E12A638_a1.png,projects\ingame_navigator\0x5E12A638\a1\composition.json,
combat_portrait,0x5EEF2268,g00,mapped,0x5EEF2268/g00/00001,packages\combat_portrait\0x5EEF2268\png\g00_00001_572x572_bc7.png,572,572,1,2,previews\combat_portrait\0x5EEF2268_g00.png,projects\combat_portrait\0x5EEF2268\g00\composition.json,
combat_portrait,0x5EF21A38,g00,mapped,0x5EF21A38/g00/00001,packages\combat_portrait\0x5EF21A38\png\g00_00001_572x572_bc7.png,572,572,1,2,previews\combat_portrait\0x5EF21A38_g00.png,projects\combat_portrait\0x5EF21A38\g00\composition.json,
combat_portrait,0x5FD6890B,g00,mapped,0x5FD6890B/g00/00001,packages\combat_portrait\0x5FD6890B\png\g00_00001_572x572_bc7.png,572,572,1,2,previews\combat_portrait\0x5FD6890B_g00.png,projects\combat_portrait\0x5FD6890B\g00\composition.json,
combat_portrait,0x5FF120F1,g00,mapped,0x5FF120F1/g00/00001,packages\combat_portrait\0x5FF120F1\png\g00_00001_572x572_bc7.png,572,572,1,2,previews\combat_portrait\0x5FF120F1_g00.png,projects\combat_portrait\0x5FF120F1\g00\composition.json,
combat_portrait,0x5FFFC6D3,g00,mapped,0x5FFFC6D3/g00/00001,packages\combat_portrait\0x5FFFC6D3\png\g00_00001_572x572_bc7.png,572,572,1,2,previews\combat_portrait\0x5FFFC6D3_g00.png,projects\combat_portrait\0x5FFFC6D3\g00\composition.json,
combat_portrait,0x6007D491,g00,mapped,0x6007D491/g00/00001,packages\combat_portrait\0x6007D491\png\g00_00001_572x572_bc7.png,572,572,1,2,previews\combat_portrait\0x6007D491_g00.png,projects\combat_portrait\0x6007D491\g00\composition.json,
combat_portrait,0x6014FEF7,g00,mapped,0x6014FEF7/g00/00001,packages\combat_portrait\0x6014FEF7\png\g00_00001_572x572_bc7.png,572,572,1,2,previews\combat_portrait\0x6014FEF7_g00.png,projects\combat_portrait\0x6014FEF7\g00\composition.json,
outgame_navigator,0x618872D9,a1,mapped,0x618872D9/a1/00000,packages\outgame_navigator\0x618872D9\png\a1_00000_872x960_bc7.png,872,960,2,24,previews\outgame_navigator\0x618872D9_a1.png,projects\outgame_navigator\0x618872D9\a1\composition.json,
outgame_navigator,0x618872D9,a2,mapped,0x618872D9/a2/00000,packages\outgame_navigator\0x618872D9\png\a2_00000_872x960_bc7.png,872,960,2,24,previews\outgame_navigator\0x618872D9_a2.png,projects\outgame_navigator\0x618872D9\a2\composition.json,
outgame_navigator,0x618872D9,b1,mapped,0x618872D9/b1/00000,packages\outgame_navigator\0x618872D9\png\b1_00000_872x960_bc7.png,872,960,2,27,previews\outgame_navigator\0x618872D9_b1.png,projects\outgame_navigator\0x618872D9\b1\composition.json,
outgame_navigator,0x618872D9,b2,mapped,0x618872D9/b2/00000,packages\outgame_navigator\0x618872D9\png\b2_00000_872x960_bc7.png,872,960,2,27,previews\outgame_navigator\0x618872D9_b2.png,projects\outgame_navigator\0x618872D9\b2\composition.json,
outgame_navigator,0x618872D9,b3,mapped,0x618872D9/b3/00000,packages\outgame_navigator\0x618872D9\png\b3_00000_872x960_bc7.png,872,960,2,27,previews\outgame_navigator\0x618872D9_b3.png,projects\outgame_navigator\0x618872D9\b3\composition.json,
outgame_navigator,0x618872D9,c1,mapped,0x618872D9/c1/00000,packages\outgame_navigator\0x618872D9\png\c1_00000_872x960_bc7.png,872,960,2,15,previews\outgame_navigator\0x618872D9_c1.png,projects\outgame_navigator\0x618872D9\c1\composition.json,
outgame_navigator,0x6212B422,a1,mapped,0x6212B422/a1/00000,packages\outgame_navigator\0x6212B422\png\a1_00000_872x960_bc7.png,872,960,2,24,previews\outgame_navigator\0x6212B422_a1.png,projects\outgame_navigator\0x6212B422\a1\composition.json,
outgame_navigator,0x6212B422,a2,mapped,0x6212B422/a2/00000,packages\outgame_navigator\0x6212B422\png\a2_00000_872x960_bc7.png,872,960,2,24,previews\outgame_navigator\0x6212B422_a2.png,projects\outgame_navigator\0x6212B422\a2\composition.json,
outgame_navigator,0x6212B422,b1,mapped,0x6212B422/b1/00000,packages\outgame_navigator\0x6212B422\png\b1_00000_872x960_bc7.png,872,960,2,24,previews\outgame_navigator\0x6212B422_b1.png,projects\outgame_navigator\0x6212B422\b1\composition.json,
outgame_navigator,0x6212B422,b2,mapped,0x6212B422/b2/00000,packages\outgame_navigator\0x6212B422\png\b2_00000_872x960_bc7.png,872,960,2,24,previews\outgame_navigator\0x6212B422_b2.png,projects\outgame_navigator\0x6212B422\b2\composition.json,
outgame_navigator,0x6212B422,c1,mapped,0x6212B422/c1/00000,packages\outgame_navigator\0x6212B422\png\c1_00000_872x960_bc7.png,872,960,2,18,previews\outgame_navigator\0x6212B422_c1.png,projects\outgame_navigator\0x6212B422\c1\composition.json,
outgame_navigator,0x6212B422,c2,mapped,0x6212B422/c2/00000,packages\outgame_navigator\0x6212B422\png\c2_00000_872x960_bc7.png,872,960,2,18,previews\outgame_navigator\0x6212B422_c2.png,projects\outgame_navigator\0x6212B422\c2\composition.json,
combat_portrait,0x62910941,g00,mapped,0x62910941/g00/00001,packages\combat_portrait\0x62910941\png\g00_00001_572x572_bc7.png,572,572,1,2,previews\combat_portrait\0x62910941_g00.png,projects\combat_portrait\0x62910941\g00\composition.json,
combat_portrait,0x629A127B,g00,mapped,0x629A127B/g00/00001,packages\combat_portrait\0x629A127B\png\g00_00001_572x572_bc7.png,572,572,2,4,previews\combat_portrait\0x629A127B_g00.png,projects\combat_portrait\0x629A127B\g00\composition.json,
combat_portrait,0x62AE65F3,g00,mapped,0x62AE65F3/g00/00001,packages\combat_portrait\0x62AE65F3\png\g00_00001_572x572_bc7.png,572,572,1,2,previews\combat_portrait\0x62AE65F3_g00.png,projects\combat_portrait\0x62AE65F3\g00\composition.json,
outgame_navigator,0x63BDB9B0,a1,mapped,0x63BDB9B0/a1/00000,packages\outgame_navigator\0x63BDB9B0\png\a1_00000_872x960_bc7.png,872,960,2,18,previews\outgame_navigator\0x63BDB9B0_a1.png,projects\outgame_navigator\0x63BDB9B0\a1\composition.json,
outgame_navigator,0x63BDB9B0,a2,mapped,0x63BDB9B0/a2/00000,packages\outgame_navigator\0x63BDB9B0\png\a2_00000_872x960_bc7.png,872,960,2,18,previews\outgame_navigator\0x63BDB9B0_a2.png,projects\outgame_navigator\0x63BDB9B0\a2\composition.json,
outgame_navigator,0x63BDB9B0,b1,mapped,0x63BDB9B0/b1/00000,packages\outgame_navigator\0x63BDB9B0\png\b1_00000_872x960_bc7.png,872,960,2,12,previews\outgame_navigator\0x63BDB9B0_b1.png,projects\outgame_navigator\0x63BDB9B0\b1\composition.json,
outgame_navigator,0x63BDB9B0,b2,mapped,0x63BDB9B0/b2/00000,packages\outgame_navigator\0x63BDB9B0\png\b2_00000_872x960_bc7.png,872,960,2,12,previews\outgame_navigator\0x63BDB9B0_b2.png,projects\outgame_navigator\0x63BDB9B0\b2\composition.json,
outgame_navigator,0x63BDB9B0,c1,mapped,0x63BDB9B0/c1/00000,packages\outgame_navigator\0x63BDB9B0\png\c1_00000_872x960_bc7.png,872,960,2,12,previews\outgame_navigator\0x63BDB9B0_c1.png,projects\outgame_navigator\0x63BDB9B0\c1\composition.json,
outgame_navigator,0x63BDB9B0,c2,mapped,0x63BDB9B0/c2/00000,packages\outgame_navigator\0x63BDB9B0\png\c2_00000_872x960_bc7.png,872,960,2,12,previews\outgame_navigator\0x63BDB9B0_c2.png,projects\outgame_navigator\0x63BDB9B0\c2\composition.json,
outgame_navigator,0x63BDB9B0,d1,mapped,0x63BDB9B0/d1/00000,packages\outgame_navigator\0x63BDB9B0\png\d1_00000_872x960_bc7.png,872,960,2,6,previews\outgame_navigator\0x63BDB9B0_d1.png,projects\outgame_navigator\0x63BDB9B0\d1\composition.json,
combat_portrait,0x65D6979F,g00,mapped,0x65D6979F/g00/00001,packages\combat_portrait\0x65D6979F\png\g00_00001_572x572_bc7.png,572,572,1,2,previews\combat_portrait\0x65D6979F_g00.png,projects\combat_portrait\0x65D6979F\g00\composition.json,
ingame_navigator,0x68C2BBB5,a1,mapped,0x68C2BBB5/a1/00000,packages\ingame_navigator\0x68C2BBB5\png\a1_00000_260x180_bc7.png,260,180,2,8,previews\ingame_navigator\0x68C2BBB5_a1.png,projects\ingame_navigator\0x68C2BBB5\a1\composition.json,
combat_portrait,0x6925AC37,g00,mapped,0x6925AC37/g00/00001,packages\combat_portrait\0x6925AC37\png\g00_00001_572x572_bc7.png,572,572,1,2,previews\combat_portrait\0x6925AC37_g00.png,projects\combat_portrait\0x6925AC37\g00\composition.json,
ingame_navigator,0x69590D2A,a1,mapped,0x69590D2A/a1/00000,packages\ingame_navigator\0x69590D2A\png\a1_00000_260x180_bc7.png,260,180,2,6,previews\ingame_navigator\0x69590D2A_a1.png,projects\ingame_navigator\0x69590D2A\a1\composition.json,
combat_portrait,0x6A481962,g00,mapped,0x6A481962/g00/00001,packages\combat_portrait\0x6A481962\png\g00_00001_572x572_bc7.png,572,572,1,2,previews\combat_portrait\0x6A481962_g00.png,projects\combat_portrait\0x6A481962\g00\composition.json,
combat_portrait,0x6A50DC2A,g00,mapped,0x6A50DC2A/g00/00001,packages\combat_portrait\0x6A50DC2A\png\g00_00001_572x572_bc7.png,572,572,1,2,previews\combat_portrait\0x6A50DC2A_g00.png,projects\combat_portrait\0x6A50DC2A\g00\composition.json,
outgame_navigator,0x6A55EEBF,a1,mapped,0x6A55EEBF/a1/00000,packages\outgame_navigator\0x6A55EEBF\png\a1_00000_872x960_bc7.png,872,960,2,18,previews\outgame_navigator\0x6A55EEBF_a1.png,projects\outgame_navigator\0x6A55EEBF\a1\composition.json,
outgame_navigator,0x6A55EEBF,a2,mapped,0x6A55EEBF/a2/00000,packages\outgame_navigator\0x6A55EEBF\png\a2_00000_872x960_bc7.png,872,960,2,18,previews\outgame_navigator\0x6A55EEBF_a2.png,projects\outgame_navigator\0x6A55EEBF\a2\composition.json,
outgame_navigator,0x6A55EEBF,a3,mapped,0x6A55EEBF/a3/00000,packages\outgame_navigator\0x6A55EEBF\png\a3_00000_872x960_bc7.png,872,960,2,18,previews\outgame_navigator\0x6A55EEBF_a3.png,projects\outgame_navigator\0x6A55EEBF\a3\composition.json,
outgame_navigator,0x6A55EEBF,b1,mapped,0x6A55EEBF/b1/00000,packages\outgame_navigator\0x6A55EEBF\png\b1_00000_872x960_bc7.png,872,960,2,12,previews\outgame_navigator\0x6A55EEBF_b1.png,projects\outgame_navigator\0x6A55EEBF\b1\composition.json,
outgame_navigator,0x6A55EEBF,b2,mapped,0x6A55EEBF/b2/00000,packages\outgame_navigator\0x6A55EEBF\png\b2_00000_872x960_bc7.png,872,960,2,12,previews\outgame_navigator\0x6A55EEBF_b2.png,projects\outgame_navigator\0x6A55EEBF\b2\composition.json,
outgame_navigator,0x6A55EEBF,c1,mapped,0x6A55EEBF/c1/00000,packages\outgame_navigator\0x6A55EEBF\png\c1_00000_872x960_bc7.png,872,960,2,12,previews\outgame_navigator\0x6A55EEBF_c1.png,projects\outgame_navigator\0x6A55EEBF\c1\composition.json,
outgame_navigator,0x6A55EEBF,c2,mapped,0x6A55EEBF/c2/00000,packages\outgame_navigator\0x6A55EEBF\png\c2_00000_872x960_bc7.png,872,960,2,12,previews\outgame_navigator\0x6A55EEBF_c2.png,projects\outgame_navigator\0x6A55EEBF\c2\composition.json,
combat_portrait,0x6A5E3A08,g00,mapped,0x6A5E3A08/g00/00001,packages\combat_portrait\0x6A5E3A08\png\g00_00001_572x572_bc7.png,572,572,1,2,previews\combat_portrait\0x6A5E3A08_g00.png,projects\combat_portrait\0x6A5E3A08\g00\composition.json,
combat_portrait,0x6A6156BA,g00,mapped,0x6A6156BA/g00/00001,packages\combat_portrait\0x6A6156BA\png\g00_00001_572x572_bc7.png,572,572,1,2,previews\combat_portrait\0x6A6156BA_g00.png,projects\combat_portrait\0x6A6156BA\g00\composition.json,
ingame_navigator,0x6B3EA14A,a1,mapped,0x6B3EA14A/a1/00000,packages\ingame_navigator\0x6B3EA14A\png\a1_00000_260x180_bc7.png,260,180,2,10,previews\ingame_navigator\0x6B3EA14A_a1.png,projects\ingame_navigator\0x6B3EA14A\a1\composition.json,
combat_portrait,0x6B626C73,g00,mapped,0x6B626C73/g00/00001,packages\combat_portrait\0x6B626C73\png\g00_00001_572x572_bc7.png,572,572,1,2,previews\combat_portrait\0x6B626C73_g00.png,projects\combat_portrait\0x6B626C73\g00\composition.json,
combat_portrait,0x6B744F19,g00,mapped,0x6B744F19/g00/00001,packages\combat_portrait\0x6B744F19\png\g00_00001_572x572_bc7.png,572,572,1,2,previews\combat_portrait\0x6B744F19_g00.png,projects\combat_portrait\0x6B744F19\g00\composition.json,
combat_portrait,0x6B7AA93B,g00,mapped,0x6B7AA93B/g00/00001,packages\combat_portrait\0x6B7AA93B\png\g00_00001_572x572_bc7.png,572,572,1,2,previews\combat_portrait\0x6B7AA93B_g00.png,projects\combat_portrait\0x6B7AA93B\g00\composition.json,
outgame_navigator,0x6E436400,a1,mapped,0x6E436400/a1/00000,packages\outgame_navigator\0x6E436400\png\a1_00000_872x960_bc7.png,872,960,2,15,previews\outgame_navigator\0x6E436400_a1.png,projects\outgame_navigator\0x6E436400\a1\composition.json,
outgame_navigator,0x6E436400,a2,mapped,0x6E436400/a2/00000,packages\outgame_navigator\0x6E436400\png\a2_00000_872x960_bc7.png,872,960,2,15,previews\outgame_navigator\0x6E436400_a2.png,projects\outgame_navigator\0x6E436400\a2\composition.json,
outgame_navigator,0x6E436400,b1,mapped,0x6E436400/b1/00000,packages\outgame_navigator\0x6E436400\png\b1_00000_872x960_bc7.png,872,960,2,12,previews\outgame_navigator\0x6E436400_b1.png,projects\outgame_navigator\0x6E436400\b1\composition.json,
outgame_navigator,0x6E436400,b2,mapped,0x6E436400/b2/00000,packages\outgame_navigator\0x6E436400\png\b2_00000_872x960_bc7.png,872,960,2,12,previews\outgame_navigator\0x6E436400_b2.png,projects\outgame_navigator\0x6E436400\b2\composition.json,
outgame_navigator,0x6E436400,c1,mapped,0x6E436400/c1/00000,packages\outgame_navigator\0x6E436400\png\c1_00000_872x960_bc7.png,872,960,2,18,previews\outgame_navigator\0x6E436400_c1.png,projects\outgame_navigator\0x6E436400\c1\composition.json,
outgame_navigator,0x6E436400,c2,mapped,0x6E436400/c2/00000,packages\outgame_navigator\0x6E436400\png\c2_00000_872x960_bc7.png,872,960,2,18,previews\outgame_navigator\0x6E436400_c2.png,projects\outgame_navigator\0x6E436400\c2\composition.json,
outgame_navigator,0x6E436400,d1,mapped,0x6E436400/d1/00000,packages\outgame_navigator\0x6E436400\png\d1_00000_872x960_bc7.png,872,960,2,18,previews\outgame_navigator\0x6E436400_d1.png,projects\outgame_navigator\0x6E436400\d1\composition.json,
outgame_navigator,0x6E436400,d2,mapped,0x6E436400/d2/00000,packages\outgame_navigator\0x6E436400\png\d2_00000_872x960_bc7.png,872,960,2,18,previews\outgame_navigator\0x6E436400_d2.png,projects\outgame_navigator\0x6E436400\d2\composition.json,
outgame_navigator,0x6E8413CD,a1,mapped,0x6E8413CD/a1/00000,packages\outgame_navigator\0x6E8413CD\png\a1_00000_872x960_bc7.png,872,960,2,18,previews\outgame_navigator\0x6E8413CD_a1.png,projects\outgame_navigator\0x6E8413CD\a1\composition.json,
outgame_navigator,0x6E8413CD,a2,mapped,0x6E8413CD/a2/00000,packages\outgame_navigator\0x6E8413CD\png\a2_00000_872x960_bc7.png,872,960,2,18,previews\outgame_navigator\0x6E8413CD_a2.png,projects\outgame_navigator\0x6E8413CD\a2\composition.json,
outgame_navigator,0x6E8413CD,d1,mapped,0x6E8413CD/d1/00000,packages\outgame_navigator\0x6E8413CD\png\d1_00000_872x960_bc7.png,872,960,2,12,previews\outgame_navigator\0x6E8413CD_d1.png,projects\outgame_navigator\0x6E8413CD\d1\composition.json,
outgame_navigator,0x6E8413CD,d2,mapped,0x6E8413CD/d2/00000,packages\outgame_navigator\0x6E8413CD\png\d2_00000_872x960_bc7.png,872,960,2,12,previews\outgame_navigator\0x6E8413CD_d2.png,projects\outgame_navigator\0x6E8413CD\d2\composition.json,
combat_portrait,0x6E948687,g00,mapped,0x6E948687/g00/00001,packages\combat_portrait\0x6E948687\png\g00_00001_572x572_bc7.png,572,572,1,2,previews\combat_portrait\0x6E948687_g00.png,projects\combat_portrait\0x6E948687\g00\composition.json,
combat_portrait,0x6EABEA35,g00,mapped,0x6EABEA35/g00/00001,packages\combat_portrait\0x6EABEA35\png\g00_00001_572x572_bc7.png,572,572,1,2,previews\combat_portrait\0x6EABEA35_g00.png,projects\combat_portrait\0x6EABEA35\g00\composition.json,
combat_portrait,0x6EBDC95F,g00,mapped,0x6EBDC95F/g00/00001,packages\combat_portrait\0x6EBDC95F\png\g00_00001_572x572_bc7.png,572,572,1,2,previews\combat_portrait\0x6EBDC95F_g00.png,projects\combat_portrait\0x6EBDC95F\g00\composition.json,
combat_portrait,0x6F84623C,g00,mapped,0x6F84623C/g00/00001,packages\combat_portrait\0x6F84623C\png\g00_00001_572x572_bc7.png,572,572,1,2,previews\combat_portrait\0x6F84623C_g00.png,projects\combat_portrait\0x6F84623C\g00\composition.json,
combat_portrait,0x6F8F7906,g00,mapped,0x6F8F7906/g00/00001,packages\combat_portrait\0x6F8F7906\png\g00_00001_572x572_bc7.png,572,572,1,2,previews\combat_portrait\0x6F8F7906_g00.png,projects\combat_portrait\0x6F8F7906\g00\composition.json,
combat_portrait,0x6F995A6C,g00,mapped,0x6F995A6C/g00/00001,packages\combat_portrait\0x6F995A6C\png\g00_00001_572x572_bc7.png,572,572,1,2,previews\combat_portrait\0x6F995A6C_g00.png,projects\combat_portrait\0x6F995A6C\g00\composition.json,
outgame_navigator,0x6FD9D63E,a1,mapped,0x6FD9D63E/a1/00000,packages\outgame_navigator\0x6FD9D63E\png\a1_00000_872x960_bc7.png,872,960,2,21,previews\outgame_navigator\0x6FD9D63E_a1.png,projects\outgame_navigator\0x6FD9D63E\a1\composition.json,
outgame_navigator,0x6FD9D63E,b1,mapped,0x6FD9D63E/b1/00000,packages\outgame_navigator\0x6FD9D63E\png\b1_00000_872x960_bc7.png,872,960,2,12,previews\outgame_navigator\0x6FD9D63E_b1.png,projects\outgame_navigator\0x6FD9D63E\b1\composition.json,
outgame_navigator,0x6FD9D63E,b2,mapped,0x6FD9D63E/b2/00000,packages\outgame_navigator\0x6FD9D63E\png\b2_00000_872x960_bc7.png,872,960,2,12,previews\outgame_navigator\0x6FD9D63E_b2.png,projects\outgame_navigator\0x6FD9D63E\b2\composition.json,
outgame_navigator,0x6FD9D63E,c1,mapped,0x6FD9D63E/c1/00000,packages\outgame_navigator\0x6FD9D63E\png\c1_00000_872x960_bc7.png,872,960,2,6,previews\outgame_navigator\0x6FD9D63E_c1.png,projects\outgame_navigator\0x6FD9D63E\c1\composition.json,
outgame_navigator,0x6FD9D63E,d1,mapped,0x6FD9D63E/d1/00000,packages\outgame_navigator\0x6FD9D63E\png\d1_00000_872x960_bc7.png,872,960,2,10,previews\outgame_navigator\0x6FD9D63E_d1.png,projects\outgame_navigator\0x6FD9D63E\d1\composition.json,
outgame_navigator,0x6FD9D63E,d2,mapped,0x6FD9D63E/d2/00000,packages\outgame_navigator\0x6FD9D63E\png\d2_00000_872x960_bc7.png,872,960,2,10,previews\outgame_navigator\0x6FD9D63E_d2.png,projects\outgame_navigator\0x6FD9D63E\d2\composition.json,
outgame_navigator,0x6FD9D63E,e1,mapped,0x6FD9D63E/e1/00000,packages\outgame_navigator\0x6FD9D63E\png\e1_00000_872x960_bc7.png,872,960,2,12,previews\outgame_navigator\0x6FD9D63E_e1.png,projects\outgame_navigator\0x6FD9D63E\e1\composition.json,
outgame_navigator,0x6FD9D63E,e2,mapped,0x6FD9D63E/e2/00000,packages\outgame_navigator\0x6FD9D63E\png\e2_00000_872x960_bc7.png,872,960,2,12,previews\outgame_navigator\0x6FD9D63E_e2.png,projects\outgame_navigator\0x6FD9D63E\e2\composition.json,
combat_portrait,0x700432BE,g00,mapped,0x700432BE/g00/00001,packages\combat_portrait\0x700432BE\png\g00_00001_572x572_bc7.png,572,572,1,4,previews\combat_portrait\0x700432BE_g00.png,projects\combat_portrait\0x700432BE\g00\composition.json,
outgame_navigator,0x703F0B3A,a1,mapped,0x703F0B3A/a1/00000,packages\outgame_navigator\0x703F0B3A\png\a1_00000_872x960_bc7.png,872,960,2,24,previews\outgame_navigator\0x703F0B3A_a1.png,projects\outgame_navigator\0x703F0B3A\a1\composition.json,
outgame_navigator,0x703F0B3A,a2,mapped,0x703F0B3A/a2/00000,packages\outgame_navigator\0x703F0B3A\png\a2_00000_872x960_bc7.png,872,960,2,24,previews\outgame_navigator\0x703F0B3A_a2.png,projects\outgame_navigator\0x703F0B3A\a2\composition.json,
outgame_navigator,0x703F0B3A,a3,mapped,0x703F0B3A/a3/00000,packages\outgame_navigator\0x703F0B3A\png\a3_00000_872x960_bc7.png,872,960,2,24,previews\outgame_navigator\0x703F0B3A_a3.png,projects\outgame_navigator\0x703F0B3A\a3\composition.json,
outgame_navigator,0x703F0B3A,a4,mapped,0x703F0B3A/a4/00000,packages\outgame_navigator\0x703F0B3A\png\a4_00000_872x960_bc7.png,872,960,2,24,previews\outgame_navigator\0x703F0B3A_a4.png,projects\outgame_navigator\0x703F0B3A\a4\composition.json,
outgame_navigator,0x703F0B3A,b1,mapped,0x703F0B3A/b1/00000,packages\outgame_navigator\0x703F0B3A\png\b1_00000_872x960_bc7.png,872,960,2,12,previews\outgame_navigator\0x703F0B3A_b1.png,projects\outgame_navigator\0x703F0B3A\b1\composition.json,
outgame_navigator,0x703F0B3A,b2,mapped,0x703F0B3A/b2/00000,packages\outgame_navigator\0x703F0B3A\png\b2_00000_872x960_bc7.png,872,960,2,12,previews\outgame_navigator\0x703F0B3A_b2.png,projects\outgame_navigator\0x703F0B3A\b2\composition.json,
outgame_navigator,0x707A36C4,a1,mapped,0x707A36C4/a1/00000,packages\outgame_navigator\0x707A36C4\png\a1_00000_872x960_bc7.png,872,960,2,18,previews\outgame_navigator\0x707A36C4_a1.png,projects\outgame_navigator\0x707A36C4\a1\composition.json,
outgame_navigator,0x707A36C4,a2,mapped,0x707A36C4/a2/00000,packages\outgame_navigator\0x707A36C4\png\a2_00000_872x960_bc7.png,872,960,2,18,previews\outgame_navigator\0x707A36C4_a2.png,projects\outgame_navigator\0x707A36C4\a2\composition.json,
outgame_navigator,0x707A36C4,b1,mapped,0x707A36C4/b1/00000,packages\outgame_navigator\0x707A36C4\png\b1_00000_872x960_bc7.png,872,960,2,6,previews\outgame_navigator\0x707A36C4_b1.png,projects\outgame_navigator\0x707A36C4\b1\composition.json,
outgame_navigator,0x707A36C4,c1,mapped,0x707A36C4/c1/00000,packages\outgame_navigator\0x707A36C4\png\c1_00000_872x960_bc7.png,872,960,2,12,previews\outgame_navigator\0x707A36C4_c1.png,projects\outgame_navigator\0x707A36C4\c1\composition.json,
outgame_navigator,0x707A36C4,c2,mapped,0x707A36C4/c2/00000,packages\outgame_navigator\0x707A36C4\png\c2_00000_872x960_bc7.png,872,960,2,12,previews\outgame_navigator\0x707A36C4_c2.png,projects\outgame_navigator\0x707A36C4\c2\composition.json,
outgame_navigator,0x710A1333,a1,mapped,0x710A1333/a1/00000,packages\outgame_navigator\0x710A1333\png\a1_00000_872x960_bc7.png,872,960,2,36,previews\outgame_navigator\0x710A1333_a1.png,projects\outgame_navigator\0x710A1333\a1\composition.json,
outgame_navigator,0x710A1333,a2,mapped,0x710A1333/a2/00000,packages\outgame_navigator\0x710A1333\png\a2_00000_872x960_bc7.png,872,960,2,36,previews\outgame_navigator\0x710A1333_a2.png,projects\outgame_navigator\0x710A1333\a2\composition.json,
outgame_navigator,0x710A1333,a3,mapped,0x710A1333/a3/00000,packages\outgame_navigator\0x710A1333\png\a3_00000_872x960_bc7.png,872,960,2,36,previews\outgame_navigator\0x710A1333_a3.png,projects\outgame_navigator\0x710A1333\a3\composition.json,
outgame_navigator,0x710A1333,b1,mapped,0x710A1333/b1/00000,packages\outgame_navigator\0x710A1333\png\b1_00000_872x960_bc7.png,872,960,2,24,previews\outgame_navigator\0x710A1333_b1.png,projects\outgame_navigator\0x710A1333\b1\composition.json,
outgame_navigator,0x710A1333,b2,mapped,0x710A1333/b2/00000,packages\outgame_navigator\0x710A1333\png\b2_00000_872x960_bc7.png,872,960,2,24,previews\outgame_navigator\0x710A1333_b2.png,projects\outgame_navigator\0x710A1333\b2\composition.json,
outgame_navigator,0x710A1333,c1,mapped,0x710A1333/c1/00000,packages\outgame_navigator\0x710A1333\png\c1_00000_872x960_bc7.png,872,960,2,18,previews\outgame_navigator\0x710A1333_c1.png,projects\outgame_navigator\0x710A1333\c1\composition.json,
outgame_navigator,0x710A1333,c2,mapped,0x710A1333/c2/00000,packages\outgame_navigator\0x710A1333\png\c2_00000_872x960_bc7.png,872,960,2,18,previews\outgame_navigator\0x710A1333_c2.png,projects\outgame_navigator\0x710A1333\c2\composition.json,
outgame_navigator,0x710A1333,c3,mapped,0x710A1333/c3/00000,packages\outgame_navigator\0x710A1333\png\c3_00000_872x960_bc7.png,872,960,2,18,previews\outgame_navigator\0x710A1333_c3.png,projects\outgame_navigator\0x710A1333\c3\composition.json,
outgame_navigator,0x710A1333,d1,mapped,0x710A1333/d1/00000,packages\outgame_navigator\0x710A1333\png\d1_00000_872x960_bc7.png,872,960,2,18,previews\outgame_navigator\0x710A1333_d1.png,projects\outgame_navigator\0x710A1333\d1\composition.json,
outgame_navigator,0x710A1333,d2,mapped,0x710A1333/d2/00000,packages\outgame_navigator\0x710A1333\png\d2_00000_872x960_bc7.png,872,960,2,18,previews\outgame_navigator\0x710A1333_d2.png,projects\outgame_navigator\0x710A1333\d2\composition.json,
outgame_navigator,0x710A1333,d3,mapped,0x710A1333/d3/00000,packages\outgame_navigator\0x710A1333\png\d3_00000_872x960_bc7.png,872,960,2,18,previews\outgame_navigator\0x710A1333_d3.png,projects\outgame_navigator\0x710A1333\d3\composition.json,
outgame_navigator,0x7243D07F,a1,mapped,0x7243D07F/a1/00000,packages\outgame_navigator\0x7243D07F\png\a1_00000_872x960_bc7.png,872,960,2,36,previews\outgame_navigator\0x7243D07F_a1.png,projects\outgame_navigator\0x7243D07F\a1\composition.json,
outgame_navigator,0x7243D07F,a2,mapped,0x7243D07F/a2/00000,packages\outgame_navigator\0x7243D07F\png\a2_00000_872x960_bc7.png,872,960,2,36,previews\outgame_navigator\0x7243D07F_a2.png,projects\outgame_navigator\0x7243D07F\a2\composition.json,
outgame_navigator,0x7243D07F,b1,mapped,0x7243D07F/b1/00000,packages\outgame_navigator\0x7243D07F\png\b1_00000_872x960_bc7.png,872,960,2,17,previews\outgame_navigator\0x7243D07F_b1.png,projects\outgame_navigator\0x7243D07F\b1\composition.json,
outgame_navigator,0x7243D07F,b2,mapped,0x7243D07F/b2/00000,packages\outgame_navigator\0x7243D07F\png\b2_00000_872x960_bc7.png,872,960,2,17,previews\outgame_navigator\0x7243D07F_b2.png,projects\outgame_navigator\0x7243D07F\b2\composition.json,
outgame_navigator,0x7243D07F,b3,mapped,0x7243D07F/b3/00000,packages\outgame_navigator\0x7243D07F\png\b3_00000_872x960_bc7.png,872,960,2,17,previews\outgame_navigator\0x7243D07F_b3.png,projects\outgame_navigator\0x7243D07F\b3\composition.json,
outgame_navigator,0x7243D07F,b4,mapped,0x7243D07F/b4/00000,packages\outgame_navigator\0x7243D07F\png\b4_00000_872x960_bc7.png,872,960,2,17,previews\outgame_navigator\0x7243D07F_b4.png,projects\outgame_navigator\0x7243D07F\b4\composition.json,
outgame_navigator,0x7243D07F,c1,mapped,0x7243D07F/c1/00000,packages\outgame_navigator\0x7243D07F\png\c1_00000_872x960_bc7.png,872,960,2,35,previews\outgame_navigator\0x7243D07F_c1.png,projects\outgame_navigator\0x7243D07F\c1\composition.json,
outgame_navigator,0x7243D07F,c2,mapped,0x7243D07F/c2/00000,packages\outgame_navigator\0x7243D07F\png\c2_00000_872x960_bc7.png,872,960,2,35,previews\outgame_navigator\0x7243D07F_c2.png,projects\outgame_navigator\0x7243D07F\c2\composition.json,
outgame_navigator,0x7243D07F,d1,mapped,0x7243D07F/d1/00000,packages\outgame_navigator\0x7243D07F\png\d1_00000_872x960_bc7.png,872,960,2,13,previews\outgame_navigator\0x7243D07F_d1.png,projects\outgame_navigator\0x7243D07F\d1\composition.json,
outgame_navigator,0x7243D07F,e1,mapped,0x7243D07F/e1/00000,packages\outgame_navigator\0x7243D07F\png\e1_00000_872x960_bc7.png,872,960,2,4,previews\outgame_navigator\0x7243D07F_e1.png,projects\outgame_navigator\0x7243D07F\e1\composition.json,
outgame_navigator,0x7243D07F,f1,mapped,0x7243D07F/f1/00000,packages\outgame_navigator\0x7243D07F\png\f1_00000_872x960_bc7.png,872,960,2,10,previews\outgame_navigator\0x7243D07F_f1.png,projects\outgame_navigator\0x7243D07F\f1\composition.json,
combat_portrait,0x728A95F4,g00,mapped,0x728A95F4/g00/00001,packages\combat_portrait\0x728A95F4\png\g00_00001_572x572_bc7.png,572,572,1,2,previews\combat_portrait\0x728A95F4_g00.png,projects\combat_portrait\0x728A95F4\g00\composition.json,
outgame_navigator,0x7476B38C,a1,mapped,0x7476B38C/a1/00000,packages\outgame_navigator\0x7476B38C\png\a1_00000_872x960_bc7.png,872,960,2,30,previews\outgame_navigator\0x7476B38C_a1.png,projects\outgame_navigator\0x7476B38C\a1\composition.json,
outgame_navigator,0x7476B38C,a2,mapped,0x7476B38C/a2/00000,packages\outgame_navigator\0x7476B38C\png\a2_00000_872x960_bc7.png,872,960,2,30,previews\outgame_navigator\0x7476B38C_a2.png,projects\outgame_navigator\0x7476B38C\a2\composition.json,
outgame_navigator,0x7476B38C,a3,mapped,0x7476B38C/a3/00000,packages\outgame_navigator\0x7476B38C\png\a3_00000_872x960_bc7.png,872,960,2,30,previews\outgame_navigator\0x7476B38C_a3.png,projects\outgame_navigator\0x7476B38C\a3\composition.json,
outgame_navigator,0x7476B38C,a4,mapped,0x7476B38C/a4/00000,packages\outgame_navigator\0x7476B38C\png\a4_00000_872x960_bc7.png,872,960,2,30,previews\outgame_navigator\0x7476B38C_a4.png,projects\outgame_navigator\0x7476B38C\a4\composition.json,
outgame_navigator,0x7476B38C,b1,mapped,0x7476B38C/b1/00000,packages\outgame_navigator\0x7476B38C\png\b1_00000_872x960_bc7.png,872,960,2,42,previews\outgame_navigator\0x7476B38C_b1.png,projects\outgame_navigator\0x7476B38C\b1\composition.json,
outgame_navigator,0x7476B38C,b2,mapped,0x7476B38C/b2/00000,packages\outgame_navigator\0x7476B38C\png\b2_00000_872x960_bc7.png,872,960,2,42,previews\outgame_navigator\0x7476B38C_b2.png,projects\outgame_navigator\0x7476B38C\b2\composition.json,
outgame_navigator,0x7476B38C,c1,mapped,0x7476B38C/c1/00000,packages\outgame_navigator\0x7476B38C\png\c1_00000_872x960_bc7.png,872,960,2,18,previews\outgame_navigator\0x7476B38C_c1.png,projects\outgame_navigator\0x7476B38C\c1\composition.json,
outgame_navigator,0x7476B38C,d1,mapped,0x7476B38C/d1/00000,packages\outgame_navigator\0x7476B38C\png\d1_00000_872x960_bc7.png,872,960,2,18,previews\outgame_navigator\0x7476B38C_d1.png,projects\outgame_navigator\0x7476B38C\d1\composition.json,
outgame_navigator,0x7476B38C,e1,mapped,0x7476B38C/e1/00000,packages\outgame_navigator\0x7476B38C\png\e1_00000_872x960_bc7.png,872,960,2,6,previews\outgame_navigator\0x7476B38C_e1.png,projects\outgame_navigator\0x7476B38C\e1\composition.json,
outgame_navigator,0x7476B38C,f1,mapped,0x7476B38C/f1/00000,packages\outgame_navigator\0x7476B38C\png\f1_00000_872x960_bc7.png,872,960,1,3,previews\outgame_navigator\0x7476B38C_f1.png,projects\outgame_navigator\0x7476B38C\f1\composition.json,
outgame_navigator,0x747ABC6E,a1,mapped,0x747ABC6E/a1/00000,packages\outgame_navigator\0x747ABC6E\png\a1_00000_872x960_bc7.png,872,960,2,12,previews\outgame_navigator\0x747ABC6E_a1.png,projects\outgame_navigator\0x747ABC6E\a1\composition.json,
outgame_navigator,0x747ABC6E,a2,mapped,0x747ABC6E/a2/00000,packages\outgame_navigator\0x747ABC6E\png\a2_00000_872x960_bc7.png,872,960,2,12,previews\outgame_navigator\0x747ABC6E_a2.png,projects\outgame_navigator\0x747ABC6E\a2\composition.json,
outgame_navigator,0x747ABC6E,b1,mapped,0x747ABC6E/b1/00000,packages\outgame_navigator\0x747ABC6E\png\b1_00000_872x960_bc7.png,872,960,2,12,previews\outgame_navigator\0x747ABC6E_b1.png,projects\outgame_navigator\0x747ABC6E\b1\composition.json,
outgame_navigator,0x747ABC6E,b2,mapped,0x747ABC6E/b2/00000,packages\outgame_navigator\0x747ABC6E\png\b2_00000_872x960_bc7.png,872,960,2,12,previews\outgame_navigator\0x747ABC6E_b2.png,projects\outgame_navigator\0x747ABC6E\b2\composition.json,
outgame_navigator,0x747ABC6E,c1,mapped,0x747ABC6E/c1/00000,packages\outgame_navigator\0x747ABC6E\png\c1_00000_872x960_bc7.png,872,960,2,12,previews\outgame_navigator\0x747ABC6E_c1.png,projects\outgame_navigator\0x747ABC6E\c1\composition.json,
outgame_navigator,0x747ABC6E,c2,mapped,0x747ABC6E/c2/00000,packages\outgame_navigator\0x747ABC6E\png\c2_00000_872x960_bc7.png,872,960,2,12,previews\outgame_navigator\0x747ABC6E_c2.png,projects\outgame_navigator\0x747ABC6E\c2\composition.json,
outgame_navigator,0x747ABC6E,d1,mapped,0x747ABC6E/d1/00000,packages\outgame_navigator\0x747ABC6E\png\d1_00000_872x960_bc7.png,872,960,2,4,previews\outgame_navigator\0x747ABC6E_d1.png,projects\outgame_navigator\0x747ABC6E\d1\composition.json,
combat_portrait,0x74D8AD5B,g00,mapped,0x74D8AD5B/g00/00001,packages\combat_portrait\0x74D8AD5B\png\g00_00001_572x572_bc7.png,572,572,1,2,previews\combat_portrait\0x74D8AD5B_g00.png,projects\combat_portrait\0x74D8AD5B\g00\composition.json,
outgame_navigator,0x74E74B6F,a1,mapped,0x74E74B6F/a1/00000,packages\outgame_navigator\0x74E74B6F\png\a1_00000_872x960_bc7.png,872,960,2,15,previews\outgame_navigator\0x74E74B6F_a1.png,projects\outgame_navigator\0x74E74B6F\a1\composition.json,
outgame_navigator,0x74E74B6F,a2,mapped,0x74E74B6F/a2/00000,packages\outgame_navigator\0x74E74B6F\png\a2_00000_872x960_bc7.png,872,960,2,15,previews\outgame_navigator\0x74E74B6F_a2.png,projects\outgame_navigator\0x74E74B6F\a2\composition.json,
outgame_navigator,0x74E74B6F,b1,mapped,0x74E74B6F/b1/00000,packages\outgame_navigator\0x74E74B6F\png\b1_00000_872x960_bc7.png,872,960,2,12,previews\outgame_navigator\0x74E74B6F_b1.png,projects\outgame_navigator\0x74E74B6F\b1\composition.json,
outgame_navigator,0x74E74B6F,b2,mapped,0x74E74B6F/b2/00000,packages\outgame_navigator\0x74E74B6F\png\b2_00000_872x960_bc7.png,872,960,2,12,previews\outgame_navigator\0x74E74B6F_b2.png,projects\outgame_navigator\0x74E74B6F\b2\composition.json,
outgame_navigator,0x74E74B6F,b3,mapped,0x74E74B6F/b3/00000,packages\outgame_navigator\0x74E74B6F\png\b3_00000_872x960_bc7.png,872,960,2,12,previews\outgame_navigator\0x74E74B6F_b3.png,projects\outgame_navigator\0x74E74B6F\b3\composition.json,
outgame_navigator,0x74E74B6F,c1,mapped,0x74E74B6F/c1/00000,packages\outgame_navigator\0x74E74B6F\png\c1_00000_872x960_bc7.png,872,960,2,12,previews\outgame_navigator\0x74E74B6F_c1.png,projects\outgame_navigator\0x74E74B6F\c1\composition.json,
outgame_navigator,0x74E74B6F,c2,mapped,0x74E74B6F/c2/00000,packages\outgame_navigator\0x74E74B6F\png\c2_00000_872x960_bc7.png,872,960,2,12,previews\outgame_navigator\0x74E74B6F_c2.png,projects\outgame_navigator\0x74E74B6F\c2\composition.json,
combat_portrait,0x74F1E283,g00,mapped,0x74F1E283/g00/00001,packages\combat_portrait\0x74F1E283\png\g00_00001_572x572_bc7.png,572,572,1,2,previews\combat_portrait\0x74F1E283_g00.png,projects\combat_portrait\0x74F1E283\g00\composition.json,
combat_portrait,0x74FF04A1,g00,mapped,0x74FF04A1/g00/00001,packages\combat_portrait\0x74FF04A1\png\g00_00001_572x572_bc7.png,572,572,1,4,previews\combat_portrait\0x74FF04A1_g00.png,projects\combat_portrait\0x74FF04A1\g00\composition.json,
combat_portrait,0x75E10638,g00,mapped,0x75E10638/g00/00001,packages\combat_portrait\0x75E10638\png\g00_00001_572x572_bc7.png,572,572,1,2,previews\combat_portrait\0x75E10638_g00.png,projects\combat_portrait\0x75E10638\g00\composition.json,
outgame_navigator,0x7667D72A,a1,mapped,0x7667D72A/a1/00000,packages\outgame_navigator\0x7667D72A\png\a1_00000_872x960_bc7.png,872,960,2,36,previews\outgame_navigator\0x7667D72A_a1.png,projects\outgame_navigator\0x7667D72A\a1\composition.json,
outgame_navigator,0x7667D72A,a2,mapped,0x7667D72A/a2/00000,packages\outgame_navigator\0x7667D72A\png\a2_00000_872x960_bc7.png,872,960,2,36,previews\outgame_navigator\0x7667D72A_a2.png,projects\outgame_navigator\0x7667D72A\a2\composition.json,
outgame_navigator,0x7667D72A,a3,mapped,0x7667D72A/a3/00000,packages\outgame_navigator\0x7667D72A\png\a3_00000_872x960_bc7.png,872,960,2,36,previews\outgame_navigator\0x7667D72A_a3.png,projects\outgame_navigator\0x7667D72A\a3\composition.json,
outgame_navigator,0x7667D72A,b1,mapped,0x7667D72A/b1/00000,packages\outgame_navigator\0x7667D72A\png\b1_00000_872x960_bc7.png,872,960,2,24,previews\outgame_navigator\0x7667D72A_b1.png,projects\outgame_navigator\0x7667D72A\b1\composition.json,
outgame_navigator,0x7667D72A,b2,mapped,0x7667D72A/b2/00000,packages\outgame_navigator\0x7667D72A\png\b2_00000_872x960_bc7.png,872,960,2,24,previews\outgame_navigator\0x7667D72A_b2.png,projects\outgame_navigator\0x7667D72A\b2\composition.json,
outgame_navigator,0x7667D72A,c1,mapped,0x7667D72A/c1/00000,packages\outgame_navigator\0x7667D72A\png\c1_00000_872x960_bc7.png,872,960,2,18,previews\outgame_navigator\0x7667D72A_c1.png,projects\outgame_navigator\0x7667D72A\c1\composition.json,
outgame_navigator,0x7667D72A,c2,mapped,0x7667D72A/c2/00000,packages\outgame_navigator\0x7667D72A\png\c2_00000_872x960_bc7.png,872,960,2,18,previews\outgame_navigator\0x7667D72A_c2.png,projects\outgame_navigator\0x7667D72A\c2\composition.json,
outgame_navigator,0x7667D72A,c3,mapped,0x7667D72A/c3/00000,packages\outgame_navigator\0x7667D72A\png\c3_00000_872x960_bc7.png,872,960,2,18,previews\outgame_navigator\0x7667D72A_c3.png,projects\outgame_navigator\0x7667D72A\c3\composition.json,
outgame_navigator,0x7667D72A,d1,mapped,0x7667D72A/d1/00000,packages\outgame_navigator\0x7667D72A\png\d1_00000_872x960_bc7.png,872,960,2,18,previews\outgame_navigator\0x7667D72A_d1.png,projects\outgame_navigator\0x7667D72A\d1\composition.json,
outgame_navigator,0x7667D72A,d2,mapped,0x7667D72A/d2/00000,packages\outgame_navigator\0x7667D72A\png\d2_00000_872x960_bc7.png,872,960,2,18,previews\outgame_navigator\0x7667D72A_d2.png,projects\outgame_navigator\0x7667D72A\d2\composition.json,
outgame_navigator,0x7667D72A,d3,mapped,0x7667D72A/d3/00000,packages\outgame_navigator\0x7667D72A\png\d3_00000_872x960_bc7.png,872,960,2,18,previews\outgame_navigator\0x7667D72A_d3.png,projects\outgame_navigator\0x7667D72A\d3\composition.json,
ingame_navigator,0x767C626C,a1,mapped,0x767C626C/a1/00000,packages\ingame_navigator\0x767C626C\png\a1_00000_260x180_bc7.png,260,180,2,7,previews\ingame_navigator\0x767C626C_a1.png,projects\ingame_navigator\0x767C626C\a1\composition.json,
outgame_navigator,0x77253373,a1,mapped,0x77253373/a1/00000,packages\outgame_navigator\0x77253373\png\a1_00000_872x960_bc7.png,872,960,2,12,previews\outgame_navigator\0x77253373_a1.png,projects\outgame_navigator\0x77253373\a1\composition.json,
outgame_navigator,0x77253373,a2,mapped,0x77253373/a2/00000,packages\outgame_navigator\0x77253373\png\a2_00000_872x960_bc7.png,872,960,2,12,previews\outgame_navigator\0x77253373_a2.png,projects\outgame_navigator\0x77253373\a2\composition.json,
outgame_navigator,0x77253373,b1,mapped,0x77253373/b1/00000,packages\outgame_navigator\0x77253373\png\b1_00000_872x960_bc7.png,872,960,2,12,previews\outgame_navigator\0x77253373_b1.png,projects\outgame_navigator\0x77253373\b1\composition.json,
outgame_navigator,0x77253373,b2,mapped,0x77253373/b2/00000,packages\outgame_navigator\0x77253373\png\b2_00000_872x960_bc7.png,872,960,2,12,previews\outgame_navigator\0x77253373_b2.png,projects\outgame_navigator\0x77253373\b2\composition.json,
outgame_navigator,0x77253373,c1,mapped,0x77253373/c1/00000,packages\outgame_navigator\0x77253373\png\c1_00000_872x960_bc7.png,872,960,2,12,previews\outgame_navigator\0x77253373_c1.png,projects\outgame_navigator\0x77253373\c1\composition.json,
outgame_navigator,0x77253373,c2,mapped,0x77253373/c2/00000,packages\outgame_navigator\0x77253373\png\c2_00000_872x960_bc7.png,872,960,2,12,previews\outgame_navigator\0x77253373_c2.png,projects\outgame_navigator\0x77253373\c2\composition.json,
outgame_navigator,0x77253373,d1,mapped,0x77253373/d1/00000,packages\outgame_navigator\0x77253373\png\d1_00000_872x960_bc7.png,872,960,2,12,previews\outgame_navigator\0x77253373_d1.png,projects\outgame_navigator\0x77253373\d1\composition.json,
outgame_navigator,0x77253373,d2,mapped,0x77253373/d2/00000,packages\outgame_navigator\0x77253373\png\d2_00000_872x960_bc7.png,872,960,2,12,previews\outgame_navigator\0x77253373_d2.png,projects\outgame_navigator\0x77253373\d2\composition.json,
outgame_navigator,0x77D13FE8,a1,mapped,0x77D13FE8/a1/00000,packages\outgame_navigator\0x77D13FE8\png\a1_00000_872x960_bc7.png,872,960,2,15,previews\outgame_navigator\0x77D13FE8_a1.png,projects\outgame_navigator\0x77D13FE8\a1\composition.json,
outgame_navigator,0x77D13FE8,a2,mapped,0x77D13FE8/a2/00000,packages\outgame_navigator\0x77D13FE8\png\a2_00000_872x960_bc7.png,872,960,2,15,previews\outgame_navigator\0x77D13FE8_a2.png,projects\outgame_navigator\0x77D13FE8\a2\composition.json,
outgame_navigator,0x77D13FE8,b1,mapped,0x77D13FE8/b1/00000,packages\outgame_navigator\0x77D13FE8\png\b1_00000_872x960_bc7.png,872,960,2,6,previews\outgame_navigator\0x77D13FE8_b1.png,projects\outgame_navigator\0x77D13FE8\b1\composition.json,
outgame_navigator,0x77D13FE8,c1,mapped,0x77D13FE8/c1/00000,packages\outgame_navigator\0x77D13FE8\png\c1_00000_872x960_bc7.png,872,960,2,18,previews\outgame_navigator\0x77D13FE8_c1.png,projects\outgame_navigator\0x77D13FE8\c1\composition.json,
outgame_navigator,0x77D13FE8,c2,mapped,0x77D13FE8/c2/00000,packages\outgame_navigator\0x77D13FE8\png\c2_00000_872x960_bc7.png,872,960,2,18,previews\outgame_navigator\0x77D13FE8_c2.png,projects\outgame_navigator\0x77D13FE8\c2\composition.json,
outgame_navigator,0x77D13FE8,d1,mapped,0x77D13FE8/d1/00000,packages\outgame_navigator\0x77D13FE8\png\d1_00000_872x960_bc7.png,872,960,2,12,previews\outgame_navigator\0x77D13FE8_d1.png,projects\outgame_navigator\0x77D13FE8\d1\composition.json,
combat_portrait,0x7801CC34,g00,mapped,0x7801CC34/g00/00001,packages\combat_portrait\0x7801CC34\png\g00_00001_572x572_bc7.png,572,572,1,2,previews\combat_portrait\0x7801CC34_g00.png,projects\combat_portrait\0x7801CC34\g00\composition.json,
outgame_navigator,0x78BC5F18,a1,mapped,0x78BC5F18/a1/00000,packages\outgame_navigator\0x78BC5F18\png\a1_00000_872x960_bc7.png,872,960,2,36,previews\outgame_navigator\0x78BC5F18_a1.png,projects\outgame_navigator\0x78BC5F18\a1\composition.json,
outgame_navigator,0x78BC5F18,a2,mapped,0x78BC5F18/a2/00000,packages\outgame_navigator\0x78BC5F18\png\a2_00000_872x960_bc7.png,872,960,2,36,previews\outgame_navigator\0x78BC5F18_a2.png,projects\outgame_navigator\0x78BC5F18\a2\composition.json,
outgame_navigator,0x78BC5F18,a3,mapped,0x78BC5F18/a3/00000,packages\outgame_navigator\0x78BC5F18\png\a3_00000_872x960_bc7.png,872,960,2,36,previews\outgame_navigator\0x78BC5F18_a3.png,projects\outgame_navigator\0x78BC5F18\a3\composition.json,
outgame_navigator,0x78BC5F18,b1,mapped,0x78BC5F18/b1/00000,packages\outgame_navigator\0x78BC5F18\png\b1_00000_872x960_bc7.png,872,960,2,24,previews\outgame_navigator\0x78BC5F18_b1.png,projects\outgame_navigator\0x78BC5F18\b1\composition.json,
outgame_navigator,0x78BC5F18,b2,mapped,0x78BC5F18/b2/00000,packages\outgame_navigator\0x78BC5F18\png\b2_00000_872x960_bc7.png,872,960,2,24,previews\outgame_navigator\0x78BC5F18_b2.png,projects\outgame_navigator\0x78BC5F18\b2\composition.json,
outgame_navigator,0x78BC5F18,c1,mapped,0x78BC5F18/c1/00000,packages\outgame_navigator\0x78BC5F18\png\c1_00000_872x960_bc7.png,872,960,2,18,previews\outgame_navigator\0x78BC5F18_c1.png,projects\outgame_navigator\0x78BC5F18\c1\composition.json,
outgame_navigator,0x78BC5F18,c2,mapped,0x78BC5F18/c2/00000,packages\outgame_navigator\0x78BC5F18\png\c2_00000_872x960_bc7.png,872,960,2,18,previews\outgame_navigator\0x78BC5F18_c2.png,projects\outgame_navigator\0x78BC5F18\c2\composition.json,
outgame_navigator,0x78BC5F18,c3,mapped,0x78BC5F18/c3/00000,packages\outgame_navigator\0x78BC5F18\png\c3_00000_872x960_bc7.png,872,960,2,18,previews\outgame_navigator\0x78BC5F18_c3.png,projects\outgame_navigator\0x78BC5F18\c3\composition.json,
outgame_navigator,0x78BC5F18,d1,mapped,0x78BC5F18/d1/00000,packages\outgame_navigator\0x78BC5F18\png\d1_00000_872x960_bc7.png,872,960,2,18,previews\outgame_navigator\0x78BC5F18_d1.png,projects\outgame_navigator\0x78BC5F18\d1\composition.json,
outgame_navigator,0x78BC5F18,d2,mapped,0x78BC5F18/d2/00000,packages\outgame_navigator\0x78BC5F18\png\d2_00000_872x960_bc7.png,872,960,2,18,previews\outgame_navigator\0x78BC5F18_d2.png,projects\outgame_navigator\0x78BC5F18\d2\composition.json,
outgame_navigator,0x78BC5F18,d3,mapped,0x78BC5F18/d3/00000,packages\outgame_navigator\0x78BC5F18\png\d3_00000_872x960_bc7.png,872,960,2,18,previews\outgame_navigator\0x78BC5F18_d3.png,projects\outgame_navigator\0x78BC5F18\d3\composition.json,
combat_portrait,0x78E24E2F,g00,mapped,0x78E24E2F/g00/00001,packages\combat_portrait\0x78E24E2F\png\g00_00001_572x572_bc7.png,572,572,1,2,previews\combat_portrait\0x78E24E2F_g00.png,projects\combat_portrait\0x78E24E2F\g00\composition.json,
outgame_navigator,0x790AB7DA,a1,mapped,0x790AB7DA/a1/00000,packages\outgame_navigator\0x790AB7DA\png\a1_00000_872x960_bc7.png,872,960,2,15,previews\outgame_navigator\0x790AB7DA_a1.png,projects\outgame_navigator\0x790AB7DA\a1\composition.json,
outgame_navigator,0x790AB7DA,a2,mapped,0x790AB7DA/a2/00000,packages\outgame_navigator\0x790AB7DA\png\a2_00000_872x960_bc7.png,872,960,2,15,previews\outgame_navigator\0x790AB7DA_a2.png,projects\outgame_navigator\0x790AB7DA\a2\composition.json,
outgame_navigator,0x790AB7DA,b1,mapped,0x790AB7DA/b1/00000,packages\outgame_navigator\0x790AB7DA\png\b1_00000_872x960_bc7.png,872,960,2,6,previews\outgame_navigator\0x790AB7DA_b1.png,projects\outgame_navigator\0x790AB7DA\b1\composition.json,
outgame_navigator,0x790AB7DA,c1,mapped,0x790AB7DA/c1/00000,packages\outgame_navigator\0x790AB7DA\png\c1_00000_872x960_bc7.png,872,960,2,18,previews\outgame_navigator\0x790AB7DA_c1.png,projects\outgame_navigator\0x790AB7DA\c1\composition.json,
outgame_navigator,0x790AB7DA,c2,mapped,0x790AB7DA/c2/00000,packages\outgame_navigator\0x790AB7DA\png\c2_00000_872x960_bc7.png,872,960,2,18,previews\outgame_navigator\0x790AB7DA_c2.png,projects\outgame_navigator\0x790AB7DA\c2\composition.json,
outgame_navigator,0x790AB7DA,d1,mapped,0x790AB7DA/d1/00000,packages\outgame_navigator\0x790AB7DA\png\d1_00000_872x960_bc7.png,872,960,2,12,previews\outgame_navigator\0x790AB7DA_d1.png,projects\outgame_navigator\0x790AB7DA\d1\composition.json,
combat_portrait,0x79C6DD1C,g00,mapped,0x79C6DD1C/g00/00001,packages\combat_portrait\0x79C6DD1C\png\g00_00001_572x572_bc7.png,572,572,1,2,previews\combat_portrait\0x79C6DD1C_g00.png,projects\combat_portrait\0x79C6DD1C\g00\composition.json,
combat_portrait,0x79D0FE76,g00,mapped,0x79D0FE76/g00/00001,packages\combat_portrait\0x79D0FE76\png\g00_00001_572x572_bc7.png,572,572,1,2,previews\combat_portrait\0x79D0FE76_g00.png,projects\combat_portrait\0x79D0FE76\g00\composition.json,
combat_portrait,0x79DE1854,g00,mapped,0x79DE1854/g00/00001,packages\combat_portrait\0x79DE1854\png\g00_00001_572x572_bc7.png,572,572,1,2,previews\combat_portrait\0x79DE1854_g00.png,projects\combat_portrait\0x79DE1854\g00\composition.json,
combat_portrait,0x7B5E12FA,g00,mapped,0x7B5E12FA/g00/00001,packages\combat_portrait\0x7B5E12FA\png\g00_00001_572x572_bc7.png,572,572,1,2,previews\combat_portrait\0x7B5E12FA_g00.png,projects\combat_portrait\0x7B5E12FA\g00\composition.json,
outgame_navigator,0x7BF59C54,a1,mapped,0x7BF59C54/a1/00000,packages\outgame_navigator\0x7BF59C54\png\a1_00000_872x960_bc7.png,872,960,2,36,previews\outgame_navigator\0x7BF59C54_a1.png,projects\outgame_navigator\0x7BF59C54\a1\composition.json,
outgame_navigator,0x7BF59C54,a2,mapped,0x7BF59C54/a2/00000,packages\outgame_navigator\0x7BF59C54\png\a2_00000_872x960_bc7.png,872,960,2,36,previews\outgame_navigator\0x7BF59C54_a2.png,projects\outgame_navigator\0x7BF59C54\a2\composition.json,
outgame_navigator,0x7BF59C54,b1,mapped,0x7BF59C54/b1/00000,packages\outgame_navigator\0x7BF59C54\png\b1_00000_872x960_bc7.png,872,960,2,17,previews\outgame_navigator\0x7BF59C54_b1.png,projects\outgame_navigator\0x7BF59C54\b1\composition.json,
outgame_navigator,0x7BF59C54,b2,mapped,0x7BF59C54/b2/00000,packages\outgame_navigator\0x7BF59C54\png\b2_00000_872x960_bc7.png,872,960,2,17,previews\outgame_navigator\0x7BF59C54_b2.png,projects\outgame_navigator\0x7BF59C54\b2\composition.json,
outgame_navigator,0x7BF59C54,b3,mapped,0x7BF59C54/b3/00000,packages\outgame_navigator\0x7BF59C54\png\b3_00000_872x960_bc7.png,872,960,2,17,previews\outgame_navigator\0x7BF59C54_b3.png,projects\outgame_navigator\0x7BF59C54\b3\composition.json,
outgame_navigator,0x7BF59C54,b4,mapped,0x7BF59C54/b4/00000,packages\outgame_navigator\0x7BF59C54\png\b4_00000_872x960_bc7.png,872,960,2,17,previews\outgame_navigator\0x7BF59C54_b4.png,projects\outgame_navigator\0x7BF59C54\b4\composition.json,
outgame_navigator,0x7BF59C54,c1,mapped,0x7BF59C54/c1/00000,packages\outgame_navigator\0x7BF59C54\png\c1_00000_872x960_bc7.png,872,960,2,35,previews\outgame_navigator\0x7BF59C54_c1.png,projects\outgame_navigator\0x7BF59C54\c1\composition.json,
outgame_navigator,0x7BF59C54,c2,mapped,0x7BF59C54/c2/00000,packages\outgame_navigator\0x7BF59C54\png\c2_00000_872x960_bc7.png,872,960,2,35,previews\outgame_navigator\0x7BF59C54_c2.png,projects\outgame_navigator\0x7BF59C54\c2\composition.json,
outgame_navigator,0x7BF59C54,d1,mapped,0x7BF59C54/d1/00000,packages\outgame_navigator\0x7BF59C54\png\d1_00000_872x960_bc7.png,872,960,2,13,previews\outgame_navigator\0x7BF59C54_d1.png,projects\outgame_navigator\0x7BF59C54\d1\composition.json,
outgame_navigator,0x7BF59C54,e1,mapped,0x7BF59C54/e1/00000,packages\outgame_navigator\0x7BF59C54\png\e1_00000_872x960_bc7.png,872,960,2,4,previews\outgame_navigator\0x7BF59C54_e1.png,projects\outgame_navigator\0x7BF59C54\e1\composition.json,
outgame_navigator,0x7BF59C54,f1,mapped,0x7BF59C54/f1/00000,packages\outgame_navigator\0x7BF59C54\png\f1_00000_872x960_bc7.png,872,960,2,10,previews\outgame_navigator\0x7BF59C54_f1.png,projects\outgame_navigator\0x7BF59C54\f1\composition.json,
combat_portrait,0x7C0AA642,g00,mapped,0x7C0AA642/g00/00001,packages\combat_portrait\0x7C0AA642\png\g00_00001_572x572_bc7.png,572,572,1,2,previews\combat_portrait\0x7C0AA642_g00.png,projects\combat_portrait\0x7C0AA642\g00\composition.json,
combat_portrait,0x7C179E12,g00,mapped,0x7C179E12/g00/00001,packages\combat_portrait\0x7C179E12\png\g00_00001_572x572_bc7.png,572,572,1,2,previews\combat_portrait\0x7C179E12_g00.png,projects\combat_portrait\0x7C179E12\g00\composition.json,
combat_portrait,0x7D2BC869,g00,mapped,0x7D2BC869/g00/00001,packages\combat_portrait\0x7D2BC869\png\g00_00001_572x572_bc7.png,572,572,1,2,previews\combat_portrait\0x7D2BC869_g00.png,projects\combat_portrait\0x7D2BC869\g00\composition.json,
combat_portrait,0x7D330D21,g00,mapped,0x7D330D21/g00/00001,packages\combat_portrait\0x7D330D21\png\g00_00001_572x572_bc7.png,572,572,1,2,previews\combat_portrait\0x7D330D21_g00.png,projects\combat_portrait\0x7D330D21\g00\composition.json,
ingame_navigator,0x7E88AC34,a1,mapped,0x7E88AC34/a1/00000,packages\ingame_navigator\0x7E88AC34\png\a1_00000_260x180_bc7.png,260,180,2,18,previews\ingame_navigator\0x7E88AC34_a1.png,projects\ingame_navigator\0x7E88AC34\a1\composition.json,
ingame_navigator,0x7EDC7653,a1,mapped,0x7EDC7653/a1/00000,packages\ingame_navigator\0x7EDC7653\png\a1_00000_260x180_bc7.png,260,180,2,8,previews\ingame_navigator\0x7EDC7653_a1.png,projects\ingame_navigator\0x7EDC7653\a1\composition.json,
combat_portrait,0x7FA524E5,g00,mapped,0x7FA524E5/g00/00001,packages\combat_portrait\0x7FA524E5\png\g00_00001_572x572_bc7.png,572,572,1,2,previews\combat_portrait\0x7FA524E5_g00.png,projects\combat_portrait\0x7FA524E5\g00\composition.json,
combat_portrait,0x80460902,g00,mapped,0x80460902/g00/00001,packages\combat_portrait\0x80460902\png\g00_00001_572x572_bc7.png,572,572,1,2,previews\combat_portrait\0x80460902_g00.png,projects\combat_portrait\0x80460902\g00\composition.json,
combat_portrait,0x8064A9F4,g00,mapped,0x8064A9F4/g00/00001,packages\combat_portrait\0x8064A9F4\png\g00_00001_572x572_bc7.png,572,572,1,2,previews\combat_portrait\0x8064A9F4_g00.png,projects\combat_portrait\0x8064A9F4\g00\composition.json,
ingame_navigator,0x81201AEC,a1,mapped,0x81201AEC/a1/00000,packages\ingame_navigator\0x81201AEC\png\a1_00000_260x180_bc7.png,260,180,2,24,previews\ingame_navigator\0x81201AEC_a1.png,projects\ingame_navigator\0x81201AEC\a1\composition.json,
combat_portrait,0x81403AC7,g00,mapped,0x81403AC7/g00/00001,packages\combat_portrait\0x81403AC7\png\g00_00001_572x572_bc7.png,572,572,1,2,previews\combat_portrait\0x81403AC7_g00.png,projects\combat_portrait\0x81403AC7\g00\composition.json,
combat_portrait,0x8156EDB9,g00,mapped,0x8156EDB9/g00/00001,packages\combat_portrait\0x8156EDB9\png\g00_00001_572x572_bc7.png,572,572,1,2,previews\combat_portrait\0x8156EDB9_g00.png,projects\combat_portrait\0x8156EDB9\g00\composition.json,
combat_portrait,0x81580B9B,g00,mapped,0x81580B9B/g00/00001,packages\combat_portrait\0x81580B9B\png\g00_00001_572x572_bc7.png,572,572,1,4,previews\combat_portrait\0x81580B9B_g00.png,projects\combat_portrait\0x81580B9B\g00\composition.json,
combat_portrait,0x81676729,g00,mapped,0x81676729/g00/00001,packages\combat_portrait\0x81676729\png\g00_00001_572x572_bc7.png,572,572,1,2,previews\combat_portrait\0x81676729_g00.png,projects\combat_portrait\0x81676729\g00\composition.json,
combat_portrait,0x81714443,g00,mapped,0x81714443/g00/00001,packages\combat_portrait\0x81714443\png\g00_00001_572x572_bc7.png,572,572,1,2,previews\combat_portrait\0x81714443_g00.png,projects\combat_portrait\0x81714443\g00\composition.json,
combat_portrait,0x817FA261,g00,mapped,0x817FA261/g00/00001,packages\combat_portrait\0x817FA261\png\g00_00001_572x572_bc7.png,572,572,1,2,previews\combat_portrait\0x817FA261_g00.png,projects\combat_portrait\0x817FA261\g00\composition.json,
combat_portrait,0x8489BC81,g00,mapped,0x8489BC81/g00/00001,packages\combat_portrait\0x8489BC81\png\g00_00001_572x572_bc7.png,572,572,1,2,previews\combat_portrait\0x8489BC81_g00.png,projects\combat_portrait\0x8489BC81\g00\composition.json,
combat_portrait,0x858A725C,g00,mapped,0x858A725C/g00/00001,packages\combat_portrait\0x858A725C\png\g00_00001_572x572_bc7.png,572,572,1,2,previews\combat_portrait\0x858A725C_g00.png,projects\combat_portrait\0x858A725C\g00\composition.json,
outgame_navigator,0x866BD720,a1,mapped,0x866BD720/a1/00000,packages\outgame_navigator\0x866BD720\png\a1_00000_872x960_bc7.png,872,960,2,24,previews\outgame_navigator\0x866BD720_a1.png,projects\outgame_navigator\0x866BD720\a1\composition.json,
outgame_navigator,0x866BD720,a2,mapped,0x866BD720/a2/00000,packages\outgame_navigator\0x866BD720\png\a2_00000_872x960_bc7.png,872,960,2,24,previews\outgame_navigator\0x866BD720_a2.png,projects\outgame_navigator\0x866BD720\a2\composition.json,
outgame_navigator,0x866BD720,b1,mapped,0x866BD720/b1/00000,packages\outgame_navigator\0x866BD720\png\b1_00000_872x960_bc7.png,872,960,2,6,previews\outgame_navigator\0x866BD720_b1.png,projects\outgame_navigator\0x866BD720\b1\composition.json,
outgame_navigator,0x866BD720,c1,mapped,0x866BD720/c1/00000,packages\outgame_navigator\0x866BD720\png\c1_00000_872x960_bc7.png,872,960,2,24,previews\outgame_navigator\0x866BD720_c1.png,projects\outgame_navigator\0x866BD720\c1\composition.json,
outgame_navigator,0x866BD720,c2,mapped,0x866BD720/c2/00000,packages\outgame_navigator\0x866BD720\png\c2_00000_872x960_bc7.png,872,960,2,24,previews\outgame_navigator\0x866BD720_c2.png,projects\outgame_navigator\0x866BD720\c2\composition.json,
outgame_navigator,0x866BD720,c3,mapped,0x866BD720/c3/00000,packages\outgame_navigator\0x866BD720\png\c3_00000_872x960_bc7.png,872,960,2,24,previews\outgame_navigator\0x866BD720_c3.png,projects\outgame_navigator\0x866BD720\c3\composition.json,
outgame_navigator,0x866BD720,d1,mapped,0x866BD720/d1/00000,packages\outgame_navigator\0x866BD720\png\d1_00000_872x960_bc7.png,872,960,2,6,previews\outgame_navigator\0x866BD720_d1.png,projects\outgame_navigator\0x866BD720\d1\composition.json,
combat_portrait,0x870A3334,g00,mapped,0x870A3334/g00/00001,packages\combat_portrait\0x870A3334\png\g00_00001_572x572_bc7.png,572,572,1,2,previews\combat_portrait\0x870A3334_g00.png,projects\combat_portrait\0x870A3334\g00\composition.json,
combat_portrait,0x889F1921,g00,mapped,0x889F1921/g00/00001,packages\combat_portrait\0x889F1921\png\g00_00001_572x572_bc7.png,572,572,1,2,previews\combat_portrait\0x889F1921_g00.png,projects\combat_portrait\0x889F1921\g00\composition.json,
combat_portrait,0x88AB6EA9,g00,mapped,0x88AB6EA9/g00/00001,packages\combat_portrait\0x88AB6EA9\png\g00_00001_572x572_bc7.png,572,572,1,2,previews\combat_portrait\0x88AB6EA9_g00.png,projects\combat_portrait\0x88AB6EA9\g00\composition.json,
combat_portrait,0x88B3ABE1,g00,mapped,0x88B3ABE1/g00/00001,packages\combat_portrait\0x88B3ABE1\png\g00_00001_572x572_bc7.png,572,572,1,2,previews\combat_portrait\0x88B3ABE1_g00.png,projects\combat_portrait\0x88B3ABE1\g00\composition.json,
combat_portrait,0x88BD4DC3,g00,mapped,0x88BD4DC3/g00/00001,packages\combat_portrait\0x88BD4DC3\png\g00_00001_572x572_bc7.png,572,572,1,2,previews\combat_portrait\0x88BD4DC3_g00.png,projects\combat_portrait\0x88BD4DC3\g00\composition.json,
combat_portrait,0x8999DEF0,g00,mapped,0x8999DEF0/g00/00001,packages\combat_portrait\0x8999DEF0\png\g00_00001_572x572_bc7.png,572,572,1,2,previews\combat_portrait\0x8999DEF0_g00.png,projects\combat_portrait\0x8999DEF0\g00\composition.json,
combat_portrait,0x89A85460,g00,mapped,0x89A85460/g00/00001,packages\combat_portrait\0x89A85460\png\g00_00001_572x572_bc7.png,572,572,1,2,previews\combat_portrait\0x89A85460_g00.png,projects\combat_portrait\0x89A85460\g00\composition.json,
combat_portrait,0x8A258225,g00,mapped,0x8A258225/g00/00001,packages\combat_portrait\0x8A258225\png\g00_00001_572x572_bc7.png,572,572,1,2,previews\combat_portrait\0x8A258225_g00.png,projects\combat_portrait\0x8A258225\g00\composition.json,
outgame_navigator,0x8AE6BBF2,a1,mapped,0x8AE6BBF2/a1/00000,packages\outgame_navigator\0x8AE6BBF2\png\a1_00000_872x960_bc7.png,872,960,2,18,previews\outgame_navigator\0x8AE6BBF2_a1.png,projects\outgame_navigator\0x8AE6BBF2\a1\composition.json,
outgame_navigator,0x8AE6BBF2,a2,mapped,0x8AE6BBF2/a2/00000,packages\outgame_navigator\0x8AE6BBF2\png\a2_00000_872x960_bc7.png,872,960,2,18,previews\outgame_navigator\0x8AE6BBF2_a2.png,projects\outgame_navigator\0x8AE6BBF2\a2\composition.json,
outgame_navigator,0x8AE6BBF2,b1,mapped,0x8AE6BBF2/b1/00000,packages\outgame_navigator\0x8AE6BBF2\png\b1_00000_872x960_bc7.png,872,960,2,12,previews\outgame_navigator\0x8AE6BBF2_b1.png,projects\outgame_navigator\0x8AE6BBF2\b1\composition.json,
outgame_navigator,0x8AE6BBF2,b2,mapped,0x8AE6BBF2/b2/00000,packages\outgame_navigator\0x8AE6BBF2\png\b2_00000_872x960_bc7.png,872,960,2,12,previews\outgame_navigator\0x8AE6BBF2_b2.png,projects\outgame_navigator\0x8AE6BBF2\b2\composition.json,
outgame_navigator,0x8AE6BBF2,c1,mapped,0x8AE6BBF2/c1/00000,packages\outgame_navigator\0x8AE6BBF2\png\c1_00000_872x960_bc7.png,872,960,2,9,previews\outgame_navigator\0x8AE6BBF2_c1.png,projects\outgame_navigator\0x8AE6BBF2\c1\composition.json,
outgame_navigator,0x8AE6BBF2,c2,mapped,0x8AE6BBF2/c2/00000,packages\outgame_navigator\0x8AE6BBF2\png\c2_00000_872x960_bc7.png,872,960,2,9,previews\outgame_navigator\0x8AE6BBF2_c2.png,projects\outgame_navigator\0x8AE6BBF2\c2\composition.json,
outgame_navigator,0x8AE6BBF2,d1,mapped,0x8AE6BBF2/d1/00000,packages\outgame_navigator\0x8AE6BBF2\png\d1_00000_872x960_bc7.png,872,960,2,6,previews\outgame_navigator\0x8AE6BBF2_d1.png,projects\outgame_navigator\0x8AE6BBF2\d1\composition.json,
combat_portrait,0x8B0FF734,g00,mapped,0x8B0FF734/g00/00001,packages\combat_portrait\0x8B0FF734\png\g00_00001_572x572_bc7.png,572,572,1,2,previews\combat_portrait\0x8B0FF734_g00.png,projects\combat_portrait\0x8B0FF734\g00\composition.json,
combat_portrait,0x8B17327C,g00,mapped,0x8B17327C/g00/00001,packages\combat_portrait\0x8B17327C\png\g00_00001_572x572_bc7.png,572,572,1,2,previews\combat_portrait\0x8B17327C_g00.png,projects\combat_portrait\0x8B17327C\g00\composition.json,
combat_portrait,0x8C5EBE94,g00,mapped,0x8C5EBE94/g00/00001,packages\combat_portrait\0x8C5EBE94\png\g00_00001_572x572_bc7.png,572,572,1,2,previews\combat_portrait\0x8C5EBE94_g00.png,projects\combat_portrait\0x8C5EBE94\g00\composition.json,
combat_portrait,0x8C61D226,g00,mapped,0x8C61D226/g00/00001,packages\combat_portrait\0x8C61D226\png\g00_00001_572x572_bc7.png,572,572,1,2,previews\combat_portrait\0x8C61D226_g00.png,projects\combat_portrait\0x8C61D226\g00\composition.json,
combat_portrait,0x8D62E8EF,g00,mapped,0x8D62E8EF/g00/00001,packages\combat_portrait\0x8D62E8EF\png\g00_00001_572x572_bc7.png,572,572,1,2,previews\combat_portrait\0x8D62E8EF_g00.png,projects\combat_portrait\0x8D62E8EF\g00\composition.json,
ingame_navigator,0x8E6842FA,a1,mapped,0x8E6842FA/a1/00000,packages\ingame_navigator\0x8E6842FA\png\a1_00000_260x180_bc7.png,260,180,2,12,previews\ingame_navigator\0x8E6842FA_a1.png,projects\ingame_navigator\0x8E6842FA\a1\composition.json,
outgame_navigator,0x8FB77FDC,a1,mapped,0x8FB77FDC/a1/00000,packages\outgame_navigator\0x8FB77FDC\png\a1_00000_872x960_bc7.png,872,960,2,21,previews\outgame_navigator\0x8FB77FDC_a1.png,projects\outgame_navigator\0x8FB77FDC\a1\composition.json,
outgame_navigator,0x8FB77FDC,a2,mapped,0x8FB77FDC/a2/00000,packages\outgame_navigator\0x8FB77FDC\png\a2_00000_872x960_bc7.png,872,960,2,21,previews\outgame_navigator\0x8FB77FDC_a2.png,projects\outgame_navigator\0x8FB77FDC\a2\composition.json,
outgame_navigator,0x8FB77FDC,b1,mapped,0x8FB77FDC/b1/00000,packages\outgame_navigator\0x8FB77FDC\png\b1_00000_872x960_bc7.png,872,960,2,16,previews\outgame_navigator\0x8FB77FDC_b1.png,projects\outgame_navigator\0x8FB77FDC\b1\composition.json,
outgame_navigator,0x8FB77FDC,b2,mapped,0x8FB77FDC/b2/00000,packages\outgame_navigator\0x8FB77FDC\png\b2_00000_872x960_bc7.png,872,960,2,16,previews\outgame_navigator\0x8FB77FDC_b2.png,projects\outgame_navigator\0x8FB77FDC\b2\composition.json,
outgame_navigator,0x8FB77FDC,c1,mapped,0x8FB77FDC/c1/00000,packages\outgame_navigator\0x8FB77FDC\png\c1_00000_872x960_bc7.png,872,960,2,19,previews\outgame_navigator\0x8FB77FDC_c1.png,projects\outgame_navigator\0x8FB77FDC\c1\composition.json,
outgame_navigator,0x8FB77FDC,c2,mapped,0x8FB77FDC/c2/00000,packages\outgame_navigator\0x8FB77FDC\png\c2_00000_872x960_bc7.png,872,960,2,19,previews\outgame_navigator\0x8FB77FDC_c2.png,projects\outgame_navigator\0x8FB77FDC\c2\composition.json,
outgame_navigator,0x91376DEA,a1,mapped,0x91376DEA/a1/00000,packages\outgame_navigator\0x91376DEA\png\a1_00000_872x960_bc7.png,872,960,2,12,previews\outgame_navigator\0x91376DEA_a1.png,projects\outgame_navigator\0x91376DEA\a1\composition.json,
outgame_navigator,0x91376DEA,a2,mapped,0x91376DEA/a2/00000,packages\outgame_navigator\0x91376DEA\png\a2_00000_872x960_bc7.png,872,960,2,12,previews\outgame_navigator\0x91376DEA_a2.png,projects\outgame_navigator\0x91376DEA\a2\composition.json,
outgame_navigator,0x91376DEA,b1,mapped,0x91376DEA/b1/00000,packages\outgame_navigator\0x91376DEA\png\b1_00000_872x960_bc7.png,872,960,2,18,previews\outgame_navigator\0x91376DEA_b1.png,projects\outgame_navigator\0x91376DEA\b1\composition.json,
outgame_navigator,0x91376DEA,b2,mapped,0x91376DEA/b2/00000,packages\outgame_navigator\0x91376DEA\png\b2_00000_872x960_bc7.png,872,960,2,18,previews\outgame_navigator\0x91376DEA_b2.png,projects\outgame_navigator\0x91376DEA\b2\composition.json,
outgame_navigator,0x91376DEA,b3,mapped,0x91376DEA/b3/00000,packages\outgame_navigator\0x91376DEA\png\b3_00000_872x960_bc7.png,872,960,2,18,previews\outgame_navigator\0x91376DEA_b3.png,projects\outgame_navigator\0x91376DEA\b3\composition.json,
combat_portrait,0x92F1661F,g00,mapped,0x92F1661F/g00/00001,packages\combat_portrait\0x92F1661F\png\g00_00001_572x572_bc7.png,572,572,1,2,previews\combat_portrait\0x92F1661F_g00.png,projects\combat_portrait\0x92F1661F\g00\composition.json,
combat_portrait,0x948A5AAE,g00,mapped,0x948A5AAE/g00/00001,packages\combat_portrait\0x948A5AAE\png\g00_00001_572x572_bc7.png,572,572,1,2,previews\combat_portrait\0x948A5AAE_g00.png,projects\combat_portrait\0x948A5AAE\g00\composition.json,
outgame_navigator,0x94B84DD1,a1,mapped,0x94B84DD1/a1/00000,packages\outgame_navigator\0x94B84DD1\png\a1_00000_872x960_bc7.png,872,960,2,22,previews\outgame_navigator\0x94B84DD1_a1.png,projects\outgame_navigator\0x94B84DD1\a1\composition.json,
outgame_navigator,0x94B84DD1,a2,mapped,0x94B84DD1/a2/00000,packages\outgame_navigator\0x94B84DD1\png\a2_00000_872x960_bc7.png,872,960,2,22,previews\outgame_navigator\0x94B84DD1_a2.png,projects\outgame_navigator\0x94B84DD1\a2\composition.json,
outgame_navigator,0x94B84DD1,a3,mapped,0x94B84DD1/a3/00000,packages\outgame_navigator\0x94B84DD1\png\a3_00000_872x960_bc7.png,872,960,2,22,previews\outgame_navigator\0x94B84DD1_a3.png,projects\outgame_navigator\0x94B84DD1\a3\composition.json,
outgame_navigator,0x94B84DD1,b1,mapped,0x94B84DD1/b1/00000,packages\outgame_navigator\0x94B84DD1\png\b1_00000_872x960_bc7.png,872,960,2,20,previews\outgame_navigator\0x94B84DD1_b1.png,projects\outgame_navigator\0x94B84DD1\b1\composition.json,
outgame_navigator,0x94B84DD1,b2,mapped,0x94B84DD1/b2/00000,packages\outgame_navigator\0x94B84DD1\png\b2_00000_872x960_bc7.png,872,960,2,20,previews\outgame_navigator\0x94B84DD1_b2.png,projects\outgame_navigator\0x94B84DD1\b2\composition.json,
outgame_navigator,0x94B84DD1,b3,mapped,0x94B84DD1/b3/00000,packages\outgame_navigator\0x94B84DD1\png\b3_00000_872x960_bc7.png,872,960,2,20,previews\outgame_navigator\0x94B84DD1_b3.png,projects\outgame_navigator\0x94B84DD1\b3\composition.json,
outgame_navigator,0x94B84DD1,c1,mapped,0x94B84DD1/c1/00000,packages\outgame_navigator\0x94B84DD1\png\c1_00000_872x960_bc7.png,872,960,2,6,previews\outgame_navigator\0x94B84DD1_c1.png,projects\outgame_navigator\0x94B84DD1\c1\composition.json,
outgame_navigator,0x94B84DD1,d1,mapped,0x94B84DD1/d1/00000,packages\outgame_navigator\0x94B84DD1\png\d1_00000_872x960_bc7.png,872,960,2,6,previews\outgame_navigator\0x94B84DD1_d1.png,projects\outgame_navigator\0x94B84DD1\d1\composition.json,
outgame_navigator,0x94B84DD1,e1,mapped,0x94B84DD1/e1/00000,packages\outgame_navigator\0x94B84DD1\png\e1_00000_872x960_bc7.png,872,960,2,6,previews\outgame_navigator\0x94B84DD1_e1.png,projects\outgame_navigator\0x94B84DD1\e1\composition.json,
outgame_navigator,0x95076DD4,a1,mapped,0x95076DD4/a1/00000,packages\outgame_navigator\0x95076DD4\png\a1_00000_872x960_bc7.png,872,960,2,18,previews\outgame_navigator\0x95076DD4_a1.png,projects\outgame_navigator\0x95076DD4\a1\composition.json,
outgame_navigator,0x95076DD4,a2,mapped,0x95076DD4/a2/00000,packages\outgame_navigator\0x95076DD4\png\a2_00000_872x960_bc7.png,872,960,2,18,previews\outgame_navigator\0x95076DD4_a2.png,projects\outgame_navigator\0x95076DD4\a2\composition.json,
outgame_navigator,0x95076DD4,b1,mapped,0x95076DD4/b1/00000,packages\outgame_navigator\0x95076DD4\png\b1_00000_872x960_bc7.png,872,960,2,24,previews\outgame_navigator\0x95076DD4_b1.png,projects\outgame_navigator\0x95076DD4\b1\composition.json,
outgame_navigator,0x95076DD4,b2,mapped,0x95076DD4/b2/00000,packages\outgame_navigator\0x95076DD4\png\b2_00000_872x960_bc7.png,872,960,2,24,previews\outgame_navigator\0x95076DD4_b2.png,projects\outgame_navigator\0x95076DD4\b2\composition.json,
outgame_navigator,0x95076DD4,c1,mapped,0x95076DD4/c1/00000,packages\outgame_navigator\0x95076DD4\png\c1_00000_872x960_bc7.png,872,960,2,12,previews\outgame_navigator\0x95076DD4_c1.png,projects\outgame_navigator\0x95076DD4\c1\composition.json,
outgame_navigator,0x95076DD4,c2,mapped,0x95076DD4/c2/00000,packages\outgame_navigator\0x95076DD4\png\c2_00000_872x960_bc7.png,872,960,2,12,previews\outgame_navigator\0x95076DD4_c2.png,projects\outgame_navigator\0x95076DD4\c2\composition.json,
outgame_navigator,0x95076DD4,c3,mapped,0x95076DD4/c3/00000,packages\outgame_navigator\0x95076DD4\png\c3_00000_872x960_bc7.png,872,960,2,12,previews\outgame_navigator\0x95076DD4_c3.png,projects\outgame_navigator\0x95076DD4\c3\composition.json,
outgame_navigator,0x95076DD4,d1,mapped,0x95076DD4/d1/00000,packages\outgame_navigator\0x95076DD4\png\d1_00000_872x960_bc7.png,872,960,2,12,previews\outgame_navigator\0x95076DD4_d1.png,projects\outgame_navigator\0x95076DD4\d1\composition.json,
combat_portrait,0x960FAD18,g00,mapped,0x960FAD18/g00/00001,packages\combat_portrait\0x960FAD18\png\g00_00001_572x572_bc7.png,572,572,1,2,previews\combat_portrait\0x960FAD18_g00.png,projects\combat_portrait\0x960FAD18\g00\composition.json,
combat_portrait,0x962DF9FA,g00,mapped,0x962DF9FA/g00/00001,packages\combat_portrait\0x962DF9FA\png\g00_00001_572x572_bc7.png,572,572,1,2,previews\combat_portrait\0x962DF9FA_g00.png,projects\combat_portrait\0x962DF9FA\g00\composition.json,
combat_portrait,0x963B2E84,g00,mapped,0x963B2E84/g00/00001,packages\combat_portrait\0x963B2E84\png\g00_00001_572x572_bc7.png,572,572,1,2,previews\combat_portrait\0x963B2E84_g00.png,projects\combat_portrait\0x963B2E84\g00\composition.json,
outgame_navigator,0x9704D6F6,a1,mapped,0x9704D6F6/a1/00000,packages\outgame_navigator\0x9704D6F6\png\a1_00000_872x960_bc7.png,872,960,2,15,previews\outgame_navigator\0x9704D6F6_a1.png,projects\outgame_navigator\0x9704D6F6\a1\composition.json,
outgame_navigator,0x9704D6F6,a2,mapped,0x9704D6F6/a2/00000,packages\outgame_navigator\0x9704D6F6\png\a2_00000_872x960_bc7.png,872,960,2,15,previews\outgame_navigator\0x9704D6F6_a2.png,projects\outgame_navigator\0x9704D6F6\a2\composition.json,
outgame_navigator,0x9704D6F6,b1,mapped,0x9704D6F6/b1/00000,packages\outgame_navigator\0x9704D6F6\png\b1_00000_872x960_bc7.png,872,960,2,6,previews\outgame_navigator\0x9704D6F6_b1.png,projects\outgame_navigator\0x9704D6F6\b1\composition.json,
outgame_navigator,0x9704D6F6,c1,mapped,0x9704D6F6/c1/00000,packages\outgame_navigator\0x9704D6F6\png\c1_00000_872x960_bc7.png,872,960,2,18,previews\outgame_navigator\0x9704D6F6_c1.png,projects\outgame_navigator\0x9704D6F6\c1\composition.json,
outgame_navigator,0x9704D6F6,c2,mapped,0x9704D6F6/c2/00000,packages\outgame_navigator\0x9704D6F6\png\c2_00000_872x960_bc7.png,872,960,2,18,previews\outgame_navigator\0x9704D6F6_c2.png,projects\outgame_navigator\0x9704D6F6\c2\composition.json,
outgame_navigator,0x9704D6F6,d1,mapped,0x9704D6F6/d1/00000,packages\outgame_navigator\0x9704D6F6\png\d1_00000_872x960_bc7.png,872,960,2,12,previews\outgame_navigator\0x9704D6F6_d1.png,projects\outgame_navigator\0x9704D6F6\d1\composition.json,
combat_portrait,0x97202511,g00,mapped,0x97202511/g00/00001,packages\combat_portrait\0x97202511\png\g00_00001_572x572_bc7.png,572,572,1,2,previews\combat_portrait\0x97202511_g00.png,projects\combat_portrait\0x97202511\g00\composition.json,
outgame_navigator,0x9723A1D3,a1,mapped,0x9723A1D3/a1/00000,packages\outgame_navigator\0x9723A1D3\png\a1_00000_872x960_bc7.png,872,960,2,30,previews\outgame_navigator\0x9723A1D3_a1.png,projects\outgame_navigator\0x9723A1D3\a1\composition.json,
outgame_navigator,0x9723A1D3,a2,mapped,0x9723A1D3/a2/00000,packages\outgame_navigator\0x9723A1D3\png\a2_00000_872x960_bc7.png,872,960,2,30,previews\outgame_navigator\0x9723A1D3_a2.png,projects\outgame_navigator\0x9723A1D3\a2\composition.json,
outgame_navigator,0x9723A1D3,a3,mapped,0x9723A1D3/a3/00000,packages\outgame_navigator\0x9723A1D3\png\a3_00000_872x960_bc7.png,872,960,2,30,previews\outgame_navigator\0x9723A1D3_a3.png,projects\outgame_navigator\0x9723A1D3\a3\composition.json,
outgame_navigator,0x9723A1D3,b1,mapped,0x9723A1D3/b1/00000,packages\outgame_navigator\0x9723A1D3\png\b1_00000_872x960_bc7.png,872,960,2,18,previews\outgame_navigator\0x9723A1D3_b1.png,projects\outgame_navigator\0x9723A1D3\b1\composition.json,
outgame_navigator,0x9723A1D3,b2,mapped,0x9723A1D3/b2/00000,packages\outgame_navigator\0x9723A1D3\png\b2_00000_872x960_bc7.png,872,960,2,18,previews\outgame_navigator\0x9723A1D3_b2.png,projects\outgame_navigator\0x9723A1D3\b2\composition.json,
outgame_navigator,0x9723A1D3,c1,mapped,0x9723A1D3/c1/00000,packages\outgame_navigator\0x9723A1D3\png\c1_00000_872x960_bc7.png,872,960,2,24,previews\outgame_navigator\0x9723A1D3_c1.png,projects\outgame_navigator\0x9723A1D3\c1\composition.json,
outgame_navigator,0x9723A1D3,c2,mapped,0x9723A1D3/c2/00000,packages\outgame_navigator\0x9723A1D3\png\c2_00000_872x960_bc7.png,872,960,2,24,previews\outgame_navigator\0x9723A1D3_c2.png,projects\outgame_navigator\0x9723A1D3\c2\composition.json,
outgame_navigator,0x9723A1D3,d1,mapped,0x9723A1D3/d1/00000,packages\outgame_navigator\0x9723A1D3\png\d1_00000_872x960_bc7.png,872,960,2,12,previews\outgame_navigator\0x9723A1D3_d1.png,projects\outgame_navigator\0x9723A1D3\d1\composition.json,
outgame_navigator,0x9723A1D3,d2,mapped,0x9723A1D3/d2/00000,packages\outgame_navigator\0x9723A1D3\png\d2_00000_872x960_bc7.png,872,960,2,12,previews\outgame_navigator\0x9723A1D3_d2.png,projects\outgame_navigator\0x9723A1D3\d2\composition.json,
combat_portrait,0x9738E059,g00,mapped,0x9738E059/g00/00001,packages\combat_portrait\0x9738E059\png\g00_00001_572x572_bc7.png,572,572,1,2,previews\combat_portrait\0x9738E059_g00.png,projects\combat_portrait\0x9738E059\g00\composition.json,
outgame_navigator,0x97A20449,a1,mapped,0x97A20449/a1/00000,packages\outgame_navigator\0x97A20449\png\a1_00000_872x960_bc7.png,872,960,2,24,previews\outgame_navigator\0x97A20449_a1.png,projects\outgame_navigator\0x97A20449\a1\composition.json,
outgame_navigator,0x97A20449,a2,mapped,0x97A20449/a2/00000,packages\outgame_navigator\0x97A20449\png\a2_00000_872x960_bc7.png,872,960,2,24,previews\outgame_navigator\0x97A20449_a2.png,projects\outgame_navigator\0x97A20449\a2\composition.json,
outgame_navigator,0x97A20449,a3,mapped,0x97A20449/a3/00000,packages\outgame_navigator\0x97A20449\png\a3_00000_872x960_bc7.png,872,960,2,24,previews\outgame_navigator\0x97A20449_a3.png,projects\outgame_navigator\0x97A20449\a3\composition.json,
outgame_navigator,0x97A20449,b1,mapped,0x97A20449/b1/00000,packages\outgame_navigator\0x97A20449\png\b1_00000_872x960_bc7.png,872,960,2,18,previews\outgame_navigator\0x97A20449_b1.png,projects\outgame_navigator\0x97A20449\b1\composition.json,
outgame_navigator,0x97A20449,b2,mapped,0x97A20449/b2/00000,packages\outgame_navigator\0x97A20449\png\b2_00000_872x960_bc7.png,872,960,2,18,previews\outgame_navigator\0x97A20449_b2.png,projects\outgame_navigator\0x97A20449\b2\composition.json,
outgame_navigator,0x97A20449,b3,mapped,0x97A20449/b3/00000,packages\outgame_navigator\0x97A20449\png\b3_00000_872x960_bc7.png,872,960,2,18,previews\outgame_navigator\0x97A20449_b3.png,projects\outgame_navigator\0x97A20449\b3\composition.json,
outgame_navigator,0x97A20449,c1,mapped,0x97A20449/c1/00000,packages\outgame_navigator\0x97A20449\png\c1_00000_872x960_bc7.png,872,960,2,12,previews\outgame_navigator\0x97A20449_c1.png,projects\outgame_navigator\0x97A20449\c1\composition.json,
outgame_navigator,0x97A20449,c2,mapped,0x97A20449/c2/00000,packages\outgame_navigator\0x97A20449\png\c2_00000_872x960_bc7.png,872,960,2,12,previews\outgame_navigator\0x97A20449_c2.png,projects\outgame_navigator\0x97A20449\c2\composition.json,
outgame_navigator,0x97EFA1D5,a1,mapped,0x97EFA1D5/a1/00000,packages\outgame_navigator\0x97EFA1D5\png\a1_00000_872x960_bc7.png,872,960,2,15,previews\outgame_navigator\0x97EFA1D5_a1.png,projects\outgame_navigator\0x97EFA1D5\a1\composition.json,
outgame_navigator,0x97EFA1D5,a2,mapped,0x97EFA1D5/a2/00000,packages\outgame_navigator\0x97EFA1D5\png\a2_00000_872x960_bc7.png,872,960,2,15,previews\outgame_navigator\0x97EFA1D5_a2.png,projects\outgame_navigator\0x97EFA1D5\a2\composition.json,
outgame_navigator,0x97EFA1D5,b1,mapped,0x97EFA1D5/b1/00000,packages\outgame_navigator\0x97EFA1D5\png\b1_00000_872x960_bc7.png,872,960,2,15,previews\outgame_navigator\0x97EFA1D5_b1.png,projects\outgame_navigator\0x97EFA1D5\b1\composition.json,
outgame_navigator,0x97EFA1D5,b2,mapped,0x97EFA1D5/b2/00000,packages\outgame_navigator\0x97EFA1D5\png\b2_00000_872x960_bc7.png,872,960,2,15,previews\outgame_navigator\0x97EFA1D5_b2.png,projects\outgame_navigator\0x97EFA1D5\b2\composition.json,
outgame_navigator,0x97EFA1D5,c1,mapped,0x97EFA1D5/c1/00000,packages\outgame_navigator\0x97EFA1D5\png\c1_00000_872x960_bc7.png,872,960,2,18,previews\outgame_navigator\0x97EFA1D5_c1.png,projects\outgame_navigator\0x97EFA1D5\c1\composition.json,
outgame_navigator,0x97EFA1D5,c2,mapped,0x97EFA1D5/c2/00000,packages\outgame_navigator\0x97EFA1D5\png\c2_00000_872x960_bc7.png,872,960,2,18,previews\outgame_navigator\0x97EFA1D5_c2.png,projects\outgame_navigator\0x97EFA1D5\c2\composition.json,
outgame_navigator,0x98187467,a1,mapped,0x98187467/a1/00000,packages\outgame_navigator\0x98187467\png\a1_00000_872x960_bc7.png,872,960,2,18,previews\outgame_navigator\0x98187467_a1.png,projects\outgame_navigator\0x98187467\a1\composition.json,
outgame_navigator,0x98187467,a2,mapped,0x98187467/a2/00000,packages\outgame_navigator\0x98187467\png\a2_00000_872x960_bc7.png,872,960,2,18,previews\outgame_navigator\0x98187467_a2.png,projects\outgame_navigator\0x98187467\a2\composition.json,
outgame_navigator,0x98187467,b1,mapped,0x98187467/b1/00000,packages\outgame_navigator\0x98187467\png\b1_00000_872x960_bc7.png,872,960,2,12,previews\outgame_navigator\0x98187467_b1.png,projects\outgame_navigator\0x98187467\b1\composition.json,
outgame_navigator,0x98187467,b2,mapped,0x98187467/b2/00000,packages\outgame_navigator\0x98187467\png\b2_00000_872x960_bc7.png,872,960,2,12,previews\outgame_navigator\0x98187467_b2.png,projects\outgame_navigator\0x98187467\b2\composition.json,
outgame_navigator,0x98187467,c1,mapped,0x98187467/c1/00000,packages\outgame_navigator\0x98187467\png\c1_00000_872x960_bc7.png,872,960,2,12,previews\outgame_navigator\0x98187467_c1.png,projects\outgame_navigator\0x98187467\c1\composition.json,
outgame_navigator,0x9869B606,a1,mapped,0x9869B606/a1/00000,packages\outgame_navigator\0x9869B606\png\a1_00000_872x960_bc7.png,872,960,2,36,previews\outgame_navigator\0x9869B606_a1.png,projects\outgame_navigator\0x9869B606\a1\composition.json,
outgame_navigator,0x9869B606,a2,mapped,0x9869B606/a2/00000,packages\outgame_navigator\0x9869B606\png\a2_00000_872x960_bc7.png,872,960,2,36,previews\outgame_navigator\0x9869B606_a2.png,projects\outgame_navigator\0x9869B606\a2\composition.json,
outgame_navigator,0x9869B606,a3,mapped,0x9869B606/a3/00000,packages\outgame_navigator\0x9869B606\png\a3_00000_872x960_bc7.png,872,960,2,36,previews\outgame_navigator\0x9869B606_a3.png,projects\outgame_navigator\0x9869B606\a3\composition.json,
outgame_navigator,0x9869B606,b1,mapped,0x9869B606/b1/00000,packages\outgame_navigator\0x9869B606\png\b1_00000_872x960_bc7.png,872,960,2,24,previews\outgame_navigator\0x9869B606_b1.png,projects\outgame_navigator\0x9869B606\b1\composition.json,
outgame_navigator,0x9869B606,b2,mapped,0x9869B606/b2/00000,packages\outgame_navigator\0x9869B606\png\b2_00000_872x960_bc7.png,872,960,2,24,previews\outgame_navigator\0x9869B606_b2.png,projects\outgame_navigator\0x9869B606\b2\composition.json,
outgame_navigator,0x9869B606,c1,mapped,0x9869B606/c1/00000,packages\outgame_navigator\0x9869B606\png\c1_00000_872x960_bc7.png,872,960,2,18,previews\outgame_navigator\0x9869B606_c1.png,projects\outgame_navigator\0x9869B606\c1\composition.json,
outgame_navigator,0x9869B606,c2,mapped,0x9869B606/c2/00000,packages\outgame_navigator\0x9869B606\png\c2_00000_872x960_bc7.png,872,960,2,18,previews\outgame_navigator\0x9869B606_c2.png,projects\outgame_navigator\0x9869B606\c2\composition.json,
outgame_navigator,0x9869B606,c3,mapped,0x9869B606/c3/00000,packages\outgame_navigator\0x9869B606\png\c3_00000_872x960_bc7.png,872,960,2,18,previews\outgame_navigator\0x9869B606_c3.png,projects\outgame_navigator\0x9869B606\c3\composition.json,
outgame_navigator,0x9869B606,d1,mapped,0x9869B606/d1/00000,packages\outgame_navigator\0x9869B606\png\d1_00000_872x960_bc7.png,872,960,2,18,previews\outgame_navigator\0x9869B606_d1.png,projects\outgame_navigator\0x9869B606\d1\composition.json,
outgame_navigator,0x9869B606,d2,mapped,0x9869B606/d2/00000,packages\outgame_navigator\0x9869B606\png\d2_00000_872x960_bc7.png,872,960,2,18,previews\outgame_navigator\0x9869B606_d2.png,projects\outgame_navigator\0x9869B606\d2\composition.json,
outgame_navigator,0x9869B606,d3,mapped,0x9869B606/d3/00000,packages\outgame_navigator\0x9869B606\png\d3_00000_872x960_bc7.png,872,960,2,18,previews\outgame_navigator\0x9869B606_d3.png,projects\outgame_navigator\0x9869B606\d3\composition.json,
combat_portrait,0x9A01CDF0,g00,mapped,0x9A01CDF0/g00/00001,packages\combat_portrait\0x9A01CDF0\png\g00_00001_572x572_bc7.png,572,572,1,2,previews\combat_portrait\0x9A01CDF0_g00.png,projects\combat_portrait\0x9A01CDF0\g00\composition.json,
combat_portrait,0x9A04C4FC,g00,mapped,0x9A04C4FC/g00/00001,packages\combat_portrait\0x9A04C4FC\png\g00_00001_572x572_bc7.png,572,572,1,2,previews\combat_portrait\0x9A04C4FC_g00.png,projects\combat_portrait\0x9A04C4FC\g00\composition.json,
combat_portrait,0x9A19FCAC,g00,mapped,0x9A19FCAC/g00/00001,packages\combat_portrait\0x9A19FCAC\png\g00_00001_572x572_bc7.png,572,572,1,2,previews\combat_portrait\0x9A19FCAC_g00.png,projects\combat_portrait\0x9A19FCAC\g00\composition.json,
ingame_navigator,0x9A21CBD1,a1,mapped,0x9A21CBD1/a1/00000,packages\ingame_navigator\0x9A21CBD1\png\a1_00000_260x180_bc7.png,260,180,2,15,previews\ingame_navigator\0x9A21CBD1_a1.png,projects\ingame_navigator\0x9A21CBD1\a1\composition.json,
combat_portrait,0x9A28763C,g00,mapped,0x9A28763C/g00/00001,packages\combat_portrait\0x9A28763C\png\g00_00001_572x572_bc7.png,572,572,1,2,previews\combat_portrait\0x9A28763C_g00.png,projects\combat_portrait\0x9A28763C\g00\composition.json,
outgame_navigator,0x9B20754A,a1,mapped,0x9B20754A/a1/00000,packages\outgame_navigator\0x9B20754A\png\a1_00000_872x960_bc7.png,872,960,2,36,previews\outgame_navigator\0x9B20754A_a1.png,projects\outgame_navigator\0x9B20754A\a1\composition.json,
outgame_navigator,0x9B20754A,a2,mapped,0x9B20754A/a2/00000,packages\outgame_navigator\0x9B20754A\png\a2_00000_872x960_bc7.png,872,960,2,36,previews\outgame_navigator\0x9B20754A_a2.png,projects\outgame_navigator\0x9B20754A\a2\composition.json,
outgame_navigator,0x9B20754A,b1,mapped,0x9B20754A/b1/00000,packages\outgame_navigator\0x9B20754A\png\b1_00000_872x960_bc7.png,872,960,2,17,previews\outgame_navigator\0x9B20754A_b1.png,projects\outgame_navigator\0x9B20754A\b1\composition.json,
outgame_navigator,0x9B20754A,b2,mapped,0x9B20754A/b2/00000,packages\outgame_navigator\0x9B20754A\png\b2_00000_872x960_bc7.png,872,960,2,17,previews\outgame_navigator\0x9B20754A_b2.png,projects\outgame_navigator\0x9B20754A\b2\composition.json,
outgame_navigator,0x9B20754A,b3,mapped,0x9B20754A/b3/00000,packages\outgame_navigator\0x9B20754A\png\b3_00000_872x960_bc7.png,872,960,2,17,previews\outgame_navigator\0x9B20754A_b3.png,projects\outgame_navigator\0x9B20754A\b3\composition.json,
outgame_navigator,0x9B20754A,b4,mapped,0x9B20754A/b4/00000,packages\outgame_navigator\0x9B20754A\png\b4_00000_872x960_bc7.png,872,960,2,17,previews\outgame_navigator\0x9B20754A_b4.png,projects\outgame_navigator\0x9B20754A\b4\composition.json,
outgame_navigator,0x9B20754A,c1,mapped,0x9B20754A/c1/00000,packages\outgame_navigator\0x9B20754A\png\c1_00000_872x960_bc7.png,872,960,2,35,previews\outgame_navigator\0x9B20754A_c1.png,projects\outgame_navigator\0x9B20754A\c1\composition.json,
outgame_navigator,0x9B20754A,c2,mapped,0x9B20754A/c2/00000,packages\outgame_navigator\0x9B20754A\png\c2_00000_872x960_bc7.png,872,960,2,35,previews\outgame_navigator\0x9B20754A_c2.png,projects\outgame_navigator\0x9B20754A\c2\composition.json,
outgame_navigator,0x9B20754A,d1,mapped,0x9B20754A/d1/00000,packages\outgame_navigator\0x9B20754A\png\d1_00000_872x960_bc7.png,872,960,2,13,previews\outgame_navigator\0x9B20754A_d1.png,projects\outgame_navigator\0x9B20754A\d1\composition.json,
outgame_navigator,0x9B20754A,e1,mapped,0x9B20754A/e1/00000,packages\outgame_navigator\0x9B20754A\png\e1_00000_872x960_bc7.png,872,960,2,4,previews\outgame_navigator\0x9B20754A_e1.png,projects\outgame_navigator\0x9B20754A\e1\composition.json,
outgame_navigator,0x9B20754A,f1,mapped,0x9B20754A/f1/00000,packages\outgame_navigator\0x9B20754A\png\f1_00000_872x960_bc7.png,872,960,2,10,previews\outgame_navigator\0x9B20754A_f1.png,projects\outgame_navigator\0x9B20754A\f1\composition.json,
combat_portrait,0x9B386693,g00,mapped,0x9B386693/g00/00001,packages\combat_portrait\0x9B386693\png\g00_00001_572x572_bc7.png,572,572,1,2,previews\combat_portrait\0x9B386693_g00.png,projects\combat_portrait\0x9B386693\g00\composition.json,
outgame_navigator,0x9C4DB153,a1,mapped,0x9C4DB153/a1/00000,packages\outgame_navigator\0x9C4DB153\png\a1_00000_872x960_bc7.png,872,960,2,36,previews\outgame_navigator\0x9C4DB153_a1.png,projects\outgame_navigator\0x9C4DB153\a1\composition.json,
outgame_navigator,0x9C4DB153,a2,mapped,0x9C4DB153/a2/00000,packages\outgame_navigator\0x9C4DB153\png\a2_00000_872x960_bc7.png,872,960,2,36,previews\outgame_navigator\0x9C4DB153_a2.png,projects\outgame_navigator\0x9C4DB153\a2\composition.json,
outgame_navigator,0x9C4DB153,b1,mapped,0x9C4DB153/b1/00000,packages\outgame_navigator\0x9C4DB153\png\b1_00000_872x960_bc7.png,872,960,2,17,previews\outgame_navigator\0x9C4DB153_b1.png,projects\outgame_navigator\0x9C4DB153\b1\composition.json,
outgame_navigator,0x9C4DB153,b2,mapped,0x9C4DB153/b2/00000,packages\outgame_navigator\0x9C4DB153\png\b2_00000_872x960_bc7.png,872,960,2,17,previews\outgame_navigator\0x9C4DB153_b2.png,projects\outgame_navigator\0x9C4DB153\b2\composition.json,
outgame_navigator,0x9C4DB153,b3,mapped,0x9C4DB153/b3/00000,packages\outgame_navigator\0x9C4DB153\png\b3_00000_872x960_bc7.png,872,960,2,17,previews\outgame_navigator\0x9C4DB153_b3.png,projects\outgame_navigator\0x9C4DB153\b3\composition.json,
outgame_navigator,0x9C4DB153,b4,mapped,0x9C4DB153/b4/00000,packages\outgame_navigator\0x9C4DB153\png\b4_00000_872x960_bc7.png,872,960,2,17,previews\outgame_navigator\0x9C4DB153_b4.png,projects\outgame_navigator\0x9C4DB153\b4\composition.json,
outgame_navigator,0x9C4DB153,c1,mapped,0x9C4DB153/c1/00000,packages\outgame_navigator\0x9C4DB153\png\c1_00000_872x960_bc7.png,872,960,2,35,previews\outgame_navigator\0x9C4DB153_c1.png,projects\outgame_navigator\0x9C4DB153\c1\composition.json,
outgame_navigator,0x9C4DB153,c2,mapped,0x9C4DB153/c2/00000,packages\outgame_navigator\0x9C4DB153\png\c2_00000_872x960_bc7.png,872,960,2,35,previews\outgame_navigator\0x9C4DB153_c2.png,projects\outgame_navigator\0x9C4DB153\c2\composition.json,
outgame_navigator,0x9C4DB153,d1,mapped,0x9C4DB153/d1/00000,packages\outgame_navigator\0x9C4DB153\png\d1_00000_872x960_bc7.png,872,960,2,13,previews\outgame_navigator\0x9C4DB153_d1.png,projects\outgame_navigator\0x9C4DB153\d1\composition.json,
outgame_navigator,0x9C4DB153,e1,mapped,0x9C4DB153/e1/00000,packages\outgame_navigator\0x9C4DB153\png\e1_00000_872x960_bc7.png,872,960,2,4,previews\outgame_navigator\0x9C4DB153_e1.png,projects\outgame_navigator\0x9C4DB153\e1\composition.json,
outgame_navigator,0x9C4DB153,f1,mapped,0x9C4DB153/f1/00000,packages\outgame_navigator\0x9C4DB153\png\f1_00000_872x960_bc7.png,872,960,2,10,previews\outgame_navigator\0x9C4DB153_f1.png,projects\outgame_navigator\0x9C4DB153\f1\composition.json,
combat_portrait,0x9C6C263F,g00,mapped,0x9C6C263F/g00/00001,packages\combat_portrait\0x9C6C263F\png\g00_00001_572x572_bc7.png,572,572,1,2,previews\combat_portrait\0x9C6C263F_g00.png,projects\combat_portrait\0x9C6C263F\g00\composition.json,
combat_portrait,0x9C74E377,g00,mapped,0x9C74E377/g00/00001,packages\combat_portrait\0x9C74E377\png\g00_00001_572x572_bc7.png,572,572,1,2,previews\combat_portrait\0x9C74E377_g00.png,projects\combat_portrait\0x9C74E377\g00\composition.json,
outgame_navigator,0x9C9AD997,a1,mapped,0x9C9AD997/a1/00000,packages\outgame_navigator\0x9C9AD997\png\a1_00000_872x960_bc7.png,872,960,2,24,previews\outgame_navigator\0x9C9AD997_a1.png,projects\outgame_navigator\0x9C9AD997\a1\composition.json,
outgame_navigator,0x9C9AD997,a2,mapped,0x9C9AD997/a2/00000,packages\outgame_navigator\0x9C9AD997\png\a2_00000_872x960_bc7.png,872,960,2,24,previews\outgame_navigator\0x9C9AD997_a2.png,projects\outgame_navigator\0x9C9AD997\a2\composition.json,
outgame_navigator,0x9C9AD997,b1,mapped,0x9C9AD997/b1/00000,packages\outgame_navigator\0x9C9AD997\png\b1_00000_872x960_bc7.png,872,960,2,24,previews\outgame_navigator\0x9C9AD997_b1.png,projects\outgame_navigator\0x9C9AD997\b1\composition.json,
outgame_navigator,0x9C9AD997,b2,mapped,0x9C9AD997/b2/00000,packages\outgame_navigator\0x9C9AD997\png\b2_00000_872x960_bc7.png,872,960,2,24,previews\outgame_navigator\0x9C9AD997_b2.png,projects\outgame_navigator\0x9C9AD997\b2\composition.json,
outgame_navigator,0x9C9AD997,b3,mapped,0x9C9AD997/b3/00000,packages\outgame_navigator\0x9C9AD997\png\b3_00000_872x960_bc7.png,872,960,2,24,previews\outgame_navigator\0x9C9AD997_b3.png,projects\outgame_navigator\0x9C9AD997\b3\composition.json,
outgame_navigator,0x9C9AD997,c1,mapped,0x9C9AD997/c1/00000,packages\outgame_navigator\0x9C9AD997\png\c1_00000_872x960_bc7.png,872,960,2,21,previews\outgame_navigator\0x9C9AD997_c1.png,projects\outgame_navigator\0x9C9AD997\c1\composition.json,
outgame_navigator,0x9C9AD997,c2,mapped,0x9C9AD997/c2/00000,packages\outgame_navigator\0x9C9AD997\png\c2_00000_872x960_bc7.png,872,960,2,21,previews\outgame_navigator\0x9C9AD997_c2.png,projects\outgame_navigator\0x9C9AD997\c2\composition.json,
outgame_navigator,0x9C9AD997,d1,mapped,0x9C9AD997/d1/00000,packages\outgame_navigator\0x9C9AD997\png\d1_00000_872x960_bc7.png,872,960,2,7,previews\outgame_navigator\0x9C9AD997_d1.png,projects\outgame_navigator\0x9C9AD997\d1\composition.json,
outgame_navigator,0x9C9AD997,e1,mapped,0x9C9AD997/e1/00000,packages\outgame_navigator\0x9C9AD997\png\e1_00000_872x960_bc7.png,872,960,2,6,previews\outgame_navigator\0x9C9AD997_e1.png,projects\outgame_navigator\0x9C9AD997\e1\composition.json,
outgame_navigator,0x9C9AD997,e2,mapped,0x9C9AD997/e2/00000,packages\outgame_navigator\0x9C9AD997\png\e2_00000_872x960_bc7.png,872,960,2,6,previews\outgame_navigator\0x9C9AD997_e2.png,projects\outgame_navigator\0x9C9AD997\e2\composition.json,
ingame_navigator,0x9D48829C,a1,mapped,0x9D48829C/a1/00000,packages\ingame_navigator\0x9D48829C\png\a1_00000_260x180_bc7.png,260,180,2,15,previews\ingame_navigator\0x9D48829C_a1.png,projects\ingame_navigator\0x9D48829C\a1\composition.json,
ingame_navigator,0x9D65D66A,a1,mapped,0x9D65D66A/a1/00000,packages\ingame_navigator\0x9D65D66A\png\a1_00000_260x180_bc7.png,260,180,2,16,previews\ingame_navigator\0x9D65D66A_a1.png,projects\ingame_navigator\0x9D65D66A\a1\composition.json,
ingame_navigator,0x9E63716A,a1,mapped,0x9E63716A/a1/00000,packages\ingame_navigator\0x9E63716A\png\a1_00000_260x180_bc7.png,260,180,2,15,previews\ingame_navigator\0x9E63716A_a1.png,projects\ingame_navigator\0x9E63716A\a1\composition.json,
combat_portrait,0x9ED6BD3B,g00,mapped,0x9ED6BD3B/g00/00001,packages\combat_portrait\0x9ED6BD3B\png\g00_00001_572x572_bc7.png,572,572,1,2,previews\combat_portrait\0x9ED6BD3B_g00.png,projects\combat_portrait\0x9ED6BD3B\g00\composition.json,
combat_portrait,0x9EE2CAB3,g00,mapped,0x9EE2CAB3/g00/00001,packages\combat_portrait\0x9EE2CAB3\png\g00_00001_572x572_bc7.png,572,572,1,2,previews\combat_portrait\0x9EE2CAB3_g00.png,projects\combat_portrait\0x9EE2CAB3\g00\composition.json,
outgame_navigator,0x9F04721F,a1,mapped,0x9F04721F/a1/00000,packages\outgame_navigator\0x9F04721F\png\a1_00000_872x960_bc7.png,872,960,2,36,previews\outgame_navigator\0x9F04721F_a1.png,projects\outgame_navigator\0x9F04721F\a1\composition.json,
outgame_navigator,0x9F04721F,a2,mapped,0x9F04721F/a2/00000,packages\outgame_navigator\0x9F04721F\png\a2_00000_872x960_bc7.png,872,960,2,36,previews\outgame_navigator\0x9F04721F_a2.png,projects\outgame_navigator\0x9F04721F\a2\composition.json,
outgame_navigator,0x9F04721F,a3,mapped,0x9F04721F/a3/00000,packages\outgame_navigator\0x9F04721F\png\a3_00000_872x960_bc7.png,872,960,2,36,previews\outgame_navigator\0x9F04721F_a3.png,projects\outgame_navigator\0x9F04721F\a3\composition.json,
outgame_navigator,0x9F04721F,b1,mapped,0x9F04721F/b1/00000,packages\outgame_navigator\0x9F04721F\png\b1_00000_872x960_bc7.png,872,960,2,24,previews\outgame_navigator\0x9F04721F_b1.png,projects\outgame_navigator\0x9F04721F\b1\composition.json,
outgame_navigator,0x9F04721F,b2,mapped,0x9F04721F/b2/00000,packages\outgame_navigator\0x9F04721F\png\b2_00000_872x960_bc7.png,872,960,2,24,previews\outgame_navigator\0x9F04721F_b2.png,projects\outgame_navigator\0x9F04721F\b2\composition.json,
outgame_navigator,0x9F04721F,c1,mapped,0x9F04721F/c1/00000,packages\outgame_navigator\0x9F04721F\png\c1_00000_872x960_bc7.png,872,960,2,18,previews\outgame_navigator\0x9F04721F_c1.png,projects\outgame_navigator\0x9F04721F\c1\composition.json,
outgame_navigator,0x9F04721F,c2,mapped,0x9F04721F/c2/00000,packages\outgame_navigator\0x9F04721F\png\c2_00000_872x960_bc7.png,872,960,2,18,previews\outgame_navigator\0x9F04721F_c2.png,projects\outgame_navigator\0x9F04721F\c2\composition.json,
outgame_navigator,0x9F04721F,c3,mapped,0x9F04721F/c3/00000,packages\outgame_navigator\0x9F04721F\png\c3_00000_872x960_bc7.png,872,960,2,18,previews\outgame_navigator\0x9F04721F_c3.png,projects\outgame_navigator\0x9F04721F\c3\composition.json,
outgame_navigator,0x9F04721F,d1,mapped,0x9F04721F/d1/00000,packages\outgame_navigator\0x9F04721F\png\d1_00000_872x960_bc7.png,872,960,2,18,previews\outgame_navigator\0x9F04721F_d1.png,projects\outgame_navigator\0x9F04721F\d1\composition.json,
outgame_navigator,0x9F04721F,d2,mapped,0x9F04721F/d2/00000,packages\outgame_navigator\0x9F04721F\png\d2_00000_872x960_bc7.png,872,960,2,18,previews\outgame_navigator\0x9F04721F_d2.png,projects\outgame_navigator\0x9F04721F\d2\composition.json,
outgame_navigator,0x9F04721F,d3,mapped,0x9F04721F/d3/00000,packages\outgame_navigator\0x9F04721F\png\d3_00000_872x960_bc7.png,872,960,2,18,previews\outgame_navigator\0x9F04721F_d3.png,projects\outgame_navigator\0x9F04721F\d3\composition.json,
ingame_navigator,0x9F1BA0DB,a1,mapped,0x9F1BA0DB/a1/00000,packages\ingame_navigator\0x9F1BA0DB\png\a1_00000_260x180_bc7.png,260,180,2,24,previews\ingame_navigator\0x9F1BA0DB_a1.png,projects\ingame_navigator\0x9F1BA0DB\a1\composition.json,
combat_portrait,0x9FC65980,g00,mapped,0x9FC65980/g00/00001,packages\combat_portrait\0x9FC65980\png\g00_00001_572x572_bc7.png,572,572,1,2,previews\combat_portrait\0x9FC65980_g00.png,projects\combat_portrait\0x9FC65980\g00\composition.json,
combat_portrait,0x9FC8BFA2,g00,mapped,0x9FC8BFA2/g00/00001,packages\combat_portrait\0x9FC8BFA2\png\g00_00001_572x572_bc7.png,572,572,1,2,previews\combat_portrait\0x9FC8BFA2_g00.png,projects\combat_portrait\0x9FC8BFA2\g00\composition.json,
combat_portrait,0x9FE1F07A,g00,mapped,0x9FE1F07A/g00/00001,packages\combat_portrait\0x9FE1F07A\png\g00_00001_572x572_bc7.png,572,572,1,2,previews\combat_portrait\0x9FE1F07A_g00.png,projects\combat_portrait\0x9FE1F07A\g00\composition.json,
combat_portrait,0x9FF7D310,g00,mapped,0x9FF7D310/g00/00001,packages\combat_portrait\0x9FF7D310\png\g00_00001_572x572_bc7.png,572,572,1,2,previews\combat_portrait\0x9FF7D310_g00.png,projects\combat_portrait\0x9FF7D310\g00\composition.json,
ingame_navigator,0xA01356A5,a1,mapped,0xA01356A5/a1/00000,packages\ingame_navigator\0xA01356A5\png\a1_00000_260x180_bc7.png,260,180,2,12,previews\ingame_navigator\0xA01356A5_a1.png,projects\ingame_navigator\0xA01356A5\a1\composition.json,
combat_portrait,0xA03EBFD6,g00,mapped,0xA03EBFD6/g00/00001,packages\combat_portrait\0xA03EBFD6\png\g00_00001_572x572_bc7.png,572,572,1,2,previews\combat_portrait\0xA03EBFD6_g00.png,projects\combat_portrait\0xA03EBFD6\g00\composition.json,
ingame_navigator,0xA08EA1A4,a1,mapped,0xA08EA1A4/a1/00000,packages\ingame_navigator\0xA08EA1A4\png\a1_00000_260x180_bc7.png,260,180,2,8,previews\ingame_navigator\0xA08EA1A4_a1.png,projects\ingame_navigator\0xA08EA1A4\a1\composition.json,
outgame_navigator,0xA0F26E95,a1,mapped,0xA0F26E95/a1/00000,packages\outgame_navigator\0xA0F26E95\png\a1_00000_872x960_bc7.png,872,960,2,22,previews\outgame_navigator\0xA0F26E95_a1.png,projects\outgame_navigator\0xA0F26E95\a1\composition.json,
outgame_navigator,0xA0F26E95,a2,mapped,0xA0F26E95/a2/00000,packages\outgame_navigator\0xA0F26E95\png\a2_00000_872x960_bc7.png,872,960,2,22,previews\outgame_navigator\0xA0F26E95_a2.png,projects\outgame_navigator\0xA0F26E95\a2\composition.json,
outgame_navigator,0xA0F26E95,b1,mapped,0xA0F26E95/b1/00000,packages\outgame_navigator\0xA0F26E95\png\b1_00000_872x960_bc7.png,872,960,2,12,previews\outgame_navigator\0xA0F26E95_b1.png,projects\outgame_navigator\0xA0F26E95\b1\composition.json,
outgame_navigator,0xA0F26E95,b2,mapped,0xA0F26E95/b2/00000,packages\outgame_navigator\0xA0F26E95\png\b2_00000_872x960_bc7.png,872,960,2,12,previews\outgame_navigator\0xA0F26E95_b2.png,projects\outgame_navigator\0xA0F26E95\b2\composition.json,
outgame_navigator,0xA0F26E95,c1,mapped,0xA0F26E95/c1/00000,packages\outgame_navigator\0xA0F26E95\png\c1_00000_872x960_bc7.png,872,960,2,12,previews\outgame_navigator\0xA0F26E95_c1.png,projects\outgame_navigator\0xA0F26E95\c1\composition.json,
outgame_navigator,0xA0F26E95,c2,mapped,0xA0F26E95/c2/00000,packages\outgame_navigator\0xA0F26E95\png\c2_00000_872x960_bc7.png,872,960,2,12,previews\outgame_navigator\0xA0F26E95_c2.png,projects\outgame_navigator\0xA0F26E95\c2\composition.json,
outgame_navigator,0xA0F26E95,d1,mapped,0xA0F26E95/d1/00000,packages\outgame_navigator\0xA0F26E95\png\d1_00000_872x960_bc7.png,872,960,2,4,previews\outgame_navigator\0xA0F26E95_d1.png,projects\outgame_navigator\0xA0F26E95\d1\composition.json,
outgame_navigator,0xA0F26E95,e1,mapped,0xA0F26E95/e1/00000,packages\outgame_navigator\0xA0F26E95\png\e1_00000_872x960_bc7.png,872,960,2,6,previews\outgame_navigator\0xA0F26E95_e1.png,projects\outgame_navigator\0xA0F26E95\e1\composition.json,
combat_portrait,0xA297FAA0,g00,mapped,0xA297FAA0/g00/00001,packages\combat_portrait\0xA297FAA0\png\g00_00001_572x572_bc7.png,572,572,1,2,previews\combat_portrait\0xA297FAA0_g00.png,projects\combat_portrait\0xA297FAA0\g00\composition.json,
combat_portrait,0xA2991C82,g00,mapped,0xA2991C82/g00/00001,packages\combat_portrait\0xA2991C82\png\g00_00001_572x572_bc7.png,572,572,1,2,previews\combat_portrait\0xA2991C82_g00.png,projects\combat_portrait\0xA2991C82\g00\composition.json,
combat_portrait,0xA2A38D28,g00,mapped,0xA2A38D28/g00/00001,packages\combat_portrait\0xA2A38D28\png\g00_00001_572x572_bc7.png,572,572,1,2,previews\combat_portrait\0xA2A38D28_g00.png,projects\combat_portrait\0xA2A38D28\g00\composition.json,
outgame_navigator,0xA2A4ACF8,a1,mapped,0xA2A4ACF8/a1/00000,packages\outgame_navigator\0xA2A4ACF8\png\a1_00000_872x960_bc7.png,872,960,2,30,previews\outgame_navigator\0xA2A4ACF8_a1.png,projects\outgame_navigator\0xA2A4ACF8\a1\composition.json,
outgame_navigator,0xA2A4ACF8,a2,mapped,0xA2A4ACF8/a2/00000,packages\outgame_navigator\0xA2A4ACF8\png\a2_00000_872x960_bc7.png,872,960,2,30,previews\outgame_navigator\0xA2A4ACF8_a2.png,projects\outgame_navigator\0xA2A4ACF8\a2\composition.json,
outgame_navigator,0xA2A4ACF8,a3,mapped,0xA2A4ACF8/a3/00000,packages\outgame_navigator\0xA2A4ACF8\png\a3_00000_872x960_bc7.png,872,960,2,30,previews\outgame_navigator\0xA2A4ACF8_a3.png,projects\outgame_navigator\0xA2A4ACF8\a3\composition.json,
outgame_navigator,0xA2A4ACF8,a4,mapped,0xA2A4ACF8/a4/00000,packages\outgame_navigator\0xA2A4ACF8\png\a4_00000_872x960_bc7.png,872,960,2,30,previews\outgame_navigator\0xA2A4ACF8_a4.png,projects\outgame_navigator\0xA2A4ACF8\a4\composition.json,
outgame_navigator,0xA2A4ACF8,b1,mapped,0xA2A4ACF8/b1/00000,packages\outgame_navigator\0xA2A4ACF8\png\b1_00000_872x960_bc7.png,872,960,0,0,previews\outgame_navigator\0xA2A4ACF8_b1.png,projects\outgame_navigator\0xA2A4ACF8\b1\composition.json,
outgame_navigator,0xA2A4ACF8,c1,mapped,0xA2A4ACF8/c1/00000,packages\outgame_navigator\0xA2A4ACF8\png\c1_00000_872x960_bc7.png,872,960,2,6,previews\outgame_navigator\0xA2A4ACF8_c1.png,projects\outgame_navigator\0xA2A4ACF8\c1\composition.json,
outgame_navigator,0xA2A4ACF8,d1,mapped,0xA2A4ACF8/d1/00000,packages\outgame_navigator\0xA2A4ACF8\png\d1_00000_872x960_bc7.png,872,960,2,18,previews\outgame_navigator\0xA2A4ACF8_d1.png,projects\outgame_navigator\0xA2A4ACF8\d1\composition.json,
outgame_navigator,0xA2A4ACF8,e1,mapped,0xA2A4ACF8/e1/00000,packages\outgame_navigator\0xA2A4ACF8\png\e1_00000_872x960_bc7.png,872,960,2,12,previews\outgame_navigator\0xA2A4ACF8_e1.png,projects\outgame_navigator\0xA2A4ACF8\e1\composition.json,
combat_portrait,0xA2B0535A,g00,mapped,0xA2B0535A/g00/00001,packages\combat_portrait\0xA2B0535A\png\g00_00001_572x572_bc7.png,572,572,1,2,previews\combat_portrait\0xA2B0535A_g00.png,projects\combat_portrait\0xA2B0535A\g00\composition.json,
combat_portrait,0xA2BEB578,g00,mapped,0xA2BEB578/g00/00001,packages\combat_portrait\0xA2BEB578\png\g00_00001_572x572_bc7.png,572,572,1,2,previews\combat_portrait\0xA2BEB578_g00.png,projects\combat_portrait\0xA2BEB578\g00\composition.json,
combat_portrait,0xA39A264B,g00,mapped,0xA39A264B/g00/00001,packages\combat_portrait\0xA39A264B\png\g00_00001_572x572_bc7.png,572,572,1,2,previews\combat_portrait\0xA39A264B_g00.png,projects\combat_portrait\0xA39A264B\g00\composition.json,
combat_portrait,0xA3B6948B,g00,mapped,0xA3B6948B/g00/00001,packages\combat_portrait\0xA3B6948B\png\g00_00001_572x572_bc7.png,572,572,1,2,previews\combat_portrait\0xA3B6948B_g00.png,projects\combat_portrait\0xA3B6948B\g00\composition.json,
ingame_navigator,0xA4CB16F0,a1,mapped,0xA4CB16F0/a1/00000,packages\ingame_navigator\0xA4CB16F0\png\a1_00000_260x180_bc7.png,260,180,2,24,previews\ingame_navigator\0xA4CB16F0_a1.png,projects\ingame_navigator\0xA4CB16F0\a1\composition.json,
combat_portrait,0xA4CB6FEB,g00,mapped,0xA4CB6FEB/g00/00001,packages\combat_portrait\0xA4CB6FEB\png\g00_00001_572x572_bc7.png,572,572,1,2,previews\combat_portrait\0xA4CB6FEB_g00.png,projects\combat_portrait\0xA4CB6FEB\g00\composition.json,
outgame_navigator,0xA5B6E81E,a1,mapped,0xA5B6E81E/a1/00000,packages\outgame_navigator\0xA5B6E81E\png\a1_00000_872x960_bc7.png,872,960,2,12,previews\outgame_navigator\0xA5B6E81E_a1.png,projects\outgame_navigator\0xA5B6E81E\a1\composition.json,
outgame_navigator,0xA5B6E81E,a2,mapped,0xA5B6E81E/a2/00000,packages\outgame_navigator\0xA5B6E81E\png\a2_00000_872x960_bc7.png,872,960,2,12,previews\outgame_navigator\0xA5B6E81E_a2.png,projects\outgame_navigator\0xA5B6E81E\a2\composition.json,
outgame_navigator,0xA5B6E81E,b1,mapped,0xA5B6E81E/b1/00000,packages\outgame_navigator\0xA5B6E81E\png\b1_00000_872x960_bc7.png,872,960,2,18,previews\outgame_navigator\0xA5B6E81E_b1.png,projects\outgame_navigator\0xA5B6E81E\b1\composition.json,
outgame_navigator,0xA5B6E81E,b2,mapped,0xA5B6E81E/b2/00000,packages\outgame_navigator\0xA5B6E81E\png\b2_00000_872x960_bc7.png,872,960,2,18,previews\outgame_navigator\0xA5B6E81E_b2.png,projects\outgame_navigator\0xA5B6E81E\b2\composition.json,
outgame_navigator,0xA5B6E81E,b3,mapped,0xA5B6E81E/b3/00000,packages\outgame_navigator\0xA5B6E81E\png\b3_00000_872x960_bc7.png,872,960,2,18,previews\outgame_navigator\0xA5B6E81E_b3.png,projects\outgame_navigator\0xA5B6E81E\b3\composition.json,
combat_portrait,0xA5F73990,g00,mapped,0xA5F73990/g00/00001,packages\combat_portrait\0xA5F73990\png\g00_00001_572x572_bc7.png,572,572,1,2,previews\combat_portrait\0xA5F73990_g00.png,projects\combat_portrait\0xA5F73990\g00\composition.json,
combat_portrait,0xA64B6545,g00,mapped,0xA64B6545/g00/00001,packages\combat_portrait\0xA64B6545\png\g00_00001_572x572_bc7.png,572,572,1,2,previews\combat_portrait\0xA64B6545_g00.png,projects\combat_portrait\0xA64B6545\g00\composition.json,
combat_portrait,0xA67409F7,g00,mapped,0xA67409F7/g00/00001,packages\combat_portrait\0xA67409F7\png\g00_00001_572x572_bc7.png,572,572,1,2,previews\combat_portrait\0xA67409F7_g00.png,projects\combat_portrait\0xA67409F7\g00\composition.json,
combat_portrait,0xA76FF676,g00,mapped,0xA76FF676/g00/00001,packages\combat_portrait\0xA76FF676\png\g00_00001_572x572_bc7.png,572,572,1,2,previews\combat_portrait\0xA76FF676_g00.png,projects\combat_portrait\0xA76FF676\g00\composition.json,
combat_portrait,0xA8F47187,g00,mapped,0xA8F47187/g00/00001,packages\combat_portrait\0xA8F47187\png\g00_00001_572x572_bc7.png,572,572,1,2,previews\combat_portrait\0xA8F47187_g00.png,projects\combat_portrait\0xA8F47187\g00\composition.json,
outgame_navigator,0xA94422BE,a1,mapped,0xA94422BE/a1/00000,packages\outgame_navigator\0xA94422BE\png\a1_00000_872x960_bc7.png,872,960,2,22,previews\outgame_navigator\0xA94422BE_a1.png,projects\outgame_navigator\0xA94422BE\a1\composition.json,
outgame_navigator,0xA94422BE,a2,mapped,0xA94422BE/a2/00000,packages\outgame_navigator\0xA94422BE\png\a2_00000_872x960_bc7.png,872,960,2,22,previews\outgame_navigator\0xA94422BE_a2.png,projects\outgame_navigator\0xA94422BE\a2\composition.json,
outgame_navigator,0xA94422BE,b1,mapped,0xA94422BE/b1/00000,packages\outgame_navigator\0xA94422BE\png\b1_00000_872x960_bc7.png,872,960,2,12,previews\outgame_navigator\0xA94422BE_b1.png,projects\outgame_navigator\0xA94422BE\b1\composition.json,
outgame_navigator,0xA94422BE,b2,mapped,0xA94422BE/b2/00000,packages\outgame_navigator\0xA94422BE\png\b2_00000_872x960_bc7.png,872,960,2,12,previews\outgame_navigator\0xA94422BE_b2.png,projects\outgame_navigator\0xA94422BE\b2\composition.json,
outgame_navigator,0xA94422BE,c1,mapped,0xA94422BE/c1/00000,packages\outgame_navigator\0xA94422BE\png\c1_00000_872x960_bc7.png,872,960,2,12,previews\outgame_navigator\0xA94422BE_c1.png,projects\outgame_navigator\0xA94422BE\c1\composition.json,
outgame_navigator,0xA94422BE,c2,mapped,0xA94422BE/c2/00000,packages\outgame_navigator\0xA94422BE\png\c2_00000_872x960_bc7.png,872,960,2,12,previews\outgame_navigator\0xA94422BE_c2.png,projects\outgame_navigator\0xA94422BE\c2\composition.json,
outgame_navigator,0xA94422BE,d1,mapped,0xA94422BE/d1/00000,packages\outgame_navigator\0xA94422BE\png\d1_00000_872x960_bc7.png,872,960,2,4,previews\outgame_navigator\0xA94422BE_d1.png,projects\outgame_navigator\0xA94422BE\d1\composition.json,
outgame_navigator,0xA94422BE,e1,mapped,0xA94422BE/e1/00000,packages\outgame_navigator\0xA94422BE\png\e1_00000_872x960_bc7.png,872,960,2,6,previews\outgame_navigator\0xA94422BE_e1.png,projects\outgame_navigator\0xA94422BE\e1\composition.json,
combat_portrait,0xA9EA731E,g00,mapped_with_warning,0xA9EA731E/g00/00001,packages\combat_portrait\0xA9EA731E\png\g00_00001_572x572_bc7.png,572,572,1,2,previews\combat_portrait\0xA9EA731E_g00.png,projects\combat_portrait\0xA9EA731E\g00\composition.json,mouth stable-border RMSE is high: 62.64
outgame_navigator,0xAA286B99,a1,mapped,0xAA286B99/a1/00000,packages\outgame_navigator\0xAA286B99\png\a1_00000_872x960_bc7.png,872,960,2,12,previews\outgame_navigator\0xAA286B99_a1.png,projects\outgame_navigator\0xAA286B99\a1\composition.json,
outgame_navigator,0xAA286B99,a2,mapped,0xAA286B99/a2/00000,packages\outgame_navigator\0xAA286B99\png\a2_00000_872x960_bc7.png,872,960,2,12,previews\outgame_navigator\0xAA286B99_a2.png,projects\outgame_navigator\0xAA286B99\a2\composition.json,
outgame_navigator,0xAA286B99,b1,mapped,0xAA286B99/b1/00000,packages\outgame_navigator\0xAA286B99\png\b1_00000_872x960_bc7.png,872,960,2,12,previews\outgame_navigator\0xAA286B99_b1.png,projects\outgame_navigator\0xAA286B99\b1\composition.json,
outgame_navigator,0xAA286B99,b2,mapped,0xAA286B99/b2/00000,packages\outgame_navigator\0xAA286B99\png\b2_00000_872x960_bc7.png,872,960,2,12,previews\outgame_navigator\0xAA286B99_b2.png,projects\outgame_navigator\0xAA286B99\b2\composition.json,
outgame_navigator,0xAA286B99,c1,mapped,0xAA286B99/c1/00000,packages\outgame_navigator\0xAA286B99\png\c1_00000_872x960_bc7.png,872,960,2,12,previews\outgame_navigator\0xAA286B99_c1.png,projects\outgame_navigator\0xAA286B99\c1\composition.json,
outgame_navigator,0xAA286B99,c2,mapped,0xAA286B99/c2/00000,packages\outgame_navigator\0xAA286B99\png\c2_00000_872x960_bc7.png,872,960,2,12,previews\outgame_navigator\0xAA286B99_c2.png,projects\outgame_navigator\0xAA286B99\c2\composition.json,
combat_portrait,0xAA4EEA83,g00,mapped,0xAA4EEA83/g00/00001,packages\combat_portrait\0xAA4EEA83\png\g00_00001_572x572_bc7.png,572,572,1,2,previews\combat_portrait\0xAA4EEA83_g00.png,projects\combat_portrait\0xAA4EEA83\g00\composition.json,
combat_portrait,0xAA562FCB,g00,mapped,0xAA562FCB/g00/00001,packages\combat_portrait\0xAA562FCB\png\g00_00001_572x572_bc7.png,572,572,1,2,previews\combat_portrait\0xAA562FCB_g00.png,projects\combat_portrait\0xAA562FCB\g00\composition.json,
combat_portrait,0xAA58C9E9,g00,mapped,0xAA58C9E9/g00/00001,packages\combat_portrait\0xAA58C9E9\png\g00_00001_572x572_bc7.png,572,572,1,2,previews\combat_portrait\0xAA58C9E9_g00.png,projects\combat_portrait\0xAA58C9E9\g00\composition.json,
combat_portrait,0xAA718631,g00,mapped,0xAA718631/g00/00001,packages\combat_portrait\0xAA718631\png\g00_00001_572x572_bc7.png,572,572,1,2,previews\combat_portrait\0xAA718631_g00.png,projects\combat_portrait\0xAA718631\g00\composition.json,
outgame_navigator,0xAA7CB1FE,a1,mapped,0xAA7CB1FE/a1/00000,packages\outgame_navigator\0xAA7CB1FE\png\a1_00000_872x960_bc7.png,872,960,2,18,previews\outgame_navigator\0xAA7CB1FE_a1.png,projects\outgame_navigator\0xAA7CB1FE\a1\composition.json,
outgame_navigator,0xAA7CB1FE,a2,mapped,0xAA7CB1FE/a2/00000,packages\outgame_navigator\0xAA7CB1FE\png\a2_00000_872x960_bc7.png,872,960,2,18,previews\outgame_navigator\0xAA7CB1FE_a2.png,projects\outgame_navigator\0xAA7CB1FE\a2\composition.json,
outgame_navigator,0xAA7CB1FE,b1,mapped,0xAA7CB1FE/b1/00000,packages\outgame_navigator\0xAA7CB1FE\png\b1_00000_872x960_bc7.png,872,960,2,24,previews\outgame_navigator\0xAA7CB1FE_b1.png,projects\outgame_navigator\0xAA7CB1FE\b1\composition.json,
outgame_navigator,0xAA7CB1FE,b2,mapped,0xAA7CB1FE/b2/00000,packages\outgame_navigator\0xAA7CB1FE\png\b2_00000_872x960_bc7.png,872,960,2,24,previews\outgame_navigator\0xAA7CB1FE_b2.png,projects\outgame_navigator\0xAA7CB1FE\b2\composition.json,
outgame_navigator,0xAA7CB1FE,b3,mapped,0xAA7CB1FE/b3/00000,packages\outgame_navigator\0xAA7CB1FE\png\b3_00000_872x960_bc7.png,872,960,2,24,previews\outgame_navigator\0xAA7CB1FE_b3.png,projects\outgame_navigator\0xAA7CB1FE\b3\composition.json,
outgame_navigator,0xAA7CB1FE,b4,mapped,0xAA7CB1FE/b4/00000,packages\outgame_navigator\0xAA7CB1FE\png\b4_00000_872x960_bc7.png,872,960,2,24,previews\outgame_navigator\0xAA7CB1FE_b4.png,projects\outgame_navigator\0xAA7CB1FE\b4\composition.json,
combat_portrait,0xAB482D52,g00,mapped,0xAB482D52/g00/00001,packages\combat_portrait\0xAB482D52\png\g00_00001_572x572_bc7.png,572,572,1,2,previews\combat_portrait\0xAB482D52_g00.png,projects\combat_portrait\0xAB482D52\g00\composition.json,
combat_portrait,0xAB5B0734,g00,mapped,0xAB5B0734/g00/00001,packages\combat_portrait\0xAB5B0734\png\g00_00001_572x572_bc7.png,572,572,1,2,previews\combat_portrait\0xAB5B0734_g00.png,projects\combat_portrait\0xAB5B0734\g00\composition.json,
outgame_navigator,0xAC7F24CA,a1,mapped,0xAC7F24CA/a1/00000,packages\outgame_navigator\0xAC7F24CA\png\a1_00000_872x960_bc7.png,872,960,2,30,previews\outgame_navigator\0xAC7F24CA_a1.png,projects\outgame_navigator\0xAC7F24CA\a1\composition.json,
outgame_navigator,0xAC7F24CA,a2,mapped,0xAC7F24CA/a2/00000,packages\outgame_navigator\0xAC7F24CA\png\a2_00000_872x960_bc7.png,872,960,2,30,previews\outgame_navigator\0xAC7F24CA_a2.png,projects\outgame_navigator\0xAC7F24CA\a2\composition.json,
outgame_navigator,0xAC7F24CA,a3,mapped,0xAC7F24CA/a3/00000,packages\outgame_navigator\0xAC7F24CA\png\a3_00000_872x960_bc7.png,872,960,2,30,previews\outgame_navigator\0xAC7F24CA_a3.png,projects\outgame_navigator\0xAC7F24CA\a3\composition.json,
outgame_navigator,0xAC7F24CA,a4,mapped,0xAC7F24CA/a4/00000,packages\outgame_navigator\0xAC7F24CA\png\a4_00000_872x960_bc7.png,872,960,2,30,previews\outgame_navigator\0xAC7F24CA_a4.png,projects\outgame_navigator\0xAC7F24CA\a4\composition.json,
outgame_navigator,0xAC7F24CA,b1,mapped,0xAC7F24CA/b1/00000,packages\outgame_navigator\0xAC7F24CA\png\b1_00000_872x960_bc7.png,872,960,0,0,previews\outgame_navigator\0xAC7F24CA_b1.png,projects\outgame_navigator\0xAC7F24CA\b1\composition.json,
outgame_navigator,0xAC7F24CA,c1,mapped,0xAC7F24CA/c1/00000,packages\outgame_navigator\0xAC7F24CA\png\c1_00000_872x960_bc7.png,872,960,2,6,previews\outgame_navigator\0xAC7F24CA_c1.png,projects\outgame_navigator\0xAC7F24CA\c1\composition.json,
outgame_navigator,0xAC7F24CA,d1,mapped,0xAC7F24CA/d1/00000,packages\outgame_navigator\0xAC7F24CA\png\d1_00000_872x960_bc7.png,872,960,2,18,previews\outgame_navigator\0xAC7F24CA_d1.png,projects\outgame_navigator\0xAC7F24CA\d1\composition.json,
outgame_navigator,0xAC7F24CA,e1,mapped,0xAC7F24CA/e1/00000,packages\outgame_navigator\0xAC7F24CA\png\e1_00000_872x960_bc7.png,872,960,2,12,previews\outgame_navigator\0xAC7F24CA_e1.png,projects\outgame_navigator\0xAC7F24CA\e1\composition.json,
combat_portrait,0xAE84560C,g00,mapped,0xAE84560C/g00/00001,packages\combat_portrait\0xAE84560C\png\g00_00001_572x572_bc7.png,572,572,1,2,previews\combat_portrait\0xAE84560C_g00.png,projects\combat_portrait\0xAE84560C\g00\composition.json,
combat_portrait,0xAE928172,g00,mapped,0xAE928172/g00/00001,packages\combat_portrait\0xAE928172\png\g00_00001_572x572_bc7.png,572,572,1,2,previews\combat_portrait\0xAE928172_g00.png,projects\combat_portrait\0xAE928172\g00\composition.json,
combat_portrait,0xAF898AE7,g00,mapped,0xAF898AE7/g00/00001,packages\combat_portrait\0xAF898AE7\png\g00_00001_572x572_bc7.png,572,572,1,2,previews\combat_portrait\0xAF898AE7_g00.png,projects\combat_portrait\0xAF898AE7\g00\composition.json,
combat_portrait,0xAFBDFD6F,g00,mapped,0xAFBDFD6F/g00/00001,packages\combat_portrait\0xAFBDFD6F\png\g00_00001_572x572_bc7.png,572,572,1,2,previews\combat_portrait\0xAFBDFD6F_g00.png,projects\combat_portrait\0xAFBDFD6F\g00\composition.json,
combat_portrait,0xB002C15F,g00,mapped,0xB002C15F/g00/00001,packages\combat_portrait\0xB002C15F\png\g00_00001_572x572_bc7.png,572,572,1,2,previews\combat_portrait\0xB002C15F_g00.png,projects\combat_portrait\0xB002C15F\g00\composition.json,
combat_portrait,0xB014E235,g00,mapped,0xB014E235/g00/00001,packages\combat_portrait\0xB014E235\png\g00_00001_572x572_bc7.png,572,572,1,2,previews\combat_portrait\0xB014E235_g00.png,projects\combat_portrait\0xB014E235\g00\composition.json,
combat_portrait,0xB03DADED,g00,mapped,0xB03DADED/g00/00001,packages\combat_portrait\0xB03DADED\png\g00_00001_572x572_bc7.png,572,572,1,2,previews\combat_portrait\0xB03DADED_g00.png,projects\combat_portrait\0xB03DADED\g00\composition.json,
combat_portrait,0xB0E14344,g00,mapped,0xB0E14344/g00/00001,packages\combat_portrait\0xB0E14344\png\g00_00001_572x572_bc7.png,572,572,1,2,previews\combat_portrait\0xB0E14344_g00.png,projects\combat_portrait\0xB0E14344\g00\composition.json,
combat_portrait,0xB101FB96,g00,mapped,0xB101FB96/g00/00001,packages\combat_portrait\0xB101FB96\png\g00_00001_572x572_bc7.png,572,572,1,2,previews\combat_portrait\0xB101FB96_g00.png,projects\combat_portrait\0xB101FB96\g00\composition.json,
combat_portrait,0xB1307106,g00,mapped,0xB1307106/g00/00001,packages\combat_portrait\0xB1307106\png\g00_00001_572x572_bc7.png,572,572,1,2,previews\combat_portrait\0xB1307106_g00.png,projects\combat_portrait\0xB1307106\g00\composition.json,
combat_portrait,0xB4C87DD0,g00,mapped,0xB4C87DD0/g00/00001,packages\combat_portrait\0xB4C87DD0\png\g00_00001_572x572_bc7.png,572,572,1,2,previews\combat_portrait\0xB4C87DD0_g00.png,projects\combat_portrait\0xB4C87DD0\g00\composition.json,
combat_portrait,0xB4DE5EBA,g00,mapped,0xB4DE5EBA/g00/00001,packages\combat_portrait\0xB4DE5EBA\png\g00_00001_572x572_bc7.png,572,572,1,2,previews\combat_portrait\0xB4DE5EBA_g00.png,projects\combat_portrait\0xB4DE5EBA\g00\composition.json,
combat_portrait,0xB4E13208,g00,mapped,0xB4E13208/g00/00001,packages\combat_portrait\0xB4E13208\png\g00_00001_572x572_bc7.png,572,572,1,2,previews\combat_portrait\0xB4E13208_g00.png,projects\combat_portrait\0xB4E13208\g00\composition.json,
combat_portrait,0xB5CB4719,g00,mapped,0xB5CB4719/g00/00001,packages\combat_portrait\0xB5CB4719\png\g00_00001_572x572_bc7.png,572,572,1,2,previews\combat_portrait\0xB5CB4719_g00.png,projects\combat_portrait\0xB5CB4719\g00\composition.json,
combat_portrait,0xB5FF3091,g00,mapped,0xB5FF3091/g00/00001,packages\combat_portrait\0xB5FF3091\png\g00_00001_572x572_bc7.png,572,572,1,2,previews\combat_portrait\0xB5FF3091_g00.png,projects\combat_portrait\0xB5FF3091\g00\composition.json,
outgame_navigator,0xB8D881CA,a1,mapped,0xB8D881CA/a1/00000,packages\outgame_navigator\0xB8D881CA\png\a1_00000_872x960_bc7.png,872,960,2,28,previews\outgame_navigator\0xB8D881CA_a1.png,projects\outgame_navigator\0xB8D881CA\a1\composition.json,
outgame_navigator,0xB8D881CA,a2,mapped,0xB8D881CA/a2/00000,packages\outgame_navigator\0xB8D881CA\png\a2_00000_872x960_bc7.png,872,960,2,28,previews\outgame_navigator\0xB8D881CA_a2.png,projects\outgame_navigator\0xB8D881CA\a2\composition.json,
outgame_navigator,0xB8D881CA,b1,mapped,0xB8D881CA/b1/00000,packages\outgame_navigator\0xB8D881CA\png\b1_00000_872x960_bc7.png,872,960,2,6,previews\outgame_navigator\0xB8D881CA_b1.png,projects\outgame_navigator\0xB8D881CA\b1\composition.json,
outgame_navigator,0xB8D881CA,c1,mapped,0xB8D881CA/c1/00000,packages\outgame_navigator\0xB8D881CA\png\c1_00000_872x960_bc7.png,872,960,2,6,previews\outgame_navigator\0xB8D881CA_c1.png,projects\outgame_navigator\0xB8D881CA\c1\composition.json,
outgame_navigator,0xB8D881CA,d1,mapped,0xB8D881CA/d1/00000,packages\outgame_navigator\0xB8D881CA\png\d1_00000_872x960_bc7.png,872,960,2,17,previews\outgame_navigator\0xB8D881CA_d1.png,projects\outgame_navigator\0xB8D881CA\d1\composition.json,
outgame_navigator,0xB8D881CA,d2,mapped,0xB8D881CA/d2/00000,packages\outgame_navigator\0xB8D881CA\png\d2_00000_872x960_bc7.png,872,960,2,17,previews\outgame_navigator\0xB8D881CA_d2.png,projects\outgame_navigator\0xB8D881CA\d2\composition.json,
outgame_navigator,0xB8D881CA,d3,mapped,0xB8D881CA/d3/00000,packages\outgame_navigator\0xB8D881CA\png\d3_00000_872x960_bc7.png,872,960,2,17,previews\outgame_navigator\0xB8D881CA_d3.png,projects\outgame_navigator\0xB8D881CA\d3\composition.json,
outgame_navigator,0xB8D881CA,e1,mapped,0xB8D881CA/e1/00000,packages\outgame_navigator\0xB8D881CA\png\e1_00000_872x960_bc7.png,872,960,2,17,previews\outgame_navigator\0xB8D881CA_e1.png,projects\outgame_navigator\0xB8D881CA\e1\composition.json,
outgame_navigator,0xB8D881CA,e2,mapped,0xB8D881CA/e2/00017,packages\outgame_navigator\0xB8D881CA\png\e2_00017_872x960_bc7.png,872,960,2,17,previews\outgame_navigator\0xB8D881CA_e2.png,projects\outgame_navigator\0xB8D881CA\e2\composition.json,
outgame_navigator,0xB8D881CA,e3,mapped,0xB8D881CA/e3/00000,packages\outgame_navigator\0xB8D881CA\png\e3_00000_872x960_bc7.png,872,960,2,17,previews\outgame_navigator\0xB8D881CA_e3.png,projects\outgame_navigator\0xB8D881CA\e3\composition.json,
outgame_navigator,0xB8D881CA,f1,mapped,0xB8D881CA/f1/00000,packages\outgame_navigator\0xB8D881CA\png\f1_00000_872x960_bc7.png,872,960,2,6,previews\outgame_navigator\0xB8D881CA_f1.png,projects\outgame_navigator\0xB8D881CA\f1\composition.json,
outgame_navigator,0xB8D881CA,g1,mapped,0xB8D881CA/g1/00000,packages\outgame_navigator\0xB8D881CA\png\g1_00000_872x960_bc7.png,872,960,0,0,previews\outgame_navigator\0xB8D881CA_g1.png,projects\outgame_navigator\0xB8D881CA\g1\composition.json,
combat_portrait,0xB8DBD17C,g00,mapped,0xB8DBD17C/g00/00001,packages\combat_portrait\0xB8DBD17C\png\g00_00001_572x572_bc7.png,572,572,1,2,previews\combat_portrait\0xB8DBD17C_g00.png,projects\combat_portrait\0xB8DBD17C\g00\composition.json,
combat_portrait,0xB8EA5BEC,g00,mapped,0xB8EA5BEC/g00/00001,packages\combat_portrait\0xB8EA5BEC\png\g00_00001_572x572_bc7.png,572,572,1,2,previews\combat_portrait\0xB8EA5BEC_g00.png,projects\combat_portrait\0xB8EA5BEC\g00\composition.json,
combat_portrait,0xB9E99531,g00,mapped,0xB9E99531/g00/00001,packages\combat_portrait\0xB9E99531\png\g00_00001_572x572_bc7.png,572,572,1,2,previews\combat_portrait\0xB9E99531_g00.png,projects\combat_portrait\0xB9E99531\g00\composition.json,
ingame_navigator,0xBA700E07,a1,mapped,0xBA700E07/a1/00000,packages\ingame_navigator\0xBA700E07\png\a1_00000_260x180_bc7.png,260,180,2,12,previews\ingame_navigator\0xBA700E07_a1.png,projects\ingame_navigator\0xBA700E07\a1\composition.json,
combat_portrait,0xBC074E99,g00,mapped,0xBC074E99/g00/00001,packages\combat_portrait\0xBC074E99\png\g00_00001_572x572_bc7.png,572,572,1,2,previews\combat_portrait\0xBC074E99_g00.png,projects\combat_portrait\0xBC074E99\g00\composition.json,
combat_portrait,0xBC1F8BD1,g00,mapped,0xBC1F8BD1/g00/00001,packages\combat_portrait\0xBC1F8BD1\png\g00_00001_572x572_bc7.png,572,572,1,2,previews\combat_portrait\0xBC1F8BD1_g00.png,projects\combat_portrait\0xBC1F8BD1\g00\composition.json,
combat_portrait,0xBC333911,g00,mapped,0xBC333911/g00/00001,packages\combat_portrait\0xBC333911\png\g00_00001_572x572_bc7.png,572,572,1,2,previews\combat_portrait\0xBC333911_g00.png,projects\combat_portrait\0xBC333911\g00\composition.json,
combat_portrait,0xBD0A9272,g00,mapped,0xBD0A9272/g00/00001,packages\combat_portrait\0xBD0A9272\png\g00_00001_572x572_bc7.png,572,572,1,2,previews\combat_portrait\0xBD0A9272_g00.png,projects\combat_portrait\0xBD0A9272\g00\composition.json,
combat_portrait,0xBD23DDAA,g00,mapped,0xBD23DDAA/g00/00001,packages\combat_portrait\0xBD23DDAA\png\g00_00001_572x572_bc7.png,572,572,1,2,previews\combat_portrait\0xBD23DDAA_g00.png,projects\combat_portrait\0xBD23DDAA\g00\composition.json,
combat_portrait,0xBD2620B2,g00,mapped,0xBD2620B2/g00/00001,packages\combat_portrait\0xBD2620B2\png\g00_00001_572x572_bc7.png,572,572,1,2,previews\combat_portrait\0xBD2620B2_g00.png,projects\combat_portrait\0xBD2620B2\g00\composition.json,
combat_portrait,0xBD3B18E2,g00,mapped,0xBD3B18E2/g00/00001,packages\combat_portrait\0xBD3B18E2\png\g00_00001_572x572_bc7.png,572,572,1,2,previews\combat_portrait\0xBD3B18E2_g00.png,projects\combat_portrait\0xBD3B18E2\g00\composition.json,
ingame_navigator,0xBEA1F375,a1,mapped,0xBEA1F375/a1/00000,packages\ingame_navigator\0xBEA1F375\png\a1_00000_260x180_bc7.png,260,180,2,18,previews\ingame_navigator\0xBEA1F375_a1.png,projects\ingame_navigator\0xBEA1F375\a1\composition.json,
combat_portrait,0xBEBDD59D,g00,mapped,0xBEBDD59D/g00/00001,packages\combat_portrait\0xBEBDD59D\png\g00_00001_572x572_bc7.png,572,572,1,2,previews\combat_portrait\0xBEBDD59D_g00.png,projects\combat_portrait\0xBEBDD59D\g00\composition.json,
outgame_navigator,0xBFE6AFD0,a1,mapped,0xBFE6AFD0/a1/00000,packages\outgame_navigator\0xBFE6AFD0\png\a1_00000_872x960_bc7.png,872,960,2,21,previews\outgame_navigator\0xBFE6AFD0_a1.png,projects\outgame_navigator\0xBFE6AFD0\a1\composition.json,
outgame_navigator,0xBFE6AFD0,a2,mapped,0xBFE6AFD0/a2/00000,packages\outgame_navigator\0xBFE6AFD0\png\a2_00000_872x960_bc7.png,872,960,2,21,previews\outgame_navigator\0xBFE6AFD0_a2.png,projects\outgame_navigator\0xBFE6AFD0\a2\composition.json,
outgame_navigator,0xBFE6AFD0,b1,mapped,0xBFE6AFD0/b1/00000,packages\outgame_navigator\0xBFE6AFD0\png\b1_00000_872x960_bc7.png,872,960,2,12,previews\outgame_navigator\0xBFE6AFD0_b1.png,projects\outgame_navigator\0xBFE6AFD0\b1\composition.json,
outgame_navigator,0xBFE6AFD0,b2,mapped,0xBFE6AFD0/b2/00000,packages\outgame_navigator\0xBFE6AFD0\png\b2_00000_872x960_bc7.png,872,960,2,12,previews\outgame_navigator\0xBFE6AFD0_b2.png,projects\outgame_navigator\0xBFE6AFD0\b2\composition.json,
outgame_navigator,0xBFE6AFD0,c1,mapped,0xBFE6AFD0/c1/00000,packages\outgame_navigator\0xBFE6AFD0\png\c1_00000_872x960_bc7.png,872,960,2,12,previews\outgame_navigator\0xBFE6AFD0_c1.png,projects\outgame_navigator\0xBFE6AFD0\c1\composition.json,
outgame_navigator,0xBFE6AFD0,c2,mapped,0xBFE6AFD0/c2/00000,packages\outgame_navigator\0xBFE6AFD0\png\c2_00000_872x960_bc7.png,872,960,2,12,previews\outgame_navigator\0xBFE6AFD0_c2.png,projects\outgame_navigator\0xBFE6AFD0\c2\composition.json,
outgame_navigator,0xBFE6AFD0,d1,mapped,0xBFE6AFD0/d1/00000,packages\outgame_navigator\0xBFE6AFD0\png\d1_00000_872x960_bc7.png,872,960,2,12,previews\outgame_navigator\0xBFE6AFD0_d1.png,projects\outgame_navigator\0xBFE6AFD0\d1\composition.json,
outgame_navigator,0xBFE6AFD0,d2,mapped,0xBFE6AFD0/d2/00000,packages\outgame_navigator\0xBFE6AFD0\png\d2_00000_872x960_bc7.png,872,960,2,12,previews\outgame_navigator\0xBFE6AFD0_d2.png,projects\outgame_navigator\0xBFE6AFD0\d2\composition.json,
combat_portrait,0xC0AA49E4,g00,mapped,0xC0AA49E4/g00/00001,packages\combat_portrait\0xC0AA49E4\png\g00_00001_572x572_bc7.png,572,572,1,2,previews\combat_portrait\0xC0AA49E4_g00.png,projects\combat_portrait\0xC0AA49E4\g00\composition.json,
combat_portrait,0xC224EEAE,g00,mapped,0xC224EEAE/g00/00001,packages\combat_portrait\0xC224EEAE\png\g00_00001_572x572_bc7.png,572,572,1,2,previews\combat_portrait\0xC224EEAE_g00.png,projects\combat_portrait\0xC224EEAE\g00\composition.json,
combat_portrait,0xC22A088C,g00,mapped,0xC22A088C/g00/00001,packages\combat_portrait\0xC22A088C\png\g00_00001_572x572_bc7.png,572,572,1,2,previews\combat_portrait\0xC22A088C_g00.png,projects\combat_portrait\0xC22A088C\g00\composition.json,
ingame_navigator,0xC24A33AC,a1,mapped,0xC24A33AC/a1/00000,packages\ingame_navigator\0xC24A33AC\png\a1_00000_260x180_bc7.png,260,180,2,21,previews\ingame_navigator\0xC24A33AC_a1.png,projects\ingame_navigator\0xC24A33AC\a1\composition.json,
outgame_navigator,0xC3950E8A,a1,mapped,0xC3950E8A/a1/00000,packages\outgame_navigator\0xC3950E8A\png\a1_00000_872x960_bc7.png,872,960,2,15,previews\outgame_navigator\0xC3950E8A_a1.png,projects\outgame_navigator\0xC3950E8A\a1\composition.json,
outgame_navigator,0xC3950E8A,a2,mapped,0xC3950E8A/a2/00000,packages\outgame_navigator\0xC3950E8A\png\a2_00000_872x960_bc7.png,872,960,2,15,previews\outgame_navigator\0xC3950E8A_a2.png,projects\outgame_navigator\0xC3950E8A\a2\composition.json,
outgame_navigator,0xC3950E8A,b1,mapped,0xC3950E8A/b1/00000,packages\outgame_navigator\0xC3950E8A\png\b1_00000_872x960_bc7.png,872,960,2,15,previews\outgame_navigator\0xC3950E8A_b1.png,projects\outgame_navigator\0xC3950E8A\b1\composition.json,
outgame_navigator,0xC3950E8A,b2,mapped,0xC3950E8A/b2/00000,packages\outgame_navigator\0xC3950E8A\png\b2_00000_872x960_bc7.png,872,960,2,15,previews\outgame_navigator\0xC3950E8A_b2.png,projects\outgame_navigator\0xC3950E8A\b2\composition.json,
outgame_navigator,0xC3950E8A,c1,mapped,0xC3950E8A/c1/00000,packages\outgame_navigator\0xC3950E8A\png\c1_00000_872x960_bc7.png,872,960,2,15,previews\outgame_navigator\0xC3950E8A_c1.png,projects\outgame_navigator\0xC3950E8A\c1\composition.json,
outgame_navigator,0xC3950E8A,c2,mapped,0xC3950E8A/c2/00000,packages\outgame_navigator\0xC3950E8A\png\c2_00000_872x960_bc7.png,872,960,2,15,previews\outgame_navigator\0xC3950E8A_c2.png,projects\outgame_navigator\0xC3950E8A\c2\composition.json,
combat_portrait,0xC47D86FD,g00,mapped,0xC47D86FD/g00/00001,packages\combat_portrait\0xC47D86FD\png\g00_00001_572x572_bc7.png,572,572,1,2,previews\combat_portrait\0xC47D86FD_g00.png,projects\combat_portrait\0xC47D86FD\g00\composition.json,
combat_portrait,0xC6D13E93,g00,mapped,0xC6D13E93/g00/00001,packages\combat_portrait\0xC6D13E93\png\g00_00001_572x572_bc7.png,572,572,1,2,previews\combat_portrait\0xC6D13E93_g00.png,projects\combat_portrait\0xC6D13E93\g00\composition.json,
combat_portrait,0xC6DFD8B1,g00,mapped,0xC6DFD8B1/g00/00001,packages\combat_portrait\0xC6DFD8B1\png\g00_00001_572x572_bc7.png,572,572,1,2,previews\combat_portrait\0xC6DFD8B1_g00.png,projects\combat_portrait\0xC6DFD8B1\g00\composition.json,
combat_portrait,0xC6F69769,g00,mapped,0xC6F69769/g00/00001,packages\combat_portrait\0xC6F69769\png\g00_00001_572x572_bc7.png,572,572,1,2,previews\combat_portrait\0xC6F69769_g00.png,projects\combat_portrait\0xC6F69769\g00\composition.json,
combat_portrait,0xC6F8714B,g00,mapped,0xC6F8714B/g00/00001,packages\combat_portrait\0xC6F8714B\png\g00_00001_572x572_bc7.png,572,572,1,2,previews\combat_portrait\0xC6F8714B_g00.png,projects\combat_portrait\0xC6F8714B\g00\composition.json,
combat_portrait,0xC7E673D2,g00,mapped,0xC7E673D2/g00/00001,packages\combat_portrait\0xC7E673D2\png\g00_00001_572x572_bc7.png,572,572,1,2,previews\combat_portrait\0xC7E673D2_g00.png,projects\combat_portrait\0xC7E673D2\g00\composition.json,
combat_portrait,0xC7FB4B82,g00,mapped,0xC7FB4B82/g00/00001,packages\combat_portrait\0xC7FB4B82\png\g00_00001_572x572_bc7.png,572,572,1,2,previews\combat_portrait\0xC7FB4B82_g00.png,projects\combat_portrait\0xC7FB4B82\g00\composition.json,
combat_portrait,0xCA211024,g00,mapped,0xCA211024/g00/00001,packages\combat_portrait\0xCA211024\png\g00_00001_572x572_bc7.png,572,572,1,2,previews\combat_portrait\0xCA211024_g00.png,projects\combat_portrait\0xCA211024\g00\composition.json,
combat_portrait,0xCAC2923F,g00,mapped,0xCAC2923F/g00/00001,packages\combat_portrait\0xCAC2923F\png\g00_00001_572x572_bc7.png,572,572,1,2,previews\combat_portrait\0xCAC2923F_g00.png,projects\combat_portrait\0xCAC2923F\g00\composition.json,
combat_portrait,0xCAD4B155,g00,mapped,0xCAD4B155/g00/00001,packages\combat_portrait\0xCAD4B155\png\g00_00001_572x572_bc7.png,572,572,1,2,previews\combat_portrait\0xCAD4B155_g00.png,projects\combat_portrait\0xCAD4B155\g00\composition.json,
ingame_navigator,0xCB969B50,a1,mapped,0xCB969B50/a1/00000,packages\ingame_navigator\0xCB969B50\png\a1_00000_260x180_bc7.png,260,180,2,24,previews\ingame_navigator\0xCB969B50_a1.png,projects\ingame_navigator\0xCB969B50\a1\composition.json,
combat_portrait,0xCBCFBAC0,g00,mapped,0xCBCFBAC0/g00/00001,packages\combat_portrait\0xCBCFBAC0\png\g00_00001_572x572_bc7.png,572,572,1,2,previews\combat_portrait\0xCBCFBAC0_g00.png,projects\combat_portrait\0xCBCFBAC0\g00\composition.json,
combat_portrait,0xCBE6010C,g00,mapped,0xCBE6010C/g00/00001,packages\combat_portrait\0xCBE6010C\png\g00_00001_572x572_bc7.png,572,572,1,2,previews\combat_portrait\0xCBE6010C_g00.png,projects\combat_portrait\0xCBE6010C\g00\composition.json,
combat_portrait,0xCBED1A36,g00,mapped,0xCBED1A36/g00/00001,packages\combat_portrait\0xCBED1A36\png\g00_00001_572x572_bc7.png,572,572,1,2,previews\combat_portrait\0xCBED1A36_g00.png,projects\combat_portrait\0xCBED1A36\g00\composition.json,
combat_portrait,0xCBF02266,g00,mapped,0xCBF02266/g00/00001,packages\combat_portrait\0xCBF02266\png\g00_00001_572x572_bc7.png,572,572,1,2,previews\combat_portrait\0xCBF02266_g00.png,projects\combat_portrait\0xCBF02266\g00\composition.json,
combat_portrait,0xCBFEC444,g00,mapped,0xCBFEC444/g00/00001,packages\combat_portrait\0xCBFEC444\png\g00_00001_572x572_bc7.png,572,572,1,2,previews\combat_portrait\0xCBFEC444_g00.png,projects\combat_portrait\0xCBFEC444\g00\composition.json,
combat_portrait,0xCCB6098B,g00,mapped,0xCCB6098B/g00/00001,packages\combat_portrait\0xCCB6098B\png\g00_00001_572x572_bc7.png,572,572,1,2,previews\combat_portrait\0xCCB6098B_g00.png,projects\combat_portrait\0xCCB6098B\g00\composition.json,
combat_portrait,0xCCB748AC,g00,mapped,0xCCB748AC/g00/00001,packages\combat_portrait\0xCCB748AC\png\g00_00001_572x572_bc7.png,572,572,1,2,previews\combat_portrait\0xCCB748AC_g00.png,projects\combat_portrait\0xCCB748AC\g00\composition.json,
outgame_navigator,0xCCDD569C,a1,mapped,0xCCDD569C/a1/00000,packages\outgame_navigator\0xCCDD569C\png\a1_00000_872x960_bc7.png,872,960,2,36,previews\outgame_navigator\0xCCDD569C_a1.png,projects\outgame_navigator\0xCCDD569C\a1\composition.json,
outgame_navigator,0xCCDD569C,a2,mapped,0xCCDD569C/a2/00000,packages\outgame_navigator\0xCCDD569C\png\a2_00000_872x960_bc7.png,872,960,2,36,previews\outgame_navigator\0xCCDD569C_a2.png,projects\outgame_navigator\0xCCDD569C\a2\composition.json,
outgame_navigator,0xCCDD569C,a3,mapped,0xCCDD569C/a3/00000,packages\outgame_navigator\0xCCDD569C\png\a3_00000_872x960_bc7.png,872,960,2,36,previews\outgame_navigator\0xCCDD569C_a3.png,projects\outgame_navigator\0xCCDD569C\a3\composition.json,
outgame_navigator,0xCCDD569C,b1,mapped,0xCCDD569C/b1/00000,packages\outgame_navigator\0xCCDD569C\png\b1_00000_872x960_bc7.png,872,960,2,24,previews\outgame_navigator\0xCCDD569C_b1.png,projects\outgame_navigator\0xCCDD569C\b1\composition.json,
outgame_navigator,0xCCDD569C,b2,mapped,0xCCDD569C/b2/00000,packages\outgame_navigator\0xCCDD569C\png\b2_00000_872x960_bc7.png,872,960,2,24,previews\outgame_navigator\0xCCDD569C_b2.png,projects\outgame_navigator\0xCCDD569C\b2\composition.json,
outgame_navigator,0xCCDD569C,b3,mapped,0xCCDD569C/b3/00000,packages\outgame_navigator\0xCCDD569C\png\b3_00000_872x960_bc7.png,872,960,2,24,previews\outgame_navigator\0xCCDD569C_b3.png,projects\outgame_navigator\0xCCDD569C\b3\composition.json,
outgame_navigator,0xCCDD569C,c1,mapped,0xCCDD569C/c1/00000,packages\outgame_navigator\0xCCDD569C\png\c1_00000_872x960_bc7.png,872,960,2,24,previews\outgame_navigator\0xCCDD569C_c1.png,projects\outgame_navigator\0xCCDD569C\c1\composition.json,
outgame_navigator,0xCCDD569C,c2,mapped,0xCCDD569C/c2/00000,packages\outgame_navigator\0xCCDD569C\png\c2_00000_872x960_bc7.png,872,960,2,24,previews\outgame_navigator\0xCCDD569C_c2.png,projects\outgame_navigator\0xCCDD569C\c2\composition.json,
outgame_navigator,0xCCDD569C,d1,mapped,0xCCDD569C/d1/00000,packages\outgame_navigator\0xCCDD569C\png\d1_00000_872x960_bc7.png,872,960,2,6,previews\outgame_navigator\0xCCDD569C_d1.png,projects\outgame_navigator\0xCCDD569C\d1\composition.json,
outgame_navigator,0xCDB24880,a1,mapped,0xCDB24880/a1/00000,packages\outgame_navigator\0xCDB24880\png\a1_00000_872x960_bc7.png,872,960,2,27,previews\outgame_navigator\0xCDB24880_a1.png,projects\outgame_navigator\0xCDB24880\a1\composition.json,
outgame_navigator,0xCDB24880,a2,mapped,0xCDB24880/a2/00000,packages\outgame_navigator\0xCDB24880\png\a2_00000_872x960_bc7.png,872,960,2,27,previews\outgame_navigator\0xCDB24880_a2.png,projects\outgame_navigator\0xCDB24880\a2\composition.json,
outgame_navigator,0xCDB24880,a3,mapped,0xCDB24880/a3/00000,packages\outgame_navigator\0xCDB24880\png\a3_00000_872x960_bc7.png,872,960,2,27,previews\outgame_navigator\0xCDB24880_a3.png,projects\outgame_navigator\0xCDB24880\a3\composition.json,
outgame_navigator,0xCDB24880,b1,mapped,0xCDB24880/b1/00000,packages\outgame_navigator\0xCDB24880\png\b1_00000_872x960_bc7.png,872,960,2,22,previews\outgame_navigator\0xCDB24880_b1.png,projects\outgame_navigator\0xCDB24880\b1\composition.json,
outgame_navigator,0xCDB24880,b2,mapped,0xCDB24880/b2/00000,packages\outgame_navigator\0xCDB24880\png\b2_00000_872x960_bc7.png,872,960,2,22,previews\outgame_navigator\0xCDB24880_b2.png,projects\outgame_navigator\0xCDB24880\b2\composition.json,
outgame_navigator,0xCDB24880,b3,mapped,0xCDB24880/b3/00000,packages\outgame_navigator\0xCDB24880\png\b3_00000_872x960_bc7.png,872,960,2,22,previews\outgame_navigator\0xCDB24880_b3.png,projects\outgame_navigator\0xCDB24880\b3\composition.json,
outgame_navigator,0xCDB24880,c1,mapped,0xCDB24880/c1/00000,packages\outgame_navigator\0xCDB24880\png\c1_00000_872x960_bc7.png,872,960,2,21,previews\outgame_navigator\0xCDB24880_c1.png,projects\outgame_navigator\0xCDB24880\c1\composition.json,
outgame_navigator,0xCDB24880,c2,mapped,0xCDB24880/c2/00000,packages\outgame_navigator\0xCDB24880\png\c2_00000_872x960_bc7.png,872,960,2,21,previews\outgame_navigator\0xCDB24880_c2.png,projects\outgame_navigator\0xCDB24880\c2\composition.json,
outgame_navigator,0xCDB24880,d1,mapped,0xCDB24880/d1/00000,packages\outgame_navigator\0xCDB24880\png\d1_00000_872x960_bc7.png,872,960,2,6,previews\outgame_navigator\0xCDB24880_d1.png,projects\outgame_navigator\0xCDB24880\d1\composition.json,
outgame_navigator,0xCDB24880,e1,mapped,0xCDB24880/e1/00000,packages\outgame_navigator\0xCDB24880\png\e1_00000_872x960_bc7.png,872,960,2,6,previews\outgame_navigator\0xCDB24880_e1.png,projects\outgame_navigator\0xCDB24880\e1\composition.json,
combat_portrait,0xCE1E0DDA,g00,mapped,0xCE1E0DDA/g00/00001,packages\combat_portrait\0xCE1E0DDA\png\g00_00001_572x572_bc7.png,572,572,1,2,previews\combat_portrait\0xCE1E0DDA_g00.png,projects\combat_portrait\0xCE1E0DDA\g00\composition.json,
combat_portrait,0xCE216168,g00,mapped,0xCE216168/g00/00001,packages\combat_portrait\0xCE216168\png\g00_00001_572x572_bc7.png,572,572,1,2,previews\combat_portrait\0xCE216168_g00.png,projects\combat_portrait\0xCE216168\g00\composition.json,
combat_portrait,0xCE374202,g00,mapped,0xCE374202/g00/00001,packages\combat_portrait\0xCE374202\png\g00_00001_572x572_bc7.png,572,572,1,2,previews\combat_portrait\0xCE374202_g00.png,projects\combat_portrait\0xCE374202\g00\composition.json,
combat_portrait,0xCE39A420,g00,mapped,0xCE39A420/g00/00001,packages\combat_portrait\0xCE39A420\png\g00_00001_572x572_bc7.png,572,572,1,2,previews\combat_portrait\0xCE39A420_g00.png,projects\combat_portrait\0xCE39A420\g00\composition.json,
combat_portrait,0xCF0B1479,g00,mapped,0xCF0B1479/g00/00001,packages\combat_portrait\0xCF0B1479\png\g00_00001_572x572_bc7.png,572,572,1,2,previews\combat_portrait\0xCF0B1479_g00.png,projects\combat_portrait\0xCF0B1479\g00\composition.json,
combat_portrait,0xCF13D131,g00,mapped,0xCF13D131/g00/00001,packages\combat_portrait\0xCF13D131\png\g00_00001_572x572_bc7.png,572,572,1,2,previews\combat_portrait\0xCF13D131_g00.png,projects\combat_portrait\0xCF13D131\g00\composition.json,
combat_portrait,0xCF1D3713,g00,mapped,0xCF1D3713/g00/00001,packages\combat_portrait\0xCF1D3713\png\g00_00001_572x572_bc7.png,572,572,1,2,previews\combat_portrait\0xCF1D3713_g00.png,projects\combat_portrait\0xCF1D3713\g00\composition.json,
combat_portrait,0xCF3F63F1,g00,mapped,0xCF3F63F1/g00/00001,packages\combat_portrait\0xCF3F63F1\png\g00_00001_572x572_bc7.png,572,572,1,2,previews\combat_portrait\0xCF3F63F1_g00.png,projects\combat_portrait\0xCF3F63F1\g00\composition.json,
outgame_navigator,0xCFDFB15C,a1,mapped,0xCFDFB15C/a1/00000,packages\outgame_navigator\0xCFDFB15C\png\a1_00000_872x960_bc7.png,872,960,2,28,previews\outgame_navigator\0xCFDFB15C_a1.png,projects\outgame_navigator\0xCFDFB15C\a1\composition.json,
outgame_navigator,0xCFDFB15C,a2,mapped,0xCFDFB15C/a2/00000,packages\outgame_navigator\0xCFDFB15C\png\a2_00000_872x960_bc7.png,872,960,2,28,previews\outgame_navigator\0xCFDFB15C_a2.png,projects\outgame_navigator\0xCFDFB15C\a2\composition.json,
outgame_navigator,0xCFDFB15C,b1,mapped,0xCFDFB15C/b1/00000,packages\outgame_navigator\0xCFDFB15C\png\b1_00000_872x960_bc7.png,872,960,2,6,previews\outgame_navigator\0xCFDFB15C_b1.png,projects\outgame_navigator\0xCFDFB15C\b1\composition.json,
outgame_navigator,0xCFDFB15C,c1,mapped,0xCFDFB15C/c1/00000,packages\outgame_navigator\0xCFDFB15C\png\c1_00000_872x960_bc7.png,872,960,2,6,previews\outgame_navigator\0xCFDFB15C_c1.png,projects\outgame_navigator\0xCFDFB15C\c1\composition.json,
outgame_navigator,0xCFDFB15C,d1,mapped,0xCFDFB15C/d1/00000,packages\outgame_navigator\0xCFDFB15C\png\d1_00000_872x960_bc7.png,872,960,2,17,previews\outgame_navigator\0xCFDFB15C_d1.png,projects\outgame_navigator\0xCFDFB15C\d1\composition.json,
outgame_navigator,0xCFDFB15C,d2,mapped,0xCFDFB15C/d2/00000,packages\outgame_navigator\0xCFDFB15C\png\d2_00000_872x960_bc7.png,872,960,2,17,previews\outgame_navigator\0xCFDFB15C_d2.png,projects\outgame_navigator\0xCFDFB15C\d2\composition.json,
outgame_navigator,0xCFDFB15C,d3,mapped,0xCFDFB15C/d3/00000,packages\outgame_navigator\0xCFDFB15C\png\d3_00000_872x960_bc7.png,872,960,2,17,previews\outgame_navigator\0xCFDFB15C_d3.png,projects\outgame_navigator\0xCFDFB15C\d3\composition.json,
outgame_navigator,0xCFDFB15C,e1,mapped,0xCFDFB15C/e1/00000,packages\outgame_navigator\0xCFDFB15C\png\e1_00000_872x960_bc7.png,872,960,2,17,previews\outgame_navigator\0xCFDFB15C_e1.png,projects\outgame_navigator\0xCFDFB15C\e1\composition.json,
outgame_navigator,0xCFDFB15C,e2,mapped,0xCFDFB15C/e2/00017,packages\outgame_navigator\0xCFDFB15C\png\e2_00017_872x960_bc7.png,872,960,2,17,previews\outgame_navigator\0xCFDFB15C_e2.png,projects\outgame_navigator\0xCFDFB15C\e2\composition.json,
outgame_navigator,0xCFDFB15C,e3,mapped,0xCFDFB15C/e3/00000,packages\outgame_navigator\0xCFDFB15C\png\e3_00000_872x960_bc7.png,872,960,2,17,previews\outgame_navigator\0xCFDFB15C_e3.png,projects\outgame_navigator\0xCFDFB15C\e3\composition.json,
outgame_navigator,0xCFDFB15C,f1,mapped,0xCFDFB15C/f1/00000,packages\outgame_navigator\0xCFDFB15C\png\f1_00000_872x960_bc7.png,872,960,2,6,previews\outgame_navigator\0xCFDFB15C_f1.png,projects\outgame_navigator\0xCFDFB15C\f1\composition.json,
outgame_navigator,0xCFDFB15C,g1,mapped,0xCFDFB15C/g1/00000,packages\outgame_navigator\0xCFDFB15C\png\g1_00000_872x960_bc7.png,872,960,0,0,previews\outgame_navigator\0xCFDFB15C_g1.png,projects\outgame_navigator\0xCFDFB15C\g1\composition.json,
combat_portrait,0xD0805FC1,g00,mapped,0xD0805FC1/g00/00001,packages\combat_portrait\0xD0805FC1\png\g00_00001_572x572_bc7.png,572,572,1,2,previews\combat_portrait\0xD0805FC1_g00.png,projects\combat_portrait\0xD0805FC1\g00\composition.json,
combat_portrait,0xD0967CAB,g00,mapped,0xD0967CAB/g00/00001,packages\combat_portrait\0xD0967CAB\png\g00_00001_572x572_bc7.png,572,572,1,2,previews\combat_portrait\0xD0967CAB_g00.png,projects\combat_portrait\0xD0967CAB\g00\composition.json,
outgame_navigator,0xD0989A1A,a1,mapped,0xD0989A1A/a1/00000,packages\outgame_navigator\0xD0989A1A\png\a1_00000_872x960_bc7.png,872,960,2,22,previews\outgame_navigator\0xD0989A1A_a1.png,projects\outgame_navigator\0xD0989A1A\a1\composition.json,
outgame_navigator,0xD0989A1A,a2,mapped,0xD0989A1A/a2/00000,packages\outgame_navigator\0xD0989A1A\png\a2_00000_872x960_bc7.png,872,960,2,22,previews\outgame_navigator\0xD0989A1A_a2.png,projects\outgame_navigator\0xD0989A1A\a2\composition.json,
outgame_navigator,0xD0989A1A,b1,mapped,0xD0989A1A/b1/00000,packages\outgame_navigator\0xD0989A1A\png\b1_00000_872x960_bc7.png,872,960,2,12,previews\outgame_navigator\0xD0989A1A_b1.png,projects\outgame_navigator\0xD0989A1A\b1\composition.json,
outgame_navigator,0xD0989A1A,b2,mapped,0xD0989A1A/b2/00000,packages\outgame_navigator\0xD0989A1A\png\b2_00000_872x960_bc7.png,872,960,2,12,previews\outgame_navigator\0xD0989A1A_b2.png,projects\outgame_navigator\0xD0989A1A\b2\composition.json,
outgame_navigator,0xD0989A1A,c1,mapped,0xD0989A1A/c1/00000,packages\outgame_navigator\0xD0989A1A\png\c1_00000_872x960_bc7.png,872,960,2,12,previews\outgame_navigator\0xD0989A1A_c1.png,projects\outgame_navigator\0xD0989A1A\c1\composition.json,
outgame_navigator,0xD0989A1A,c2,mapped,0xD0989A1A/c2/00000,packages\outgame_navigator\0xD0989A1A\png\c2_00000_872x960_bc7.png,872,960,2,12,previews\outgame_navigator\0xD0989A1A_c2.png,projects\outgame_navigator\0xD0989A1A\c2\composition.json,
outgame_navigator,0xD0989A1A,d1,mapped,0xD0989A1A/d1/00000,packages\outgame_navigator\0xD0989A1A\png\d1_00000_872x960_bc7.png,872,960,2,4,previews\outgame_navigator\0xD0989A1A_d1.png,projects\outgame_navigator\0xD0989A1A\d1\composition.json,
outgame_navigator,0xD0989A1A,e1,mapped,0xD0989A1A/e1/00000,packages\outgame_navigator\0xD0989A1A\png\e1_00000_872x960_bc7.png,872,960,2,6,previews\outgame_navigator\0xD0989A1A_e1.png,projects\outgame_navigator\0xD0989A1A\e1\composition.json,
combat_portrait,0xD09D6791,g00,mapped,0xD09D6791/g00/00001,packages\combat_portrait\0xD09D6791\png\g00_00001_572x572_bc7.png,572,572,1,2,previews\combat_portrait\0xD09D6791_g00.png,projects\combat_portrait\0xD09D6791\g00\composition.json,
outgame_navigator,0xD0B5CEEC,a1,mapped,0xD0B5CEEC/a1/00000,packages\outgame_navigator\0xD0B5CEEC\png\a1_00000_872x960_bc7.png,872,960,2,24,previews\outgame_navigator\0xD0B5CEEC_a1.png,projects\outgame_navigator\0xD0B5CEEC\a1\composition.json,
outgame_navigator,0xD0B5CEEC,a2,mapped,0xD0B5CEEC/a2/00000,packages\outgame_navigator\0xD0B5CEEC\png\a2_00000_872x960_bc7.png,872,960,2,24,previews\outgame_navigator\0xD0B5CEEC_a2.png,projects\outgame_navigator\0xD0B5CEEC\a2\composition.json,
outgame_navigator,0xD0B5CEEC,b1,mapped,0xD0B5CEEC/b1/00000,packages\outgame_navigator\0xD0B5CEEC\png\b1_00000_872x960_bc7.png,872,960,2,18,previews\outgame_navigator\0xD0B5CEEC_b1.png,projects\outgame_navigator\0xD0B5CEEC\b1\composition.json,
outgame_navigator,0xD0B5CEEC,c1,mapped,0xD0B5CEEC/c1/00000,packages\outgame_navigator\0xD0B5CEEC\png\c1_00000_872x960_bc7.png,872,960,2,6,previews\outgame_navigator\0xD0B5CEEC_c1.png,projects\outgame_navigator\0xD0B5CEEC\c1\composition.json,
outgame_navigator,0xD0B5CEEC,d1,mapped,0xD0B5CEEC/d1/00000,packages\outgame_navigator\0xD0B5CEEC\png\d1_00000_872x960_bc7.png,872,960,2,19,previews\outgame_navigator\0xD0B5CEEC_d1.png,projects\outgame_navigator\0xD0B5CEEC\d1\composition.json,
outgame_navigator,0xD0B5CEEC,d2,mapped,0xD0B5CEEC/d2/00000,packages\outgame_navigator\0xD0B5CEEC\png\d2_00000_872x960_bc7.png,872,960,2,19,previews\outgame_navigator\0xD0B5CEEC_d2.png,projects\outgame_navigator\0xD0B5CEEC\d2\composition.json,
combat_portrait,0xD18D832A,g00,mapped,0xD18D832A/g00/00001,packages\combat_portrait\0xD18D832A\png\g00_00001_572x572_bc7.png,572,572,1,2,previews\combat_portrait\0xD18D832A_g00.png,projects\combat_portrait\0xD18D832A\g00\composition.json,
combat_portrait,0xD20EB34D,g00,mapped,0xD20EB34D/g00/00001,packages\combat_portrait\0xD20EB34D\png\g00_00001_572x572_bc7.png,572,572,1,2,previews\combat_portrait\0xD20EB34D_g00.png,projects\combat_portrait\0xD20EB34D\g00\composition.json,
outgame_navigator,0xD2E6ECAB,a1,mapped,0xD2E6ECAB/a1/00000,packages\outgame_navigator\0xD2E6ECAB\png\a1_00000_872x960_bc7.png,872,960,2,24,previews\outgame_navigator\0xD2E6ECAB_a1.png,projects\outgame_navigator\0xD2E6ECAB\a1\composition.json,
outgame_navigator,0xD2E6ECAB,a2,mapped,0xD2E6ECAB/a2/00000,packages\outgame_navigator\0xD2E6ECAB\png\a2_00000_872x960_bc7.png,872,960,2,24,previews\outgame_navigator\0xD2E6ECAB_a2.png,projects\outgame_navigator\0xD2E6ECAB\a2\composition.json,
outgame_navigator,0xD2E6ECAB,a3,mapped,0xD2E6ECAB/a3/00000,packages\outgame_navigator\0xD2E6ECAB\png\a3_00000_872x960_bc7.png,872,960,2,24,previews\outgame_navigator\0xD2E6ECAB_a3.png,projects\outgame_navigator\0xD2E6ECAB\a3\composition.json,
outgame_navigator,0xD2E6ECAB,b1,mapped,0xD2E6ECAB/b1/00000,packages\outgame_navigator\0xD2E6ECAB\png\b1_00000_872x960_bc7.png,872,960,2,18,previews\outgame_navigator\0xD2E6ECAB_b1.png,projects\outgame_navigator\0xD2E6ECAB\b1\composition.json,
outgame_navigator,0xD2E6ECAB,b2,mapped,0xD2E6ECAB/b2/00000,packages\outgame_navigator\0xD2E6ECAB\png\b2_00000_872x960_bc7.png,872,960,2,18,previews\outgame_navigator\0xD2E6ECAB_b2.png,projects\outgame_navigator\0xD2E6ECAB\b2\composition.json,
outgame_navigator,0xD2E6ECAB,c1,mapped,0xD2E6ECAB/c1/00000,packages\outgame_navigator\0xD2E6ECAB\png\c1_00000_872x960_bc7.png,872,960,2,12,previews\outgame_navigator\0xD2E6ECAB_c1.png,projects\outgame_navigator\0xD2E6ECAB\c1\composition.json,
outgame_navigator,0xD2E6ECAB,c2,mapped,0xD2E6ECAB/c2/00000,packages\outgame_navigator\0xD2E6ECAB\png\c2_00000_872x960_bc7.png,872,960,2,12,previews\outgame_navigator\0xD2E6ECAB_c2.png,projects\outgame_navigator\0xD2E6ECAB\c2\composition.json,
outgame_navigator,0xD2E6ECAB,d1,mapped,0xD2E6ECAB/d1/00000,packages\outgame_navigator\0xD2E6ECAB\png\d1_00000_872x960_bc7.png,872,960,2,12,previews\outgame_navigator\0xD2E6ECAB_d1.png,projects\outgame_navigator\0xD2E6ECAB\d1\composition.json,
outgame_navigator,0xD39E3D1A,a1,mapped,0xD39E3D1A/a1/00000,packages\outgame_navigator\0xD39E3D1A\png\a1_00000_872x960_bc7.png,872,960,2,13,previews\outgame_navigator\0xD39E3D1A_a1.png,projects\outgame_navigator\0xD39E3D1A\a1\composition.json,
outgame_navigator,0xD39E3D1A,a2,mapped,0xD39E3D1A/a2/00000,packages\outgame_navigator\0xD39E3D1A\png\a2_00000_872x960_bc7.png,872,960,2,13,previews\outgame_navigator\0xD39E3D1A_a2.png,projects\outgame_navigator\0xD39E3D1A\a2\composition.json,
outgame_navigator,0xD39E3D1A,a3,mapped,0xD39E3D1A/a3/00000,packages\outgame_navigator\0xD39E3D1A\png\a3_00000_872x960_bc7.png,872,960,2,13,previews\outgame_navigator\0xD39E3D1A_a3.png,projects\outgame_navigator\0xD39E3D1A\a3\composition.json,
outgame_navigator,0xD39E3D1A,b1,mapped,0xD39E3D1A/b1/00000,packages\outgame_navigator\0xD39E3D1A\png\b1_00000_872x960_bc7.png,872,960,2,12,previews\outgame_navigator\0xD39E3D1A_b1.png,projects\outgame_navigator\0xD39E3D1A\b1\composition.json,
outgame_navigator,0xD39E3D1A,b2,mapped,0xD39E3D1A/b2/00000,packages\outgame_navigator\0xD39E3D1A\png\b2_00000_872x960_bc7.png,872,960,2,12,previews\outgame_navigator\0xD39E3D1A_b2.png,projects\outgame_navigator\0xD39E3D1A\b2\composition.json,
outgame_navigator,0xD4377CAC,a1,mapped,0xD4377CAC/a1/00000,packages\outgame_navigator\0xD4377CAC\png\a1_00000_872x960_bc7.png,872,960,2,30,previews\outgame_navigator\0xD4377CAC_a1.png,projects\outgame_navigator\0xD4377CAC\a1\composition.json,
outgame_navigator,0xD4377CAC,a2,mapped,0xD4377CAC/a2/00000,packages\outgame_navigator\0xD4377CAC\png\a2_00000_872x960_bc7.png,872,960,2,30,previews\outgame_navigator\0xD4377CAC_a2.png,projects\outgame_navigator\0xD4377CAC\a2\composition.json,
outgame_navigator,0xD4377CAC,a3,mapped,0xD4377CAC/a3/00000,packages\outgame_navigator\0xD4377CAC\png\a3_00000_872x960_bc7.png,872,960,2,30,previews\outgame_navigator\0xD4377CAC_a3.png,projects\outgame_navigator\0xD4377CAC\a3\composition.json,
outgame_navigator,0xD4377CAC,b1,mapped,0xD4377CAC/b1/00000,packages\outgame_navigator\0xD4377CAC\png\b1_00000_872x960_bc7.png,872,960,2,24,previews\outgame_navigator\0xD4377CAC_b1.png,projects\outgame_navigator\0xD4377CAC\b1\composition.json,
outgame_navigator,0xD4377CAC,b2,mapped,0xD4377CAC/b2/00000,packages\outgame_navigator\0xD4377CAC\png\b2_00000_872x960_bc7.png,872,960,2,24,previews\outgame_navigator\0xD4377CAC_b2.png,projects\outgame_navigator\0xD4377CAC\b2\composition.json,
outgame_navigator,0xD4377CAC,c1,mapped,0xD4377CAC/c1/00000,packages\outgame_navigator\0xD4377CAC\png\c1_00000_872x960_bc7.png,872,960,2,21,previews\outgame_navigator\0xD4377CAC_c1.png,projects\outgame_navigator\0xD4377CAC\c1\composition.json,
outgame_navigator,0xD4377CAC,c2,mapped,0xD4377CAC/c2/00000,packages\outgame_navigator\0xD4377CAC\png\c2_00000_872x960_bc7.png,872,960,2,21,previews\outgame_navigator\0xD4377CAC_c2.png,projects\outgame_navigator\0xD4377CAC\c2\composition.json,
outgame_navigator,0xD4377CAC,d1,mapped,0xD4377CAC/d1/00000,packages\outgame_navigator\0xD4377CAC\png\d1_00000_872x960_bc7.png,872,960,2,15,previews\outgame_navigator\0xD4377CAC_d1.png,projects\outgame_navigator\0xD4377CAC\d1\composition.json,
outgame_navigator,0xD4377CAC,d2,mapped,0xD4377CAC/d2/00000,packages\outgame_navigator\0xD4377CAC\png\d2_00000_872x960_bc7.png,872,960,2,15,previews\outgame_navigator\0xD4377CAC_d2.png,projects\outgame_navigator\0xD4377CAC\d2\composition.json,
combat_portrait,0xD466A59A,g00,mapped,0xD466A59A/g00/00001,packages\combat_portrait\0xD466A59A\png\g00_00001_572x572_bc7.png,572,572,1,2,previews\combat_portrait\0xD466A59A_g00.png,projects\combat_portrait\0xD466A59A\g00\composition.json,
combat_portrait,0xD5511CCF,g00,mapped,0xD5511CCF/g00/00001,packages\combat_portrait\0xD5511CCF\png\g00_00001_572x572_bc7.png,572,572,1,2,previews\combat_portrait\0xD5511CCF_g00.png,projects\combat_portrait\0xD5511CCF\g00\composition.json,
ingame_navigator,0xD5E53817,a1,mapped,0xD5E53817/a1/00000,packages\ingame_navigator\0xD5E53817\png\a1_00000_260x180_bc7.png,260,180,2,18,previews\ingame_navigator\0xD5E53817_a1.png,projects\ingame_navigator\0xD5E53817\a1\composition.json,
combat_portrait,0xD6E3EDFE,g00,mapped,0xD6E3EDFE/g00/00001,packages\combat_portrait\0xD6E3EDFE\png\g00_00001_572x572_bc7.png,572,572,1,2,previews\combat_portrait\0xD6E3EDFE_g00.png,projects\combat_portrait\0xD6E3EDFE\g00\composition.json,
outgame_navigator,0xD73FC154,a1,mapped,0xD73FC154/a1/00000,packages\outgame_navigator\0xD73FC154\png\a1_00000_872x960_bc7.png,872,960,2,15,previews\outgame_navigator\0xD73FC154_a1.png,projects\outgame_navigator\0xD73FC154\a1\composition.json,
outgame_navigator,0xD73FC154,a2,mapped,0xD73FC154/a2/00000,packages\outgame_navigator\0xD73FC154\png\a2_00000_872x960_bc7.png,872,960,2,15,previews\outgame_navigator\0xD73FC154_a2.png,projects\outgame_navigator\0xD73FC154\a2\composition.json,
outgame_navigator,0xD73FC154,b1,mapped,0xD73FC154/b1/00000,packages\outgame_navigator\0xD73FC154\png\b1_00000_872x960_bc7.png,872,960,2,12,previews\outgame_navigator\0xD73FC154_b1.png,projects\outgame_navigator\0xD73FC154\b1\composition.json,
outgame_navigator,0xD73FC154,b2,mapped,0xD73FC154/b2/00000,packages\outgame_navigator\0xD73FC154\png\b2_00000_872x960_bc7.png,872,960,2,12,previews\outgame_navigator\0xD73FC154_b2.png,projects\outgame_navigator\0xD73FC154\b2\composition.json,
outgame_navigator,0xD73FC154,c1,mapped,0xD73FC154/c1/00000,packages\outgame_navigator\0xD73FC154\png\c1_00000_872x960_bc7.png,872,960,2,10,previews\outgame_navigator\0xD73FC154_c1.png,projects\outgame_navigator\0xD73FC154\c1\composition.json,
outgame_navigator,0xD73FC154,c2,mapped,0xD73FC154/c2/00000,packages\outgame_navigator\0xD73FC154\png\c2_00000_872x960_bc7.png,872,960,2,10,previews\outgame_navigator\0xD73FC154_c2.png,projects\outgame_navigator\0xD73FC154\c2\composition.json,
outgame_navigator,0xD73FC154,d1,mapped,0xD73FC154/d1/00000,packages\outgame_navigator\0xD73FC154\png\d1_00000_872x960_bc7.png,872,960,2,28,previews\outgame_navigator\0xD73FC154_d1.png,projects\outgame_navigator\0xD73FC154\d1\composition.json,
outgame_navigator,0xD73FC154,d2,mapped,0xD73FC154/d2/00000,packages\outgame_navigator\0xD73FC154\png\d2_00000_872x960_bc7.png,872,960,2,28,previews\outgame_navigator\0xD73FC154_d2.png,projects\outgame_navigator\0xD73FC154\d2\composition.json,
outgame_navigator,0xD7DC87A1,a1,mapped,0xD7DC87A1/a1/00000,packages\outgame_navigator\0xD7DC87A1\png\a1_00000_872x960_bc7.png,872,960,2,15,previews\outgame_navigator\0xD7DC87A1_a1.png,projects\outgame_navigator\0xD7DC87A1\a1\composition.json,
outgame_navigator,0xD7DC87A1,a2,mapped,0xD7DC87A1/a2/00000,packages\outgame_navigator\0xD7DC87A1\png\a2_00000_872x960_bc7.png,872,960,2,15,previews\outgame_navigator\0xD7DC87A1_a2.png,projects\outgame_navigator\0xD7DC87A1\a2\composition.json,
outgame_navigator,0xD7DC87A1,b1,mapped,0xD7DC87A1/b1/00000,packages\outgame_navigator\0xD7DC87A1\png\b1_00000_872x960_bc7.png,872,960,2,18,previews\outgame_navigator\0xD7DC87A1_b1.png,projects\outgame_navigator\0xD7DC87A1\b1\composition.json,
outgame_navigator,0xD7DC87A1,b2,mapped,0xD7DC87A1/b2/00000,packages\outgame_navigator\0xD7DC87A1\png\b2_00000_872x960_bc7.png,872,960,2,18,previews\outgame_navigator\0xD7DC87A1_b2.png,projects\outgame_navigator\0xD7DC87A1\b2\composition.json,
outgame_navigator,0xD7DC87A1,c1,mapped,0xD7DC87A1/c1/00000,packages\outgame_navigator\0xD7DC87A1\png\c1_00000_872x960_bc7.png,872,960,2,6,previews\outgame_navigator\0xD7DC87A1_c1.png,projects\outgame_navigator\0xD7DC87A1\c1\composition.json,
combat_portrait,0xD863DE48,g00,mapped,0xD863DE48/g00/00001,packages\combat_portrait\0xD863DE48\png\g00_00001_572x572_bc7.png,572,572,2,4,previews\combat_portrait\0xD863DE48_g00.png,projects\combat_portrait\0xD863DE48\g00\composition.json,
combat_portrait,0xD8662350,g00,mapped,0xD8662350/g00/00001,packages\combat_portrait\0xD8662350\png\g00_00001_572x572_bc7.png,572,572,1,2,previews\combat_portrait\0xD8662350_g00.png,projects\combat_portrait\0xD8662350\g00\composition.json,
combat_portrait,0xD868C572,g00,mapped,0xD868C572/g00/00001,packages\combat_portrait\0xD868C572\png\g00_00001_572x572_bc7.png,572,572,1,2,previews\combat_portrait\0xD868C572_g00.png,projects\combat_portrait\0xD868C572\g00\composition.json,
combat_portrait,0xD870003A,g00,mapped,0xD870003A/g00/00001,packages\combat_portrait\0xD870003A\png\g00_00001_572x572_bc7.png,572,572,1,2,previews\combat_portrait\0xD870003A_g00.png,projects\combat_portrait\0xD870003A\g00\composition.json,
combat_portrait,0xD87EE618,g00,mapped,0xD87EE618/g00/00001,packages\combat_portrait\0xD87EE618\png\g00_00001_572x572_bc7.png,572,572,1,2,previews\combat_portrait\0xD87EE618_g00.png,projects\combat_portrait\0xD87EE618\g00\composition.json,
ingame_navigator,0xD8FA21A4,a1,mapped,0xD8FA21A4/a1/00000,packages\ingame_navigator\0xD8FA21A4\png\a1_00000_260x180_bc7.png,260,180,2,13,previews\ingame_navigator\0xD8FA21A4_a1.png,projects\ingame_navigator\0xD8FA21A4\a1\composition.json,
combat_portrait,0xD942B063,g00,mapped,0xD942B063/g00/00001,packages\combat_portrait\0xD942B063\png\g00_00001_572x572_bc7.png,572,572,1,2,previews\combat_portrait\0xD942B063_g00.png,projects\combat_portrait\0xD942B063\g00\composition.json,
combat_portrait,0xD9549309,g00,mapped,0xD9549309/g00/00001,packages\combat_portrait\0xD9549309\png\g00_00001_572x572_bc7.png,572,572,1,2,previews\combat_portrait\0xD9549309_g00.png,projects\combat_portrait\0xD9549309\g00\composition.json,
combat_portrait,0xD976C7EB,g00,mapped,0xD976C7EB/g00/00001,packages\combat_portrait\0xD976C7EB\png\g00_00001_572x572_bc7.png,572,572,1,2,previews\combat_portrait\0xD976C7EB_g00.png,projects\combat_portrait\0xD976C7EB\g00\composition.json,
ingame_navigator,0xDA12EDA5,a1,mapped,0xDA12EDA5/a1/00000,packages\ingame_navigator\0xDA12EDA5\png\a1_00000_260x180_bc7.png,260,180,2,15,previews\ingame_navigator\0xDA12EDA5_a1.png,projects\ingame_navigator\0xDA12EDA5\a1\composition.json,
ingame_navigator,0xDADEEDA3,a1,mapped,0xDADEEDA3/a1/00000,packages\ingame_navigator\0xDADEEDA3\png\a1_00000_260x180_bc7.png,260,180,2,24,previews\ingame_navigator\0xDADEEDA3_a1.png,projects\ingame_navigator\0xDADEEDA3\a1\composition.json,
combat_portrait,0xDBCC5CEF,g00,mapped,0xDBCC5CEF/g00/00001,packages\combat_portrait\0xDBCC5CEF\png\g00_00001_572x572_bc7.png,572,572,1,2,previews\combat_portrait\0xDBCC5CEF_g00.png,projects\combat_portrait\0xDBCC5CEF\g00\composition.json,
combat_portrait,0xDC8B3625,g00,mapped,0xDC8B3625/g00/00001,packages\combat_portrait\0xDC8B3625\png\g00_00001_572x572_bc7.png,572,572,1,2,previews\combat_portrait\0xDC8B3625_g00.png,projects\combat_portrait\0xDC8B3625\g00\composition.json,
combat_portrait,0xDC9D154F,g00,mapped,0xDC9D154F/g00/00001,packages\combat_portrait\0xDC9D154F\png\g00_00001_572x572_bc7.png,572,572,1,2,previews\combat_portrait\0xDC9D154F_g00.png,projects\combat_portrait\0xDC9D154F\g00\composition.json,
combat_portrait,0xDCBABCB5,g00,mapped,0xDCBABCB5/g00/00001,packages\combat_portrait\0xDCBABCB5\png\g00_00001_572x572_bc7.png,572,572,1,2,previews\combat_portrait\0xDCBABCB5_g00.png,projects\combat_portrait\0xDCBABCB5\g00\composition.json,
ingame_navigator,0xDCCA219A,a1,mapped,0xDCCA219A/a1/00000,packages\ingame_navigator\0xDCCA219A\png\a1_00000_260x180_bc7.png,260,180,2,12,previews\ingame_navigator\0xDCCA219A_a1.png,projects\ingame_navigator\0xDCCA219A\a1\composition.json,
outgame_navigator,0xDCEA3D7D,a1,mapped,0xDCEA3D7D/a1/00000,packages\outgame_navigator\0xDCEA3D7D\png\a1_00000_872x960_bc7.png,872,960,2,24,previews\outgame_navigator\0xDCEA3D7D_a1.png,projects\outgame_navigator\0xDCEA3D7D\a1\composition.json,
outgame_navigator,0xDCEA3D7D,a2,mapped,0xDCEA3D7D/a2/00000,packages\outgame_navigator\0xDCEA3D7D\png\a2_00000_872x960_bc7.png,872,960,2,24,previews\outgame_navigator\0xDCEA3D7D_a2.png,projects\outgame_navigator\0xDCEA3D7D\a2\composition.json,
outgame_navigator,0xDCEA3D7D,a3,mapped,0xDCEA3D7D/a3/00000,packages\outgame_navigator\0xDCEA3D7D\png\a3_00000_872x960_bc7.png,872,960,2,24,previews\outgame_navigator\0xDCEA3D7D_a3.png,projects\outgame_navigator\0xDCEA3D7D\a3\composition.json,
outgame_navigator,0xDCEA3D7D,b1,mapped,0xDCEA3D7D/b1/00000,packages\outgame_navigator\0xDCEA3D7D\png\b1_00000_872x960_bc7.png,872,960,2,21,previews\outgame_navigator\0xDCEA3D7D_b1.png,projects\outgame_navigator\0xDCEA3D7D\b1\composition.json,
outgame_navigator,0xDCEA3D7D,b2,mapped,0xDCEA3D7D/b2/00000,packages\outgame_navigator\0xDCEA3D7D\png\b2_00000_872x960_bc7.png,872,960,2,21,previews\outgame_navigator\0xDCEA3D7D_b2.png,projects\outgame_navigator\0xDCEA3D7D\b2\composition.json,
outgame_navigator,0xDCEA3D7D,c1,mapped,0xDCEA3D7D/c1/00000,packages\outgame_navigator\0xDCEA3D7D\png\c1_00000_872x960_bc7.png,872,960,2,12,previews\outgame_navigator\0xDCEA3D7D_c1.png,projects\outgame_navigator\0xDCEA3D7D\c1\composition.json,
outgame_navigator,0xDCEA3D7D,c2,mapped,0xDCEA3D7D/c2/00000,packages\outgame_navigator\0xDCEA3D7D\png\c2_00000_872x960_bc7.png,872,960,2,12,previews\outgame_navigator\0xDCEA3D7D_c2.png,projects\outgame_navigator\0xDCEA3D7D\c2\composition.json,
combat_portrait,0xDDAFA516,g00,mapped,0xDDAFA516/g00/00001,packages\combat_portrait\0xDDAFA516\png\g00_00001_572x572_bc7.png,572,572,1,2,previews\combat_portrait\0xDDAFA516_g00.png,projects\combat_portrait\0xDDAFA516\g00\composition.json,
combat_portrait,0xDDB9867C,g00,mapped,0xDDB9867C/g00/00001,packages\combat_portrait\0xDDB9867C\png\g00_00001_572x572_bc7.png,572,572,1,2,previews\combat_portrait\0xDDB9867C_g00.png,projects\combat_portrait\0xDDB9867C\g00\composition.json,
outgame_navigator,0xDE431228,a1,mapped,0xDE431228/a1/00000,packages\outgame_navigator\0xDE431228\png\a1_00000_872x960_bc7.png,872,960,2,22,previews\outgame_navigator\0xDE431228_a1.png,projects\outgame_navigator\0xDE431228\a1\composition.json,
outgame_navigator,0xDE431228,a2,mapped,0xDE431228/a2/00000,packages\outgame_navigator\0xDE431228\png\a2_00000_872x960_bc7.png,872,960,2,22,previews\outgame_navigator\0xDE431228_a2.png,projects\outgame_navigator\0xDE431228\a2\composition.json,
outgame_navigator,0xDE431228,b1,mapped,0xDE431228/b1/00000,packages\outgame_navigator\0xDE431228\png\b1_00000_872x960_bc7.png,872,960,2,12,previews\outgame_navigator\0xDE431228_b1.png,projects\outgame_navigator\0xDE431228\b1\composition.json,
outgame_navigator,0xDE431228,b2,mapped,0xDE431228/b2/00000,packages\outgame_navigator\0xDE431228\png\b2_00000_872x960_bc7.png,872,960,2,12,previews\outgame_navigator\0xDE431228_b2.png,projects\outgame_navigator\0xDE431228\b2\composition.json,
outgame_navigator,0xDE431228,c1,mapped,0xDE431228/c1/00000,packages\outgame_navigator\0xDE431228\png\c1_00000_872x960_bc7.png,872,960,2,12,previews\outgame_navigator\0xDE431228_c1.png,projects\outgame_navigator\0xDE431228\c1\composition.json,
outgame_navigator,0xDE431228,c2,mapped,0xDE431228/c2/00000,packages\outgame_navigator\0xDE431228\png\c2_00000_872x960_bc7.png,872,960,2,12,previews\outgame_navigator\0xDE431228_c2.png,projects\outgame_navigator\0xDE431228\c2\composition.json,
outgame_navigator,0xDE431228,d1,mapped,0xDE431228/d1/00000,packages\outgame_navigator\0xDE431228\png\d1_00000_872x960_bc7.png,872,960,2,4,previews\outgame_navigator\0xDE431228_d1.png,projects\outgame_navigator\0xDE431228\d1\composition.json,
outgame_navigator,0xDE431228,e1,mapped,0xDE431228/e1/00000,packages\outgame_navigator\0xDE431228\png\e1_00000_872x960_bc7.png,872,960,2,6,previews\outgame_navigator\0xDE431228_e1.png,projects\outgame_navigator\0xDE431228\e1\composition.json,
outgame_navigator,0xE003E660,a1,mapped,0xE003E660/a1/00000,packages\outgame_navigator\0xE003E660\png\a1_00000_872x960_bc7.png,872,960,2,15,previews\outgame_navigator\0xE003E660_a1.png,projects\outgame_navigator\0xE003E660\a1\composition.json,
outgame_navigator,0xE003E660,a2,mapped,0xE003E660/a2/00000,packages\outgame_navigator\0xE003E660\png\a2_00000_872x960_bc7.png,872,960,2,15,previews\outgame_navigator\0xE003E660_a2.png,projects\outgame_navigator\0xE003E660\a2\composition.json,
outgame_navigator,0xE003E660,b1,mapped,0xE003E660/b1/00000,packages\outgame_navigator\0xE003E660\png\b1_00000_872x960_bc7.png,872,960,2,6,previews\outgame_navigator\0xE003E660_b1.png,projects\outgame_navigator\0xE003E660\b1\composition.json,
outgame_navigator,0xE003E660,c1,mapped,0xE003E660/c1/00000,packages\outgame_navigator\0xE003E660\png\c1_00000_872x960_bc7.png,872,960,2,18,previews\outgame_navigator\0xE003E660_c1.png,projects\outgame_navigator\0xE003E660\c1\composition.json,
outgame_navigator,0xE003E660,c2,mapped,0xE003E660/c2/00000,packages\outgame_navigator\0xE003E660\png\c2_00000_872x960_bc7.png,872,960,2,18,previews\outgame_navigator\0xE003E660_c2.png,projects\outgame_navigator\0xE003E660\c2\composition.json,
outgame_navigator,0xE003E660,d1,mapped,0xE003E660/d1/00000,packages\outgame_navigator\0xE003E660\png\d1_00000_872x960_bc7.png,872,960,2,12,previews\outgame_navigator\0xE003E660_d1.png,projects\outgame_navigator\0xE003E660\d1\composition.json,
combat_portrait,0xE0CF8CA6,g00,mapped,0xE0CF8CA6/g00/00001,packages\combat_portrait\0xE0CF8CA6\png\g00_00001_572x572_bc7.png,572,572,1,2,previews\combat_portrait\0xE0CF8CA6_g00.png,projects\combat_portrait\0xE0CF8CA6\g00\composition.json,
combat_portrait,0xE1EB1F95,g00,mapped,0xE1EB1F95/g00/00001,packages\combat_portrait\0xE1EB1F95\png\g00_00001_572x572_bc7.png,572,572,1,2,previews\combat_portrait\0xE1EB1F95_g00.png,projects\combat_portrait\0xE1EB1F95\g00\composition.json,
combat_portrait,0xE1FD3CFF,g00,mapped,0xE1FD3CFF/g00/00001,packages\combat_portrait\0xE1FD3CFF\png\g00_00001_572x572_bc7.png,572,572,1,2,previews\combat_portrait\0xE1FD3CFF_g00.png,projects\combat_portrait\0xE1FD3CFF\g00\composition.json,
combat_portrait,0xE2574340,g00,mapped,0xE2574340/g00/00001,packages\combat_portrait\0xE2574340\png\g00_00001_572x572_bc7.png,572,572,1,2,previews\combat_portrait\0xE2574340_g00.png,projects\combat_portrait\0xE2574340\g00\composition.json,
outgame_navigator,0xE3BF7D47,a1,mapped,0xE3BF7D47/a1/00000,packages\outgame_navigator\0xE3BF7D47\png\a1_00000_872x960_bc7.png,872,960,2,22,previews\outgame_navigator\0xE3BF7D47_a1.png,projects\outgame_navigator\0xE3BF7D47\a1\composition.json,
outgame_navigator,0xE3BF7D47,a2,mapped,0xE3BF7D47/a2/00000,packages\outgame_navigator\0xE3BF7D47\png\a2_00000_872x960_bc7.png,872,960,2,22,previews\outgame_navigator\0xE3BF7D47_a2.png,projects\outgame_navigator\0xE3BF7D47\a2\composition.json,
outgame_navigator,0xE3BF7D47,a3,mapped,0xE3BF7D47/a3/00000,packages\outgame_navigator\0xE3BF7D47\png\a3_00000_872x960_bc7.png,872,960,2,22,previews\outgame_navigator\0xE3BF7D47_a3.png,projects\outgame_navigator\0xE3BF7D47\a3\composition.json,
outgame_navigator,0xE3BF7D47,b1,mapped,0xE3BF7D47/b1/00000,packages\outgame_navigator\0xE3BF7D47\png\b1_00000_872x960_bc7.png,872,960,2,20,previews\outgame_navigator\0xE3BF7D47_b1.png,projects\outgame_navigator\0xE3BF7D47\b1\composition.json,
outgame_navigator,0xE3BF7D47,b2,mapped,0xE3BF7D47/b2/00000,packages\outgame_navigator\0xE3BF7D47\png\b2_00000_872x960_bc7.png,872,960,2,20,previews\outgame_navigator\0xE3BF7D47_b2.png,projects\outgame_navigator\0xE3BF7D47\b2\composition.json,
outgame_navigator,0xE3BF7D47,b3,mapped,0xE3BF7D47/b3/00000,packages\outgame_navigator\0xE3BF7D47\png\b3_00000_872x960_bc7.png,872,960,2,20,previews\outgame_navigator\0xE3BF7D47_b3.png,projects\outgame_navigator\0xE3BF7D47\b3\composition.json,
outgame_navigator,0xE3BF7D47,c1,mapped,0xE3BF7D47/c1/00000,packages\outgame_navigator\0xE3BF7D47\png\c1_00000_872x960_bc7.png,872,960,2,6,previews\outgame_navigator\0xE3BF7D47_c1.png,projects\outgame_navigator\0xE3BF7D47\c1\composition.json,
outgame_navigator,0xE3BF7D47,d1,mapped,0xE3BF7D47/d1/00000,packages\outgame_navigator\0xE3BF7D47\png\d1_00000_872x960_bc7.png,872,960,2,6,previews\outgame_navigator\0xE3BF7D47_d1.png,projects\outgame_navigator\0xE3BF7D47\d1\composition.json,
outgame_navigator,0xE3BF7D47,e1,mapped,0xE3BF7D47/e1/00000,packages\outgame_navigator\0xE3BF7D47\png\e1_00000_872x960_bc7.png,872,960,2,6,previews\outgame_navigator\0xE3BF7D47_e1.png,projects\outgame_navigator\0xE3BF7D47\e1\composition.json,
combat_portrait,0xE42299D3,g00,mapped,0xE42299D3/g00/00001,packages\combat_portrait\0xE42299D3\png\g00_00001_572x572_bc7.png,572,572,1,2,previews\combat_portrait\0xE42299D3_g00.png,projects\combat_portrait\0xE42299D3\g00\composition.json,
combat_portrait,0xE43A5C9B,g00,mapped,0xE43A5C9B/g00/00001,packages\combat_portrait\0xE43A5C9B\png\g00_00001_572x572_bc7.png,572,572,1,2,previews\combat_portrait\0xE43A5C9B_g00.png,projects\combat_portrait\0xE43A5C9B\g00\composition.json,
combat_portrait,0xE503F7F8,g00,mapped,0xE503F7F8/g00/00001,packages\combat_portrait\0xE503F7F8\png\g00_00001_572x572_bc7.png,572,572,1,2,previews\combat_portrait\0xE503F7F8_g00.png,projects\combat_portrait\0xE503F7F8\g00\composition.json,
combat_portrait,0xE5060AE0,g00,mapped,0xE5060AE0/g00/00001,packages\combat_portrait\0xE5060AE0\png\g00_00001_572x572_bc7.png,572,572,1,2,previews\combat_portrait\0xE5060AE0_g00.png,projects\combat_portrait\0xE5060AE0\g00\composition.json,
combat_portrait,0xE508ECC2,g00,mapped,0xE508ECC2/g00/00001,packages\combat_portrait\0xE508ECC2\png\g00_00001_572x572_bc7.png,572,572,1,2,previews\combat_portrait\0xE508ECC2_g00.png,projects\combat_portrait\0xE508ECC2\g00\composition.json,
combat_portrait,0xE51ECFA8,g00,mapped,0xE51ECFA8/g00/00001,packages\combat_portrait\0xE51ECFA8\png\g00_00001_572x572_bc7.png,572,572,1,2,previews\combat_portrait\0xE51ECFA8_g00.png,projects\combat_portrait\0xE51ECFA8\g00\composition.json,
combat_portrait,0xE5378070,g00,mapped,0xE5378070/g00/00001,packages\combat_portrait\0xE5378070\png\g00_00001_572x572_bc7.png,572,572,2,4,previews\combat_portrait\0xE5378070_g00.png,projects\combat_portrait\0xE5378070\g00\composition.json,
combat_portrait,0xE5396652,g00,mapped,0xE5396652/g00/00001,packages\combat_portrait\0xE5396652\png\g00_00001_572x572_bc7.png,572,572,1,2,previews\combat_portrait\0xE5396652_g00.png,projects\combat_portrait\0xE5396652\g00\composition.json,
combat_portrait,0xE6655997,g00,mapped,0xE6655997/g00/00001,packages\combat_portrait\0xE6655997\png\g00_00001_572x572_bc7.png,572,572,1,2,previews\combat_portrait\0xE6655997_g00.png,projects\combat_portrait\0xE6655997\g00\composition.json,
combat_portrait,0xE6AC755F,g00,mapped,0xE6AC755F/g00/00001,packages\combat_portrait\0xE6AC755F\png\g00_00001_572x572_bc7.png,572,572,1,2,previews\combat_portrait\0xE6AC755F_g00.png,projects\combat_portrait\0xE6AC755F\g00\composition.json,
outgame_navigator,0xE8034289,a1,mapped,0xE8034289/a1/00000,packages\outgame_navigator\0xE8034289\png\a1_00000_872x960_bc7.png,872,960,2,36,previews\outgame_navigator\0xE8034289_a1.png,projects\outgame_navigator\0xE8034289\a1\composition.json,
outgame_navigator,0xE8034289,a2,mapped,0xE8034289/a2/00000,packages\outgame_navigator\0xE8034289\png\a2_00000_872x960_bc7.png,872,960,2,36,previews\outgame_navigator\0xE8034289_a2.png,projects\outgame_navigator\0xE8034289\a2\composition.json,
outgame_navigator,0xE8034289,a3,mapped,0xE8034289/a3/00000,packages\outgame_navigator\0xE8034289\png\a3_00000_872x960_bc7.png,872,960,2,36,previews\outgame_navigator\0xE8034289_a3.png,projects\outgame_navigator\0xE8034289\a3\composition.json,
outgame_navigator,0xE8034289,b1,mapped,0xE8034289/b1/00000,packages\outgame_navigator\0xE8034289\png\b1_00000_872x960_bc7.png,872,960,2,24,previews\outgame_navigator\0xE8034289_b1.png,projects\outgame_navigator\0xE8034289\b1\composition.json,
outgame_navigator,0xE8034289,b2,mapped,0xE8034289/b2/00000,packages\outgame_navigator\0xE8034289\png\b2_00000_872x960_bc7.png,872,960,2,24,previews\outgame_navigator\0xE8034289_b2.png,projects\outgame_navigator\0xE8034289\b2\composition.json,
outgame_navigator,0xE8034289,c1,mapped,0xE8034289/c1/00000,packages\outgame_navigator\0xE8034289\png\c1_00000_872x960_bc7.png,872,960,2,18,previews\outgame_navigator\0xE8034289_c1.png,projects\outgame_navigator\0xE8034289\c1\composition.json,
outgame_navigator,0xE8034289,c2,mapped,0xE8034289/c2/00000,packages\outgame_navigator\0xE8034289\png\c2_00000_872x960_bc7.png,872,960,2,18,previews\outgame_navigator\0xE8034289_c2.png,projects\outgame_navigator\0xE8034289\c2\composition.json,
outgame_navigator,0xE8034289,c3,mapped,0xE8034289/c3/00000,packages\outgame_navigator\0xE8034289\png\c3_00000_872x960_bc7.png,872,960,2,18,previews\outgame_navigator\0xE8034289_c3.png,projects\outgame_navigator\0xE8034289\c3\composition.json,
outgame_navigator,0xE8034289,d1,mapped,0xE8034289/d1/00000,packages\outgame_navigator\0xE8034289\png\d1_00000_872x960_bc7.png,872,960,2,18,previews\outgame_navigator\0xE8034289_d1.png,projects\outgame_navigator\0xE8034289\d1\composition.json,
outgame_navigator,0xE8034289,d2,mapped,0xE8034289/d2/00000,packages\outgame_navigator\0xE8034289\png\d2_00000_872x960_bc7.png,872,960,2,18,previews\outgame_navigator\0xE8034289_d2.png,projects\outgame_navigator\0xE8034289\d2\composition.json,
outgame_navigator,0xE8034289,d3,mapped,0xE8034289/d3/00000,packages\outgame_navigator\0xE8034289\png\d3_00000_872x960_bc7.png,872,960,2,18,previews\outgame_navigator\0xE8034289_d3.png,projects\outgame_navigator\0xE8034289\d3\composition.json,
combat_portrait,0xE81D87BF,g00,mapped,0xE81D87BF/g00/00001,packages\combat_portrait\0xE81D87BF\png\g00_00001_572x572_bc7.png,572,572,1,2,previews\combat_portrait\0xE81D87BF_g00.png,projects\combat_portrait\0xE81D87BF\g00\composition.json,
combat_portrait,0xE829F037,g00,mapped,0xE829F037/g00/00001,packages\combat_portrait\0xE829F037\png\g00_00001_572x572_bc7.png,572,572,1,2,previews\combat_portrait\0xE829F037_g00.png,projects\combat_portrait\0xE829F037\g00\composition.json,
ingame_navigator,0xE84BA46E,a1,mapped,0xE84BA46E/a1/00000,packages\ingame_navigator\0xE84BA46E\png\a1_00000_260x180_bc7.png,260,180,2,12,previews\ingame_navigator\0xE84BA46E_a1.png,projects\ingame_navigator\0xE84BA46E\a1\composition.json,
combat_portrait,0xE90D6304,g00,mapped,0xE90D6304/g00/00001,packages\combat_portrait\0xE90D6304\png\g00_00001_572x572_bc7.png,572,572,1,4,previews\combat_portrait\0xE90D6304_g00.png,projects\combat_portrait\0xE90D6304\g00\composition.json,
outgame_navigator,0xE9365A80,a1,mapped,0xE9365A80/a1/00000,packages\outgame_navigator\0xE9365A80\png\a1_00000_872x960_bc7.png,872,960,2,24,previews\outgame_navigator\0xE9365A80_a1.png,projects\outgame_navigator\0xE9365A80\a1\composition.json,
outgame_navigator,0xE9365A80,a2,mapped,0xE9365A80/a2/00000,packages\outgame_navigator\0xE9365A80\png\a2_00000_872x960_bc7.png,872,960,2,24,previews\outgame_navigator\0xE9365A80_a2.png,projects\outgame_navigator\0xE9365A80\a2\composition.json,
outgame_navigator,0xE9365A80,a3,mapped,0xE9365A80/a3/00000,packages\outgame_navigator\0xE9365A80\png\a3_00000_872x960_bc7.png,872,960,2,24,previews\outgame_navigator\0xE9365A80_a3.png,projects\outgame_navigator\0xE9365A80\a3\composition.json,
outgame_navigator,0xE9365A80,a4,mapped,0xE9365A80/a4/00000,packages\outgame_navigator\0xE9365A80\png\a4_00000_872x960_bc7.png,872,960,2,24,previews\outgame_navigator\0xE9365A80_a4.png,projects\outgame_navigator\0xE9365A80\a4\composition.json,
outgame_navigator,0xE9365A80,b1,mapped,0xE9365A80/b1/00000,packages\outgame_navigator\0xE9365A80\png\b1_00000_872x960_bc7.png,872,960,2,12,previews\outgame_navigator\0xE9365A80_b1.png,projects\outgame_navigator\0xE9365A80\b1\composition.json,
outgame_navigator,0xE9365A80,b2,mapped,0xE9365A80/b2/00000,packages\outgame_navigator\0xE9365A80\png\b2_00000_872x960_bc7.png,872,960,2,12,previews\outgame_navigator\0xE9365A80_b2.png,projects\outgame_navigator\0xE9365A80\b2\composition.json,
outgame_navigator,0xE973677E,a1,mapped,0xE973677E/a1/00000,packages\outgame_navigator\0xE973677E\png\a1_00000_872x960_bc7.png,872,960,2,18,previews\outgame_navigator\0xE973677E_a1.png,projects\outgame_navigator\0xE973677E\a1\composition.json,
outgame_navigator,0xE973677E,a2,mapped,0xE973677E/a2/00000,packages\outgame_navigator\0xE973677E\png\a2_00000_872x960_bc7.png,872,960,2,18,previews\outgame_navigator\0xE973677E_a2.png,projects\outgame_navigator\0xE973677E\a2\composition.json,
outgame_navigator,0xE973677E,b1,mapped,0xE973677E/b1/00000,packages\outgame_navigator\0xE973677E\png\b1_00000_872x960_bc7.png,872,960,2,6,previews\outgame_navigator\0xE973677E_b1.png,projects\outgame_navigator\0xE973677E\b1\composition.json,
outgame_navigator,0xE973677E,c1,mapped,0xE973677E/c1/00000,packages\outgame_navigator\0xE973677E\png\c1_00000_872x960_bc7.png,872,960,2,12,previews\outgame_navigator\0xE973677E_c1.png,projects\outgame_navigator\0xE973677E\c1\composition.json,
outgame_navigator,0xE973677E,c2,mapped,0xE973677E/c2/00000,packages\outgame_navigator\0xE973677E\png\c2_00000_872x960_bc7.png,872,960,2,12,previews\outgame_navigator\0xE973677E_c2.png,projects\outgame_navigator\0xE973677E\c2\composition.json,
outgame_navigator,0xEB4A81C5,a1,mapped,0xEB4A81C5/a1/00000,packages\outgame_navigator\0xEB4A81C5\png\a1_00000_872x960_bc7.png,872,960,2,36,previews\outgame_navigator\0xEB4A81C5_a1.png,projects\outgame_navigator\0xEB4A81C5\a1\composition.json,
outgame_navigator,0xEB4A81C5,a2,mapped,0xEB4A81C5/a2/00000,packages\outgame_navigator\0xEB4A81C5\png\a2_00000_872x960_bc7.png,872,960,2,36,previews\outgame_navigator\0xEB4A81C5_a2.png,projects\outgame_navigator\0xEB4A81C5\a2\composition.json,
outgame_navigator,0xEB4A81C5,b1,mapped,0xEB4A81C5/b1/00000,packages\outgame_navigator\0xEB4A81C5\png\b1_00000_872x960_bc7.png,872,960,2,17,previews\outgame_navigator\0xEB4A81C5_b1.png,projects\outgame_navigator\0xEB4A81C5\b1\composition.json,
outgame_navigator,0xEB4A81C5,b2,mapped,0xEB4A81C5/b2/00000,packages\outgame_navigator\0xEB4A81C5\png\b2_00000_872x960_bc7.png,872,960,2,17,previews\outgame_navigator\0xEB4A81C5_b2.png,projects\outgame_navigator\0xEB4A81C5\b2\composition.json,
outgame_navigator,0xEB4A81C5,b3,mapped,0xEB4A81C5/b3/00000,packages\outgame_navigator\0xEB4A81C5\png\b3_00000_872x960_bc7.png,872,960,2,17,previews\outgame_navigator\0xEB4A81C5_b3.png,projects\outgame_navigator\0xEB4A81C5\b3\composition.json,
outgame_navigator,0xEB4A81C5,b4,mapped,0xEB4A81C5/b4/00000,packages\outgame_navigator\0xEB4A81C5\png\b4_00000_872x960_bc7.png,872,960,2,17,previews\outgame_navigator\0xEB4A81C5_b4.png,projects\outgame_navigator\0xEB4A81C5\b4\composition.json,
outgame_navigator,0xEB4A81C5,c1,mapped,0xEB4A81C5/c1/00000,packages\outgame_navigator\0xEB4A81C5\png\c1_00000_872x960_bc7.png,872,960,2,35,previews\outgame_navigator\0xEB4A81C5_c1.png,projects\outgame_navigator\0xEB4A81C5\c1\composition.json,
outgame_navigator,0xEB4A81C5,c2,mapped,0xEB4A81C5/c2/00000,packages\outgame_navigator\0xEB4A81C5\png\c2_00000_872x960_bc7.png,872,960,2,35,previews\outgame_navigator\0xEB4A81C5_c2.png,projects\outgame_navigator\0xEB4A81C5\c2\composition.json,
outgame_navigator,0xEB4A81C5,d1,mapped,0xEB4A81C5/d1/00000,packages\outgame_navigator\0xEB4A81C5\png\d1_00000_872x960_bc7.png,872,960,2,13,previews\outgame_navigator\0xEB4A81C5_d1.png,projects\outgame_navigator\0xEB4A81C5\d1\composition.json,
outgame_navigator,0xEB4A81C5,e1,mapped,0xEB4A81C5/e1/00000,packages\outgame_navigator\0xEB4A81C5\png\e1_00000_872x960_bc7.png,872,960,2,4,previews\outgame_navigator\0xEB4A81C5_e1.png,projects\outgame_navigator\0xEB4A81C5\e1\composition.json,
outgame_navigator,0xEB4A81C5,f1,mapped,0xEB4A81C5/f1/00000,packages\outgame_navigator\0xEB4A81C5\png\f1_00000_872x960_bc7.png,872,960,2,10,previews\outgame_navigator\0xEB4A81C5_f1.png,projects\outgame_navigator\0xEB4A81C5\f1\composition.json,
combat_portrait,0xEB83C44E,g00,mapped,0xEB83C44E/g00/00001,packages\combat_portrait\0xEB83C44E\png\g00_00001_572x572_bc7.png,572,572,1,2,previews\combat_portrait\0xEB83C44E_g00.png,projects\combat_portrait\0xEB83C44E\g00\composition.json,
outgame_navigator,0xEC2745DC,a1,mapped,0xEC2745DC/a1/00000,packages\outgame_navigator\0xEC2745DC\png\a1_00000_872x960_bc7.png,872,960,2,36,previews\outgame_navigator\0xEC2745DC_a1.png,projects\outgame_navigator\0xEC2745DC\a1\composition.json,
outgame_navigator,0xEC2745DC,a2,mapped,0xEC2745DC/a2/00000,packages\outgame_navigator\0xEC2745DC\png\a2_00000_872x960_bc7.png,872,960,2,36,previews\outgame_navigator\0xEC2745DC_a2.png,projects\outgame_navigator\0xEC2745DC\a2\composition.json,
outgame_navigator,0xEC2745DC,b1,mapped,0xEC2745DC/b1/00000,packages\outgame_navigator\0xEC2745DC\png\b1_00000_872x960_bc7.png,872,960,2,17,previews\outgame_navigator\0xEC2745DC_b1.png,projects\outgame_navigator\0xEC2745DC\b1\composition.json,
outgame_navigator,0xEC2745DC,b2,mapped,0xEC2745DC/b2/00000,packages\outgame_navigator\0xEC2745DC\png\b2_00000_872x960_bc7.png,872,960,2,17,previews\outgame_navigator\0xEC2745DC_b2.png,projects\outgame_navigator\0xEC2745DC\b2\composition.json,
outgame_navigator,0xEC2745DC,b3,mapped,0xEC2745DC/b3/00000,packages\outgame_navigator\0xEC2745DC\png\b3_00000_872x960_bc7.png,872,960,2,17,previews\outgame_navigator\0xEC2745DC_b3.png,projects\outgame_navigator\0xEC2745DC\b3\composition.json,
outgame_navigator,0xEC2745DC,b4,mapped,0xEC2745DC/b4/00000,packages\outgame_navigator\0xEC2745DC\png\b4_00000_872x960_bc7.png,872,960,2,17,previews\outgame_navigator\0xEC2745DC_b4.png,projects\outgame_navigator\0xEC2745DC\b4\composition.json,
outgame_navigator,0xEC2745DC,c1,mapped,0xEC2745DC/c1/00000,packages\outgame_navigator\0xEC2745DC\png\c1_00000_872x960_bc7.png,872,960,2,35,previews\outgame_navigator\0xEC2745DC_c1.png,projects\outgame_navigator\0xEC2745DC\c1\composition.json,
outgame_navigator,0xEC2745DC,c2,mapped,0xEC2745DC/c2/00000,packages\outgame_navigator\0xEC2745DC\png\c2_00000_872x960_bc7.png,872,960,2,35,previews\outgame_navigator\0xEC2745DC_c2.png,projects\outgame_navigator\0xEC2745DC\c2\composition.json,
outgame_navigator,0xEC2745DC,d1,mapped,0xEC2745DC/d1/00000,packages\outgame_navigator\0xEC2745DC\png\d1_00000_872x960_bc7.png,872,960,2,13,previews\outgame_navigator\0xEC2745DC_d1.png,projects\outgame_navigator\0xEC2745DC\d1\composition.json,
outgame_navigator,0xEC2745DC,e1,mapped,0xEC2745DC/e1/00000,packages\outgame_navigator\0xEC2745DC\png\e1_00000_872x960_bc7.png,872,960,2,4,previews\outgame_navigator\0xEC2745DC_e1.png,projects\outgame_navigator\0xEC2745DC\e1\composition.json,
outgame_navigator,0xEC2745DC,f1,mapped,0xEC2745DC/f1/00000,packages\outgame_navigator\0xEC2745DC\png\f1_00000_872x960_bc7.png,872,960,2,10,previews\outgame_navigator\0xEC2745DC_f1.png,projects\outgame_navigator\0xEC2745DC\f1\composition.json,
combat_portrait,0xECE34CB8,g00,mapped,0xECE34CB8/g00/00001,packages\combat_portrait\0xECE34CB8\png\g00_00001_572x572_bc7.png,572,572,1,2,previews\combat_portrait\0xECE34CB8_g00.png,projects\combat_portrait\0xECE34CB8\g00\composition.json,
combat_portrait,0xECE85782,g00,mapped,0xECE85782/g00/00001,packages\combat_portrait\0xECE85782\png\g00_00001_572x572_bc7.png,572,572,1,2,previews\combat_portrait\0xECE85782_g00.png,projects\combat_portrait\0xECE85782\g00\composition.json,
outgame_navigator,0xED73EDD4,a1,mapped,0xED73EDD4/a1/00000,packages\outgame_navigator\0xED73EDD4\png\a1_00000_872x960_bc7.png,872,960,2,12,previews\outgame_navigator\0xED73EDD4_a1.png,projects\outgame_navigator\0xED73EDD4\a1\composition.json,
outgame_navigator,0xED73EDD4,a2,mapped,0xED73EDD4/a2/00000,packages\outgame_navigator\0xED73EDD4\png\a2_00000_872x960_bc7.png,872,960,2,12,previews\outgame_navigator\0xED73EDD4_a2.png,projects\outgame_navigator\0xED73EDD4\a2\composition.json,
outgame_navigator,0xED73EDD4,b1,mapped,0xED73EDD4/b1/00000,packages\outgame_navigator\0xED73EDD4\png\b1_00000_872x960_bc7.png,872,960,2,12,previews\outgame_navigator\0xED73EDD4_b1.png,projects\outgame_navigator\0xED73EDD4\b1\composition.json,
outgame_navigator,0xED73EDD4,b2,mapped,0xED73EDD4/b2/00000,packages\outgame_navigator\0xED73EDD4\png\b2_00000_872x960_bc7.png,872,960,2,12,previews\outgame_navigator\0xED73EDD4_b2.png,projects\outgame_navigator\0xED73EDD4\b2\composition.json,
outgame_navigator,0xED73EDD4,c1,mapped,0xED73EDD4/c1/00000,packages\outgame_navigator\0xED73EDD4\png\c1_00000_872x960_bc7.png,872,960,2,12,previews\outgame_navigator\0xED73EDD4_c1.png,projects\outgame_navigator\0xED73EDD4\c1\composition.json,
outgame_navigator,0xED73EDD4,c2,mapped,0xED73EDD4/c2/00000,packages\outgame_navigator\0xED73EDD4\png\c2_00000_872x960_bc7.png,872,960,2,12,previews\outgame_navigator\0xED73EDD4_c2.png,projects\outgame_navigator\0xED73EDD4\c2\composition.json,
outgame_navigator,0xED73EDD4,d1,mapped,0xED73EDD4/d1/00000,packages\outgame_navigator\0xED73EDD4\png\d1_00000_872x960_bc7.png,872,960,2,4,previews\outgame_navigator\0xED73EDD4_d1.png,projects\outgame_navigator\0xED73EDD4\d1\composition.json,
outgame_navigator,0xED7FE236,a1,mapped,0xED7FE236/a1/00000,packages\outgame_navigator\0xED7FE236\png\a1_00000_872x960_bc7.png,872,960,2,30,previews\outgame_navigator\0xED7FE236_a1.png,projects\outgame_navigator\0xED7FE236\a1\composition.json,
outgame_navigator,0xED7FE236,a2,mapped,0xED7FE236/a2/00000,packages\outgame_navigator\0xED7FE236\png\a2_00000_872x960_bc7.png,872,960,2,30,previews\outgame_navigator\0xED7FE236_a2.png,projects\outgame_navigator\0xED7FE236\a2\composition.json,
outgame_navigator,0xED7FE236,a3,mapped,0xED7FE236/a3/00000,packages\outgame_navigator\0xED7FE236\png\a3_00000_872x960_bc7.png,872,960,2,30,previews\outgame_navigator\0xED7FE236_a3.png,projects\outgame_navigator\0xED7FE236\a3\composition.json,
outgame_navigator,0xED7FE236,a4,mapped,0xED7FE236/a4/00000,packages\outgame_navigator\0xED7FE236\png\a4_00000_872x960_bc7.png,872,960,2,30,previews\outgame_navigator\0xED7FE236_a4.png,projects\outgame_navigator\0xED7FE236\a4\composition.json,
outgame_navigator,0xED7FE236,b1,mapped,0xED7FE236/b1/00000,packages\outgame_navigator\0xED7FE236\png\b1_00000_872x960_bc7.png,872,960,2,42,previews\outgame_navigator\0xED7FE236_b1.png,projects\outgame_navigator\0xED7FE236\b1\composition.json,
outgame_navigator,0xED7FE236,b2,mapped,0xED7FE236/b2/00000,packages\outgame_navigator\0xED7FE236\png\b2_00000_872x960_bc7.png,872,960,2,42,previews\outgame_navigator\0xED7FE236_b2.png,projects\outgame_navigator\0xED7FE236\b2\composition.json,
outgame_navigator,0xED7FE236,c1,mapped,0xED7FE236/c1/00000,packages\outgame_navigator\0xED7FE236\png\c1_00000_872x960_bc7.png,872,960,2,18,previews\outgame_navigator\0xED7FE236_c1.png,projects\outgame_navigator\0xED7FE236\c1\composition.json,
outgame_navigator,0xED7FE236,d1,mapped,0xED7FE236/d1/00000,packages\outgame_navigator\0xED7FE236\png\d1_00000_872x960_bc7.png,872,960,2,18,previews\outgame_navigator\0xED7FE236_d1.png,projects\outgame_navigator\0xED7FE236\d1\composition.json,
outgame_navigator,0xED7FE236,e1,mapped,0xED7FE236/e1/00000,packages\outgame_navigator\0xED7FE236\png\e1_00000_872x960_bc7.png,872,960,2,6,previews\outgame_navigator\0xED7FE236_e1.png,projects\outgame_navigator\0xED7FE236\e1\composition.json,
outgame_navigator,0xED7FE236,f1,mapped,0xED7FE236/f1/00000,packages\outgame_navigator\0xED7FE236\png\f1_00000_872x960_bc7.png,872,960,1,3,previews\outgame_navigator\0xED7FE236_f1.png,projects\outgame_navigator\0xED7FE236\f1\composition.json,
combat_portrait,0xEDD1FCE1,g00,mapped,0xEDD1FCE1/g00/00001,packages\combat_portrait\0xEDD1FCE1\png\g00_00001_572x572_bc7.png,572,572,1,2,previews\combat_portrait\0xEDD1FCE1_g00.png,projects\combat_portrait\0xEDD1FCE1\g00\composition.json,
outgame_navigator,0xEDEE1AD5,a1,mapped,0xEDEE1AD5/a1/00000,packages\outgame_navigator\0xEDEE1AD5\png\a1_00000_872x960_bc7.png,872,960,2,15,previews\outgame_navigator\0xEDEE1AD5_a1.png,projects\outgame_navigator\0xEDEE1AD5\a1\composition.json,
outgame_navigator,0xEDEE1AD5,a2,mapped,0xEDEE1AD5/a2/00000,packages\outgame_navigator\0xEDEE1AD5\png\a2_00000_872x960_bc7.png,872,960,2,15,previews\outgame_navigator\0xEDEE1AD5_a2.png,projects\outgame_navigator\0xEDEE1AD5\a2\composition.json,
outgame_navigator,0xEDEE1AD5,b1,mapped,0xEDEE1AD5/b1/00000,packages\outgame_navigator\0xEDEE1AD5\png\b1_00000_872x960_bc7.png,872,960,2,12,previews\outgame_navigator\0xEDEE1AD5_b1.png,projects\outgame_navigator\0xEDEE1AD5\b1\composition.json,
outgame_navigator,0xEDEE1AD5,b2,mapped,0xEDEE1AD5/b2/00000,packages\outgame_navigator\0xEDEE1AD5\png\b2_00000_872x960_bc7.png,872,960,2,12,previews\outgame_navigator\0xEDEE1AD5_b2.png,projects\outgame_navigator\0xEDEE1AD5\b2\composition.json,
outgame_navigator,0xEDEE1AD5,b3,mapped,0xEDEE1AD5/b3/00000,packages\outgame_navigator\0xEDEE1AD5\png\b3_00000_872x960_bc7.png,872,960,2,12,previews\outgame_navigator\0xEDEE1AD5_b3.png,projects\outgame_navigator\0xEDEE1AD5\b3\composition.json,
outgame_navigator,0xEDEE1AD5,c1,mapped,0xEDEE1AD5/c1/00000,packages\outgame_navigator\0xEDEE1AD5\png\c1_00000_872x960_bc7.png,872,960,2,12,previews\outgame_navigator\0xEDEE1AD5_c1.png,projects\outgame_navigator\0xEDEE1AD5\c1\composition.json,
outgame_navigator,0xEDEE1AD5,c2,mapped,0xEDEE1AD5/c2/00000,packages\outgame_navigator\0xEDEE1AD5\png\c2_00000_872x960_bc7.png,872,960,2,12,previews\outgame_navigator\0xEDEE1AD5_c2.png,projects\outgame_navigator\0xEDEE1AD5\c2\composition.json,
combat_portrait,0xEDF6551B,g00,mapped,0xEDF6551B/g00/00001,packages\combat_portrait\0xEDF6551B\png\g00_00001_572x572_bc7.png,572,572,1,2,previews\combat_portrait\0xEDF6551B_g00.png,projects\combat_portrait\0xEDF6551B\g00\composition.json,
combat_portrait,0xEDF8B339,g00,mapped,0xEDF8B339/g00/00001,packages\combat_portrait\0xEDF8B339\png\g00_00001_572x572_bc7.png,572,572,1,2,previews\combat_portrait\0xEDF8B339_g00.png,projects\combat_portrait\0xEDF8B339\g00\composition.json,
outgame_navigator,0xEE2C62C9,a1,mapped,0xEE2C62C9/a1/00000,packages\outgame_navigator\0xEE2C62C9\png\a1_00000_872x960_bc7.png,872,960,2,12,previews\outgame_navigator\0xEE2C62C9_a1.png,projects\outgame_navigator\0xEE2C62C9\a1\composition.json,
outgame_navigator,0xEE2C62C9,a2,mapped,0xEE2C62C9/a2/00000,packages\outgame_navigator\0xEE2C62C9\png\a2_00000_872x960_bc7.png,872,960,2,12,previews\outgame_navigator\0xEE2C62C9_a2.png,projects\outgame_navigator\0xEE2C62C9\a2\composition.json,
outgame_navigator,0xEE2C62C9,b1,mapped,0xEE2C62C9/b1/00000,packages\outgame_navigator\0xEE2C62C9\png\b1_00000_872x960_bc7.png,872,960,2,12,previews\outgame_navigator\0xEE2C62C9_b1.png,projects\outgame_navigator\0xEE2C62C9\b1\composition.json,
outgame_navigator,0xEE2C62C9,b2,mapped,0xEE2C62C9/b2/00000,packages\outgame_navigator\0xEE2C62C9\png\b2_00000_872x960_bc7.png,872,960,2,12,previews\outgame_navigator\0xEE2C62C9_b2.png,projects\outgame_navigator\0xEE2C62C9\b2\composition.json,
outgame_navigator,0xEE2C62C9,c1,mapped,0xEE2C62C9/c1/00000,packages\outgame_navigator\0xEE2C62C9\png\c1_00000_872x960_bc7.png,872,960,2,12,previews\outgame_navigator\0xEE2C62C9_c1.png,projects\outgame_navigator\0xEE2C62C9\c1\composition.json,
outgame_navigator,0xEE2C62C9,c2,mapped,0xEE2C62C9/c2/00000,packages\outgame_navigator\0xEE2C62C9\png\c2_00000_872x960_bc7.png,872,960,2,12,previews\outgame_navigator\0xEE2C62C9_c2.png,projects\outgame_navigator\0xEE2C62C9\c2\composition.json,
outgame_navigator,0xEE2C62C9,d1,mapped,0xEE2C62C9/d1/00000,packages\outgame_navigator\0xEE2C62C9\png\d1_00000_872x960_bc7.png,872,960,2,12,previews\outgame_navigator\0xEE2C62C9_d1.png,projects\outgame_navigator\0xEE2C62C9\d1\composition.json,
outgame_navigator,0xEE2C62C9,d2,mapped,0xEE2C62C9/d2/00000,packages\outgame_navigator\0xEE2C62C9\png\d2_00000_872x960_bc7.png,872,960,2,12,previews\outgame_navigator\0xEE2C62C9_d2.png,projects\outgame_navigator\0xEE2C62C9\d2\composition.json,
ingame_navigator,0xEF59E088,a1,mapped,0xEF59E088/a1/00000,packages\ingame_navigator\0xEF59E088\png\a1_00000_260x180_bc7.png,260,180,2,13,previews\ingame_navigator\0xEF59E088_a1.png,projects\ingame_navigator\0xEF59E088\a1\composition.json,
outgame_navigator,0xEF6E8690,a1,mapped,0xEF6E8690/a1/00000,packages\outgame_navigator\0xEF6E8690\png\a1_00000_872x960_bc7.png,872,960,2,36,previews\outgame_navigator\0xEF6E8690_a1.png,projects\outgame_navigator\0xEF6E8690\a1\composition.json,
outgame_navigator,0xEF6E8690,a2,mapped,0xEF6E8690/a2/00000,packages\outgame_navigator\0xEF6E8690\png\a2_00000_872x960_bc7.png,872,960,2,36,previews\outgame_navigator\0xEF6E8690_a2.png,projects\outgame_navigator\0xEF6E8690\a2\composition.json,
outgame_navigator,0xEF6E8690,a3,mapped,0xEF6E8690/a3/00000,packages\outgame_navigator\0xEF6E8690\png\a3_00000_872x960_bc7.png,872,960,2,36,previews\outgame_navigator\0xEF6E8690_a3.png,projects\outgame_navigator\0xEF6E8690\a3\composition.json,
outgame_navigator,0xEF6E8690,b1,mapped,0xEF6E8690/b1/00000,packages\outgame_navigator\0xEF6E8690\png\b1_00000_872x960_bc7.png,872,960,2,24,previews\outgame_navigator\0xEF6E8690_b1.png,projects\outgame_navigator\0xEF6E8690\b1\composition.json,
outgame_navigator,0xEF6E8690,b2,mapped,0xEF6E8690/b2/00000,packages\outgame_navigator\0xEF6E8690\png\b2_00000_872x960_bc7.png,872,960,2,24,previews\outgame_navigator\0xEF6E8690_b2.png,projects\outgame_navigator\0xEF6E8690\b2\composition.json,
outgame_navigator,0xEF6E8690,c1,mapped,0xEF6E8690/c1/00000,packages\outgame_navigator\0xEF6E8690\png\c1_00000_872x960_bc7.png,872,960,2,18,previews\outgame_navigator\0xEF6E8690_c1.png,projects\outgame_navigator\0xEF6E8690\c1\composition.json,
outgame_navigator,0xEF6E8690,c2,mapped,0xEF6E8690/c2/00000,packages\outgame_navigator\0xEF6E8690\png\c2_00000_872x960_bc7.png,872,960,2,18,previews\outgame_navigator\0xEF6E8690_c2.png,projects\outgame_navigator\0xEF6E8690\c2\composition.json,
outgame_navigator,0xEF6E8690,c3,mapped,0xEF6E8690/c3/00000,packages\outgame_navigator\0xEF6E8690\png\c3_00000_872x960_bc7.png,872,960,2,18,previews\outgame_navigator\0xEF6E8690_c3.png,projects\outgame_navigator\0xEF6E8690\c3\composition.json,
outgame_navigator,0xEF6E8690,d1,mapped,0xEF6E8690/d1/00000,packages\outgame_navigator\0xEF6E8690\png\d1_00000_872x960_bc7.png,872,960,2,18,previews\outgame_navigator\0xEF6E8690_d1.png,projects\outgame_navigator\0xEF6E8690\d1\composition.json,
outgame_navigator,0xEF6E8690,d2,mapped,0xEF6E8690/d2/00000,packages\outgame_navigator\0xEF6E8690\png\d2_00000_872x960_bc7.png,872,960,2,18,previews\outgame_navigator\0xEF6E8690_d2.png,projects\outgame_navigator\0xEF6E8690\d2\composition.json,
outgame_navigator,0xEF6E8690,d3,mapped,0xEF6E8690/d3/00000,packages\outgame_navigator\0xEF6E8690\png\d3_00000_872x960_bc7.png,872,960,2,18,previews\outgame_navigator\0xEF6E8690_d3.png,projects\outgame_navigator\0xEF6E8690\d3\composition.json,
ingame_navigator,0xF21BE3A0,a1,mapped,0xF21BE3A0/a1/00000,packages\ingame_navigator\0xF21BE3A0\png\a1_00000_260x180_bc7.png,260,180,2,21,previews\ingame_navigator\0xF21BE3A0_a1.png,projects\ingame_navigator\0xF21BE3A0\a1\composition.json,
combat_portrait,0xF26B3DC9,g00,mapped,0xF26B3DC9/g00/00001,packages\combat_portrait\0xF26B3DC9\png\g00_00001_572x572_bc7.png,572,572,1,2,previews\combat_portrait\0xF26B3DC9_g00.png,projects\combat_portrait\0xF26B3DC9\g00\composition.json,
combat_portrait,0xF273F881,g00,mapped,0xF273F881/g00/00001,packages\combat_portrait\0xF273F881\png\g00_00001_572x572_bc7.png,572,572,1,2,previews\combat_portrait\0xF273F881_g00.png,projects\combat_portrait\0xF273F881\g00\composition.json,
combat_portrait,0xF278E3BB,g00,mapped,0xF278E3BB/g00/00001,packages\combat_portrait\0xF278E3BB\png\g00_00001_572x572_bc7.png,572,572,1,2,previews\combat_portrait\0xF278E3BB_g00.png,projects\combat_portrait\0xF278E3BB\g00\composition.json,
combat_portrait,0xF27D1EA3,g00,mapped,0xF27D1EA3/g00/00001,packages\combat_portrait\0xF27D1EA3\png\g00_00001_572x572_bc7.png,572,572,1,2,previews\combat_portrait\0xF27D1EA3_g00.png,projects\combat_portrait\0xF27D1EA3\g00\composition.json,
combat_portrait,0xF34148D8,g00,mapped,0xF34148D8/g00/00001,packages\combat_portrait\0xF34148D8\png\g00_00001_572x572_bc7.png,572,572,1,2,previews\combat_portrait\0xF34148D8_g00.png,projects\combat_portrait\0xF34148D8\g00\composition.json,
combat_portrait,0xF3576BB2,g00,mapped,0xF3576BB2/g00/00001,packages\combat_portrait\0xF3576BB2\png\g00_00001_572x572_bc7.png,572,572,1,2,previews\combat_portrait\0xF3576BB2_g00.png,projects\combat_portrait\0xF3576BB2\g00\composition.json,
combat_portrait,0xF3598D90,g00,mapped,0xF3598D90/g00/00001,packages\combat_portrait\0xF3598D90\png\g00_00001_572x572_bc7.png,572,572,1,2,previews\combat_portrait\0xF3598D90_g00.png,projects\combat_portrait\0xF3598D90\g00\composition.json,
outgame_navigator,0xF35CBF05,a1,mapped,0xF35CBF05/a1/00000,packages\outgame_navigator\0xF35CBF05\png\a1_00000_872x960_bc7.png,872,960,2,18,previews\outgame_navigator\0xF35CBF05_a1.png,projects\outgame_navigator\0xF35CBF05\a1\composition.json,
outgame_navigator,0xF35CBF05,a2,mapped,0xF35CBF05/a2/00000,packages\outgame_navigator\0xF35CBF05\png\a2_00000_872x960_bc7.png,872,960,2,18,previews\outgame_navigator\0xF35CBF05_a2.png,projects\outgame_navigator\0xF35CBF05\a2\composition.json,
outgame_navigator,0xF35CBF05,a3,mapped,0xF35CBF05/a3/00000,packages\outgame_navigator\0xF35CBF05\png\a3_00000_872x960_bc7.png,872,960,2,18,previews\outgame_navigator\0xF35CBF05_a3.png,projects\outgame_navigator\0xF35CBF05\a3\composition.json,
outgame_navigator,0xF35CBF05,b1,mapped,0xF35CBF05/b1/00000,packages\outgame_navigator\0xF35CBF05\png\b1_00000_872x960_bc7.png,872,960,2,12,previews\outgame_navigator\0xF35CBF05_b1.png,projects\outgame_navigator\0xF35CBF05\b1\composition.json,
outgame_navigator,0xF35CBF05,b2,mapped,0xF35CBF05/b2/00000,packages\outgame_navigator\0xF35CBF05\png\b2_00000_872x960_bc7.png,872,960,2,12,previews\outgame_navigator\0xF35CBF05_b2.png,projects\outgame_navigator\0xF35CBF05\b2\composition.json,
outgame_navigator,0xF35CBF05,c1,mapped,0xF35CBF05/c1/00000,packages\outgame_navigator\0xF35CBF05\png\c1_00000_872x960_bc7.png,872,960,2,12,previews\outgame_navigator\0xF35CBF05_c1.png,projects\outgame_navigator\0xF35CBF05\c1\composition.json,
outgame_navigator,0xF35CBF05,c2,mapped,0xF35CBF05/c2/00000,packages\outgame_navigator\0xF35CBF05\png\c2_00000_872x960_bc7.png,872,960,2,12,previews\outgame_navigator\0xF35CBF05_c2.png,projects\outgame_navigator\0xF35CBF05\c2\composition.json,
combat_portrait,0xF3680700,g00,mapped,0xF3680700/g00/00001,packages\combat_portrait\0xF3680700\png\g00_00001_572x572_bc7.png,572,572,1,2,previews\combat_portrait\0xF3680700_g00.png,projects\combat_portrait\0xF3680700\g00\composition.json,
combat_portrait,0xF522B121,g00,mapped,0xF522B121/g00/00001,packages\combat_portrait\0xF522B121\png\g00_00001_572x572_bc7.png,572,572,1,2,previews\combat_portrait\0xF522B121_g00.png,projects\combat_portrait\0xF522B121\g00\composition.json,
combat_portrait,0xF68628BC,g00,mapped,0xF68628BC/g00/00001,packages\combat_portrait\0xF68628BC\png\g00_00001_572x572_bc7.png,572,572,1,2,previews\combat_portrait\0xF68628BC_g00.png,projects\combat_portrait\0xF68628BC\g00\composition.json,
combat_portrait,0xF68D3386,g00,mapped,0xF68D3386/g00/00001,packages\combat_portrait\0xF68D3386\png\g00_00001_572x572_bc7.png,572,572,1,2,previews\combat_portrait\0xF68D3386_g00.png,projects\combat_portrait\0xF68D3386\g00\composition.json,
combat_portrait,0xF6900BD6,g00,mapped,0xF6900BD6/g00/00001,packages\combat_portrait\0xF6900BD6\png\g00_00001_572x572_bc7.png,572,572,1,2,previews\combat_portrait\0xF6900BD6_g00.png,projects\combat_portrait\0xF6900BD6\g00\composition.json,
combat_portrait,0xF69EEDF4,g00,mapped,0xF69EEDF4/g00/00001,packages\combat_portrait\0xF69EEDF4\png\g00_00001_572x572_bc7.png,572,572,1,2,previews\combat_portrait\0xF69EEDF4_g00.png,projects\combat_portrait\0xF69EEDF4\g00\composition.json,
outgame_navigator,0xF6D08784,a1,mapped,0xF6D08784/a1/00000,packages\outgame_navigator\0xF6D08784\png\a1_00000_872x960_bc7.png,872,960,2,21,previews\outgame_navigator\0xF6D08784_a1.png,projects\outgame_navigator\0xF6D08784\a1\composition.json,
outgame_navigator,0xF6D08784,b1,mapped,0xF6D08784/b1/00000,packages\outgame_navigator\0xF6D08784\png\b1_00000_872x960_bc7.png,872,960,2,12,previews\outgame_navigator\0xF6D08784_b1.png,projects\outgame_navigator\0xF6D08784\b1\composition.json,
outgame_navigator,0xF6D08784,b2,mapped,0xF6D08784/b2/00000,packages\outgame_navigator\0xF6D08784\png\b2_00000_872x960_bc7.png,872,960,2,12,previews\outgame_navigator\0xF6D08784_b2.png,projects\outgame_navigator\0xF6D08784\b2\composition.json,
outgame_navigator,0xF6D08784,c1,mapped,0xF6D08784/c1/00000,packages\outgame_navigator\0xF6D08784\png\c1_00000_872x960_bc7.png,872,960,2,6,previews\outgame_navigator\0xF6D08784_c1.png,projects\outgame_navigator\0xF6D08784\c1\composition.json,
outgame_navigator,0xF6D08784,d1,mapped,0xF6D08784/d1/00000,packages\outgame_navigator\0xF6D08784\png\d1_00000_872x960_bc7.png,872,960,2,10,previews\outgame_navigator\0xF6D08784_d1.png,projects\outgame_navigator\0xF6D08784\d1\composition.json,
outgame_navigator,0xF6D08784,d2,mapped,0xF6D08784/d2/00000,packages\outgame_navigator\0xF6D08784\png\d2_00000_872x960_bc7.png,872,960,2,10,previews\outgame_navigator\0xF6D08784_d2.png,projects\outgame_navigator\0xF6D08784\d2\composition.json,
outgame_navigator,0xF6D08784,e1,mapped,0xF6D08784/e1/00000,packages\outgame_navigator\0xF6D08784\png\e1_00000_872x960_bc7.png,872,960,2,12,previews\outgame_navigator\0xF6D08784_e1.png,projects\outgame_navigator\0xF6D08784\e1\composition.json,
outgame_navigator,0xF6D08784,e2,mapped,0xF6D08784/e2/00000,packages\outgame_navigator\0xF6D08784\png\e2_00000_872x960_bc7.png,872,960,2,12,previews\outgame_navigator\0xF6D08784_e2.png,projects\outgame_navigator\0xF6D08784\e2\composition.json,
combat_portrait,0xF7413994,g00,mapped,0xF7413994/g00/00001,packages\combat_portrait\0xF7413994\png\g00_00001_572x572_bc7.png,572,572,1,2,previews\combat_portrait\0xF7413994_g00.png,projects\combat_portrait\0xF7413994\g00\composition.json,
outgame_navigator,0xF74A35BA,a1,mapped,0xF74A35BA/a1/00000,packages\outgame_navigator\0xF74A35BA\png\a1_00000_872x960_bc7.png,872,960,2,15,previews\outgame_navigator\0xF74A35BA_a1.png,projects\outgame_navigator\0xF74A35BA\a1\composition.json,
outgame_navigator,0xF74A35BA,a2,mapped,0xF74A35BA/a2/00000,packages\outgame_navigator\0xF74A35BA\png\a2_00000_872x960_bc7.png,872,960,2,15,previews\outgame_navigator\0xF74A35BA_a2.png,projects\outgame_navigator\0xF74A35BA\a2\composition.json,
outgame_navigator,0xF74A35BA,b1,mapped,0xF74A35BA/b1/00000,packages\outgame_navigator\0xF74A35BA\png\b1_00000_872x960_bc7.png,872,960,2,12,previews\outgame_navigator\0xF74A35BA_b1.png,projects\outgame_navigator\0xF74A35BA\b1\composition.json,
outgame_navigator,0xF74A35BA,b2,mapped,0xF74A35BA/b2/00000,packages\outgame_navigator\0xF74A35BA\png\b2_00000_872x960_bc7.png,872,960,2,12,previews\outgame_navigator\0xF74A35BA_b2.png,projects\outgame_navigator\0xF74A35BA\b2\composition.json,
outgame_navigator,0xF74A35BA,c1,mapped,0xF74A35BA/c1/00000,packages\outgame_navigator\0xF74A35BA\png\c1_00000_872x960_bc7.png,872,960,2,18,previews\outgame_navigator\0xF74A35BA_c1.png,projects\outgame_navigator\0xF74A35BA\c1\composition.json,
outgame_navigator,0xF74A35BA,c2,mapped,0xF74A35BA/c2/00000,packages\outgame_navigator\0xF74A35BA\png\c2_00000_872x960_bc7.png,872,960,2,18,previews\outgame_navigator\0xF74A35BA_c2.png,projects\outgame_navigator\0xF74A35BA\c2\composition.json,
outgame_navigator,0xF74A35BA,d1,mapped,0xF74A35BA/d1/00000,packages\outgame_navigator\0xF74A35BA\png\d1_00000_872x960_bc7.png,872,960,2,18,previews\outgame_navigator\0xF74A35BA_d1.png,projects\outgame_navigator\0xF74A35BA\d1\composition.json,
outgame_navigator,0xF74A35BA,d2,mapped,0xF74A35BA/d2/00000,packages\outgame_navigator\0xF74A35BA\png\d2_00000_872x960_bc7.png,872,960,2,18,previews\outgame_navigator\0xF74A35BA_d2.png,projects\outgame_navigator\0xF74A35BA\d2\composition.json,
outgame_navigator,0xF78D4277,a1,mapped,0xF78D4277/a1/00000,packages\outgame_navigator\0xF78D4277\png\a1_00000_872x960_bc7.png,872,960,2,18,previews\outgame_navigator\0xF78D4277_a1.png,projects\outgame_navigator\0xF78D4277\a1\composition.json,
outgame_navigator,0xF78D4277,a2,mapped,0xF78D4277/a2/00000,packages\outgame_navigator\0xF78D4277\png\a2_00000_872x960_bc7.png,872,960,2,18,previews\outgame_navigator\0xF78D4277_a2.png,projects\outgame_navigator\0xF78D4277\a2\composition.json,
outgame_navigator,0xF78D4277,d1,mapped,0xF78D4277/d1/00000,packages\outgame_navigator\0xF78D4277\png\d1_00000_872x960_bc7.png,872,960,2,12,previews\outgame_navigator\0xF78D4277_d1.png,projects\outgame_navigator\0xF78D4277\d1\composition.json,
outgame_navigator,0xF78D4277,d2,mapped,0xF78D4277/d2/00000,packages\outgame_navigator\0xF78D4277\png\d2_00000_872x960_bc7.png,872,960,2,12,previews\outgame_navigator\0xF78D4277_d2.png,projects\outgame_navigator\0xF78D4277\d2\composition.json,
combat_portrait,0xF79DD73D,g00,mapped,0xF79DD73D/g00/00001,packages\combat_portrait\0xF79DD73D\png\g00_00001_572x572_bc7.png,572,572,1,2,previews\combat_portrait\0xF79DD73D_g00.png,projects\combat_portrait\0xF79DD73D\g00\composition.json,
combat_portrait,0xF7A2BB8F,g00,mapped,0xF7A2BB8F/g00/00001,packages\combat_portrait\0xF7A2BB8F\png\g00_00001_572x572_bc7.png,572,572,1,2,previews\combat_portrait\0xF7A2BB8F_g00.png,projects\combat_portrait\0xF7A2BB8F\g00\composition.json,
combat_portrait,0xF7B498E5,g00,mapped,0xF7B498E5/g00/00001,packages\combat_portrait\0xF7B498E5\png\g00_00001_572x572_bc7.png,572,572,1,2,previews\combat_portrait\0xF7B498E5_g00.png,projects\combat_portrait\0xF7B498E5\g00\composition.json,
outgame_navigator,0xF8812363,a1,mapped,0xF8812363/a1/00000,packages\outgame_navigator\0xF8812363\png\a1_00000_872x960_bc7.png,872,960,2,24,previews\outgame_navigator\0xF8812363_a1.png,projects\outgame_navigator\0xF8812363\a1\composition.json,
outgame_navigator,0xF8812363,a2,mapped,0xF8812363/a2/00000,packages\outgame_navigator\0xF8812363\png\a2_00000_872x960_bc7.png,872,960,2,24,previews\outgame_navigator\0xF8812363_a2.png,projects\outgame_navigator\0xF8812363\a2\composition.json,
outgame_navigator,0xF8812363,b1,mapped,0xF8812363/b1/00000,packages\outgame_navigator\0xF8812363\png\b1_00000_872x960_bc7.png,872,960,2,27,previews\outgame_navigator\0xF8812363_b1.png,projects\outgame_navigator\0xF8812363\b1\composition.json,
outgame_navigator,0xF8812363,b2,mapped,0xF8812363/b2/00000,packages\outgame_navigator\0xF8812363\png\b2_00000_872x960_bc7.png,872,960,2,27,previews\outgame_navigator\0xF8812363_b2.png,projects\outgame_navigator\0xF8812363\b2\composition.json,
outgame_navigator,0xF8812363,b3,mapped,0xF8812363/b3/00000,packages\outgame_navigator\0xF8812363\png\b3_00000_872x960_bc7.png,872,960,2,27,previews\outgame_navigator\0xF8812363_b3.png,projects\outgame_navigator\0xF8812363\b3\composition.json,
outgame_navigator,0xF8812363,c1,mapped,0xF8812363/c1/00000,packages\outgame_navigator\0xF8812363\png\c1_00000_872x960_bc7.png,872,960,2,15,previews\outgame_navigator\0xF8812363_c1.png,projects\outgame_navigator\0xF8812363\c1\composition.json,
combat_portrait,0xF90E852B,g00,mapped,0xF90E852B/g00/00001,packages\combat_portrait\0xF90E852B\png\g00_00001_572x572_bc7.png,572,572,1,2,previews\combat_portrait\0xF90E852B_g00.png,projects\combat_portrait\0xF90E852B\g00\composition.json,
combat_portrait,0xF91DAF4D,g00,mapped,0xF91DAF4D/g00/00001,packages\combat_portrait\0xF91DAF4D\png\g00_00001_572x572_bc7.png,572,572,1,2,previews\combat_portrait\0xF91DAF4D_g00.png,projects\combat_portrait\0xF91DAF4D\g00\composition.json,
outgame_navigator,0xFAB4E80A,a1,mapped,0xFAB4E80A/a1/00000,packages\outgame_navigator\0xFAB4E80A\png\a1_00000_872x960_bc7.png,872,960,2,18,previews\outgame_navigator\0xFAB4E80A_a1.png,projects\outgame_navigator\0xFAB4E80A\a1\composition.json,
outgame_navigator,0xFAB4E80A,a2,mapped,0xFAB4E80A/a2/00000,packages\outgame_navigator\0xFAB4E80A\png\a2_00000_872x960_bc7.png,872,960,2,18,previews\outgame_navigator\0xFAB4E80A_a2.png,projects\outgame_navigator\0xFAB4E80A\a2\composition.json,
outgame_navigator,0xFAB4E80A,b1,mapped,0xFAB4E80A/b1/00000,packages\outgame_navigator\0xFAB4E80A\png\b1_00000_872x960_bc7.png,872,960,2,12,previews\outgame_navigator\0xFAB4E80A_b1.png,projects\outgame_navigator\0xFAB4E80A\b1\composition.json,
outgame_navigator,0xFAB4E80A,b2,mapped,0xFAB4E80A/b2/00000,packages\outgame_navigator\0xFAB4E80A\png\b2_00000_872x960_bc7.png,872,960,2,12,previews\outgame_navigator\0xFAB4E80A_b2.png,projects\outgame_navigator\0xFAB4E80A\b2\composition.json,
outgame_navigator,0xFAB4E80A,c1,mapped,0xFAB4E80A/c1/00000,packages\outgame_navigator\0xFAB4E80A\png\c1_00000_872x960_bc7.png,872,960,2,12,previews\outgame_navigator\0xFAB4E80A_c1.png,projects\outgame_navigator\0xFAB4E80A\c1\composition.json,
outgame_navigator,0xFAB4E80A,c2,mapped,0xFAB4E80A/c2/00000,packages\outgame_navigator\0xFAB4E80A\png\c2_00000_872x960_bc7.png,872,960,2,12,previews\outgame_navigator\0xFAB4E80A_c2.png,projects\outgame_navigator\0xFAB4E80A\c2\composition.json,
outgame_navigator,0xFAB4E80A,d1,mapped,0xFAB4E80A/d1/00000,packages\outgame_navigator\0xFAB4E80A\png\d1_00000_872x960_bc7.png,872,960,2,6,previews\outgame_navigator\0xFAB4E80A_d1.png,projects\outgame_navigator\0xFAB4E80A\d1\composition.json,
outgame_navigator,0xFB1BE598,a1,mapped,0xFB1BE598/a1/00000,packages\outgame_navigator\0xFB1BE598\png\a1_00000_872x960_bc7.png,872,960,2,24,previews\outgame_navigator\0xFB1BE598_a1.png,projects\outgame_navigator\0xFB1BE598\a1\composition.json,
outgame_navigator,0xFB1BE598,a2,mapped,0xFB1BE598/a2/00000,packages\outgame_navigator\0xFB1BE598\png\a2_00000_872x960_bc7.png,872,960,2,24,previews\outgame_navigator\0xFB1BE598_a2.png,projects\outgame_navigator\0xFB1BE598\a2\composition.json,
outgame_navigator,0xFB1BE598,b1,mapped,0xFB1BE598/b1/00000,packages\outgame_navigator\0xFB1BE598\png\b1_00000_872x960_bc7.png,872,960,2,24,previews\outgame_navigator\0xFB1BE598_b1.png,projects\outgame_navigator\0xFB1BE598\b1\composition.json,
outgame_navigator,0xFB1BE598,b2,mapped,0xFB1BE598/b2/00000,packages\outgame_navigator\0xFB1BE598\png\b2_00000_872x960_bc7.png,872,960,2,24,previews\outgame_navigator\0xFB1BE598_b2.png,projects\outgame_navigator\0xFB1BE598\b2\composition.json,
outgame_navigator,0xFB1BE598,c1,mapped,0xFB1BE598/c1/00000,packages\outgame_navigator\0xFB1BE598\png\c1_00000_872x960_bc7.png,872,960,2,18,previews\outgame_navigator\0xFB1BE598_c1.png,projects\outgame_navigator\0xFB1BE598\c1\composition.json,
outgame_navigator,0xFB1BE598,c2,mapped,0xFB1BE598/c2/00000,packages\outgame_navigator\0xFB1BE598\png\c2_00000_872x960_bc7.png,872,960,2,18,previews\outgame_navigator\0xFB1BE598_c2.png,projects\outgame_navigator\0xFB1BE598\c2\composition.json,
combat_portrait,0xFB9343C1,g00,mapped,0xFB9343C1/g00/00001,packages\combat_portrait\0xFB9343C1\png\g00_00001_572x572_bc7.png,572,572,2,4,previews\combat_portrait\0xFB9343C1_g00.png,projects\combat_portrait\0xFB9343C1\g00\composition.json,
combat_portrait,0xFB96BED9,g00,mapped,0xFB96BED9/g00/00001,packages\combat_portrait\0xFB96BED9\png\g00_00001_572x572_bc7.png,572,572,1,2,previews\combat_portrait\0xFB96BED9_g00.png,projects\combat_portrait\0xFB96BED9\g00\composition.json,
combat_portrait,0xFB9858FB,g00,mapped,0xFB9858FB/g00/00001,packages\combat_portrait\0xFB9858FB\png\g00_00001_572x572_bc7.png,572,572,1,2,previews\combat_portrait\0xFB9858FB_g00.png,projects\combat_portrait\0xFB9858FB\g00\composition.json,
combat_portrait,0xFBA73449,g00,mapped,0xFBA73449/g00/00001,packages\combat_portrait\0xFBA73449\png\g00_00001_572x572_bc7.png,572,572,1,2,previews\combat_portrait\0xFBA73449_g00.png,projects\combat_portrait\0xFBA73449\g00\composition.json,
combat_portrait,0xFCDFC625,g00,mapped,0xFCDFC625/g00/00001,packages\combat_portrait\0xFCDFC625\png\g00_00001_572x572_bc7.png,572,572,1,2,previews\combat_portrait\0xFCDFC625_g00.png,projects\combat_portrait\0xFCDFC625\g00\composition.json,
outgame_navigator,0xFDE18B64,a1,mapped,0xFDE18B64/a1/00000,packages\outgame_navigator\0xFDE18B64\png\a1_00000_872x960_bc7.png,872,960,2,18,previews\outgame_navigator\0xFDE18B64_a1.png,projects\outgame_navigator\0xFDE18B64\a1\composition.json,
outgame_navigator,0xFDE18B64,a2,mapped,0xFDE18B64/a2/00000,packages\outgame_navigator\0xFDE18B64\png\a2_00000_872x960_bc7.png,872,960,2,18,previews\outgame_navigator\0xFDE18B64_a2.png,projects\outgame_navigator\0xFDE18B64\a2\composition.json,
outgame_navigator,0xFDE18B64,b1,mapped,0xFDE18B64/b1/00000,packages\outgame_navigator\0xFDE18B64\png\b1_00000_872x960_bc7.png,872,960,2,12,previews\outgame_navigator\0xFDE18B64_b1.png,projects\outgame_navigator\0xFDE18B64\b1\composition.json,
outgame_navigator,0xFDE18B64,b2,mapped,0xFDE18B64/b2/00000,packages\outgame_navigator\0xFDE18B64\png\b2_00000_872x960_bc7.png,872,960,2,12,previews\outgame_navigator\0xFDE18B64_b2.png,projects\outgame_navigator\0xFDE18B64\b2\composition.json,
outgame_navigator,0xFDE18B64,c1,mapped,0xFDE18B64/c1/00000,packages\outgame_navigator\0xFDE18B64\png\c1_00000_872x960_bc7.png,872,960,2,9,previews\outgame_navigator\0xFDE18B64_c1.png,projects\outgame_navigator\0xFDE18B64\c1\composition.json,
outgame_navigator,0xFDE18B64,c2,mapped,0xFDE18B64/c2/00000,packages\outgame_navigator\0xFDE18B64\png\c2_00000_872x960_bc7.png,872,960,2,9,previews\outgame_navigator\0xFDE18B64_c2.png,projects\outgame_navigator\0xFDE18B64\c2\composition.json,
outgame_navigator,0xFDE18B64,d1,mapped,0xFDE18B64/d1/00000,packages\outgame_navigator\0xFDE18B64\png\d1_00000_872x960_bc7.png,872,960,2,6,previews\outgame_navigator\0xFDE18B64_d1.png,projects\outgame_navigator\0xFDE18B64\d1\composition.json,
combat_portrait,0xFF52E474,g00,mapped,0xFF52E474/g00/00001,packages\combat_portrait\0xFF52E474\png\g00_00001_572x572_bc7.png,572,572,1,2,previews\combat_portrait\0xFF52E474_g00.png,projects\combat_portrait\0xFF52E474\g00\composition.json,
